Timestamp,City,AQI
01-01-2021,Delhi,256.55
02-01-2021,Delhi,196.34
03-01-2021,Delhi,277.2
04-01-2021,Delhi,286.02
05-01-2021,Delhi,156.14
06-01-2021,Delhi,185.55
07-01-2021,Delhi,250.1
08-01-2021,Delhi,230.3
09-01-2021,Delhi,243.92
10-01-2021,Delhi,206.43
11-01-2021,Delhi,284.5
12-01-2021,Delhi,280.01
13-01-2021,Delhi,248.05
14-01-2021,Delhi,295.84
15-01-2021,Delhi,266.18
16-01-2021,Delhi,206.47
17-01-2021,Delhi,261.71
18-01-2021,Delhi,201.92
19-01-2021,Delhi,284.53
20-01-2021,Delhi,242.67
21-01-2021,Delhi,236.48
22-01-2021,Delhi,214.03
23-01-2021,Delhi,299.53
24-01-2021,Delhi,237.38
25-01-2021,Delhi,224.86
26-01-2021,Delhi,228.07
27-01-2021,Delhi,267.62
28-01-2021,Delhi,259.85
29-01-2021,Delhi,261.69
30-01-2021,Delhi,262.19
31-01-2021,Delhi,338.85
01-02-2021,Delhi,223.84
02-02-2021,Delhi,218.7
03-02-2021,Delhi,204.74
04-02-2021,Delhi,268.66
05-02-2021,Delhi,291.31
06-02-2021,Delhi,234.93
07-02-2021,Delhi,201.77
08-02-2021,Delhi,201.98
09-02-2021,Delhi,267.84
10-02-2021,Delhi,271.47
11-02-2021,Delhi,261.91
12-02-2021,Delhi,206.94
13-02-2021,Delhi,246.74
14-02-2021,Delhi,240.92
15-02-2021,Delhi,244.88
16-02-2021,Delhi,273.59
17-02-2021,Delhi,243.77
18-02-2021,Delhi,263.56
19-02-2021,Delhi,235.34
20-02-2021,Delhi,244.58
21-02-2021,Delhi,259.23
22-02-2021,Delhi,164.49
23-02-2021,Delhi,214.89
24-02-2021,Delhi,207.31
25-02-2021,Delhi,198.91
26-02-2021,Delhi,214.44
27-02-2021,Delhi,293.24
28-02-2021,Delhi,186.14
01-03-2021,Delhi,267.79
02-03-2021,Delhi,147.59
03-03-2021,Delhi,207.33
04-03-2021,Delhi,228.8
05-03-2021,Delhi,246.91
06-03-2021,Delhi,251.57
07-03-2021,Delhi,254.29
08-03-2021,Delhi,201.91
09-03-2021,Delhi,195.79
10-03-2021,Delhi,254.19
11-03-2021,Delhi,205.94
12-03-2021,Delhi,156.1
13-03-2021,Delhi,161.46
14-03-2021,Delhi,170.01
15-03-2021,Delhi,232.68
16-03-2021,Delhi,215.62
17-03-2021,Delhi,239.18
18-03-2021,Delhi,187.77
19-03-2021,Delhi,213.01
20-03-2021,Delhi,232.89
21-03-2021,Delhi,189.67
22-03-2021,Delhi,222.99
23-03-2021,Delhi,171.48
24-03-2021,Delhi,183.76
25-03-2021,Delhi,181.74
26-03-2021,Delhi,143.91
27-03-2021,Delhi,218.44
28-03-2021,Delhi,174.2
29-03-2021,Delhi,194.67
30-03-2021,Delhi,214.52
31-03-2021,Delhi,211.75
01-04-2021,Delhi,220.37
02-04-2021,Delhi,184.76
03-04-2021,Delhi,168.9
04-04-2021,Delhi,183.11
05-04-2021,Delhi,109.51
06-04-2021,Delhi,119.07
07-04-2021,Delhi,123.4
08-04-2021,Delhi,136.78
09-04-2021,Delhi,198.38
10-04-2021,Delhi,138.37
11-04-2021,Delhi,160.83
12-04-2021,Delhi,235.03
13-04-2021,Delhi,159.26
14-04-2021,Delhi,207.2
15-04-2021,Delhi,130.72
16-04-2021,Delhi,162.21
17-04-2021,Delhi,127.42
18-04-2021,Delhi,153.64
19-04-2021,Delhi,205.43
20-04-2021,Delhi,88.61
21-04-2021,Delhi,184.61
22-04-2021,Delhi,174.48
23-04-2021,Delhi,135.77
24-04-2021,Delhi,96.17
25-04-2021,Delhi,163.22
26-04-2021,Delhi,134.88
27-04-2021,Delhi,167.92
28-04-2021,Delhi,157.18
29-04-2021,Delhi,227.02
30-04-2021,Delhi,142.92
01-05-2021,Delhi,106.39
02-05-2021,Delhi,159.28
03-05-2021,Delhi,159.88
04-05-2021,Delhi,209.92
05-05-2021,Delhi,185.12
06-05-2021,Delhi,162.39
07-05-2021,Delhi,210.98
08-05-2021,Delhi,90.44
09-05-2021,Delhi,113.96
10-05-2021,Delhi,99.87
11-05-2021,Delhi,122.86
12-05-2021,Delhi,77.29
13-05-2021,Delhi,166.67
14-05-2021,Delhi,126.94
15-05-2021,Delhi,69.63
16-05-2021,Delhi,88.99
17-05-2021,Delhi,147.69
18-05-2021,Delhi,170.2
19-05-2021,Delhi,221.25
20-05-2021,Delhi,261.44
21-05-2021,Delhi,147.9
22-05-2021,Delhi,83.68
23-05-2021,Delhi,31.22
24-05-2021,Delhi,138.19
25-05-2021,Delhi,88.55
26-05-2021,Delhi,105.44
27-05-2021,Delhi,95.6
28-05-2021,Delhi,115.84
29-05-2021,Delhi,169.19
30-05-2021,Delhi,127.35
31-05-2021,Delhi,112.22
01-06-2021,Delhi,71.84
02-06-2021,Delhi,42.19
03-06-2021,Delhi,94.79
04-06-2021,Delhi,113.39
05-06-2021,Delhi,194.53
06-06-2021,Delhi,120.0
07-06-2021,Delhi,157.55
08-06-2021,Delhi,90.07
09-06-2021,Delhi,58.44
10-06-2021,Delhi,67.57
11-06-2021,Delhi,77.62
12-06-2021,Delhi,205.32
13-06-2021,Delhi,71.87
14-06-2021,Delhi,145.88
15-06-2021,Delhi,66.85
16-06-2021,Delhi,148.75
17-06-2021,Delhi,123.52
18-06-2021,Delhi,98.54
19-06-2021,Delhi,103.17
20-06-2021,Delhi,74.96
21-06-2021,Delhi,123.95
22-06-2021,Delhi,82.87
23-06-2021,Delhi,47.69
24-06-2021,Delhi,44.84
25-06-2021,Delhi,109.65
26-06-2021,Delhi,172.49
27-06-2021,Delhi,108.2
28-06-2021,Delhi,95.26
29-06-2021,Delhi,113.07
30-06-2021,Delhi,158.62
01-07-2021,Delhi,109.38
02-07-2021,Delhi,80.69
03-07-2021,Delhi,148.66
04-07-2021,Delhi,117.9
05-07-2021,Delhi,167.45
06-07-2021,Delhi,106.35
07-07-2021,Delhi,42.79
08-07-2021,Delhi,36.14
09-07-2021,Delhi,171.83
10-07-2021,Delhi,174.95
11-07-2021,Delhi,89.18
12-07-2021,Delhi,79.91
13-07-2021,Delhi,162.84
14-07-2021,Delhi,47.2
15-07-2021,Delhi,56.72
16-07-2021,Delhi,125.91
17-07-2021,Delhi,79.21
18-07-2021,Delhi,96.77
19-07-2021,Delhi,89.7
20-07-2021,Delhi,112.32
21-07-2021,Delhi,160.56
22-07-2021,Delhi,101.42
23-07-2021,Delhi,126.46
24-07-2021,Delhi,10.0
25-07-2021,Delhi,95.63
26-07-2021,Delhi,60.09
27-07-2021,Delhi,43.41
28-07-2021,Delhi,58.99
29-07-2021,Delhi,83.75
30-07-2021,Delhi,140.29
31-07-2021,Delhi,39.7
01-08-2021,Delhi,101.11
02-08-2021,Delhi,78.3
03-08-2021,Delhi,85.72
04-08-2021,Delhi,145.99
05-08-2021,Delhi,125.5
06-08-2021,Delhi,161.91
07-08-2021,Delhi,95.24
08-08-2021,Delhi,71.36
09-08-2021,Delhi,93.11
10-08-2021,Delhi,114.62
11-08-2021,Delhi,112.2
12-08-2021,Delhi,56.02
13-08-2021,Delhi,109.48
14-08-2021,Delhi,116.28
15-08-2021,Delhi,219.92
16-08-2021,Delhi,191.74
17-08-2021,Delhi,69.55
18-08-2021,Delhi,95.69
19-08-2021,Delhi,43.47
20-08-2021,Delhi,83.46
21-08-2021,Delhi,124.99
22-08-2021,Delhi,165.8
23-08-2021,Delhi,79.51
24-08-2021,Delhi,83.67
25-08-2021,Delhi,17.29
26-08-2021,Delhi,107.42
27-08-2021,Delhi,67.78
28-08-2021,Delhi,92.62
29-08-2021,Delhi,77.87
30-08-2021,Delhi,113.98
31-08-2021,Delhi,40.03
01-09-2021,Delhi,54.04
02-09-2021,Delhi,216.81
03-09-2021,Delhi,64.02
04-09-2021,Delhi,73.57
05-09-2021,Delhi,206.57
06-09-2021,Delhi,255.64
07-09-2021,Delhi,73.21
08-09-2021,Delhi,110.38
09-09-2021,Delhi,143.37
10-09-2021,Delhi,206.84
11-09-2021,Delhi,85.71
12-09-2021,Delhi,120.16
13-09-2021,Delhi,167.27
14-09-2021,Delhi,152.96
15-09-2021,Delhi,117.59
16-09-2021,Delhi,129.62
17-09-2021,Delhi,74.91
18-09-2021,Delhi,127.21
19-09-2021,Delhi,127.1
20-09-2021,Delhi,150.7
21-09-2021,Delhi,116.44
22-09-2021,Delhi,163.84
23-09-2021,Delhi,189.39
24-09-2021,Delhi,152.02
25-09-2021,Delhi,162.07
26-09-2021,Delhi,149.85
27-09-2021,Delhi,148.69
28-09-2021,Delhi,117.45
29-09-2021,Delhi,165.41
30-09-2021,Delhi,148.04
01-10-2021,Delhi,247.86
02-10-2021,Delhi,225.73
03-10-2021,Delhi,173.56
04-10-2021,Delhi,123.13
05-10-2021,Delhi,108.68
06-10-2021,Delhi,213.62
07-10-2021,Delhi,173.13
08-10-2021,Delhi,184.2
09-10-2021,Delhi,85.37
10-10-2021,Delhi,206.91
11-10-2021,Delhi,186.92
12-10-2021,Delhi,117.79
13-10-2021,Delhi,147.84
14-10-2021,Delhi,182.23
15-10-2021,Delhi,174.02
16-10-2021,Delhi,159.81
17-10-2021,Delhi,169.6
18-10-2021,Delhi,164.22
19-10-2021,Delhi,183.72
20-10-2021,Delhi,244.37
21-10-2021,Delhi,63.95
22-10-2021,Delhi,170.09
23-10-2021,Delhi,189.98
24-10-2021,Delhi,196.65
25-10-2021,Delhi,167.88
26-10-2021,Delhi,106.85
27-10-2021,Delhi,201.94
28-10-2021,Delhi,266.18
29-10-2021,Delhi,120.7
30-10-2021,Delhi,229.86
31-10-2021,Delhi,177.46
01-11-2021,Delhi,190.74
02-11-2021,Delhi,147.37
03-11-2021,Delhi,180.94
04-11-2021,Delhi,255.73
05-11-2021,Delhi,224.67
06-11-2021,Delhi,277.63
07-11-2021,Delhi,253.87
08-11-2021,Delhi,221.85
09-11-2021,Delhi,281.76
10-11-2021,Delhi,224.23
11-11-2021,Delhi,242.91
12-11-2021,Delhi,193.47
13-11-2021,Delhi,210.97
14-11-2021,Delhi,177.74
15-11-2021,Delhi,254.79
16-11-2021,Delhi,158.36
17-11-2021,Delhi,247.71
18-11-2021,Delhi,205.02
19-11-2021,Delhi,267.4
20-11-2021,Delhi,249.56
21-11-2021,Delhi,298.77
22-11-2021,Delhi,250.78
23-11-2021,Delhi,148.19
24-11-2021,Delhi,216.95
25-11-2021,Delhi,168.23
26-11-2021,Delhi,198.65
27-11-2021,Delhi,290.96
28-11-2021,Delhi,252.61
29-11-2021,Delhi,193.43
30-11-2021,Delhi,180.2
01-12-2021,Delhi,228.22
02-12-2021,Delhi,172.91
03-12-2021,Delhi,198.34
04-12-2021,Delhi,243.46
05-12-2021,Delhi,282.27
06-12-2021,Delhi,258.51
07-12-2021,Delhi,128.84
08-12-2021,Delhi,246.45
09-12-2021,Delhi,236.78
10-12-2021,Delhi,252.94
11-12-2021,Delhi,307.8
12-12-2021,Delhi,142.96
13-12-2021,Delhi,209.92
14-12-2021,Delhi,263.81
15-12-2021,Delhi,166.73
16-12-2021,Delhi,304.98
17-12-2021,Delhi,255.78
18-12-2021,Delhi,277.92
19-12-2021,Delhi,214.74
20-12-2021,Delhi,277.63
21-12-2021,Delhi,289.66
22-12-2021,Delhi,252.6
23-12-2021,Delhi,253.19
24-12-2021,Delhi,255.31
25-12-2021,Delhi,204.77
26-12-2021,Delhi,237.45
27-12-2021,Delhi,237.66
28-12-2021,Delhi,262.2
29-12-2021,Delhi,290.33
30-12-2021,Delhi,198.08
31-12-2021,Delhi,240.45
01-01-2022,Delhi,313.15
02-01-2022,Delhi,213.33
03-01-2022,Delhi,210.08
04-01-2022,Delhi,256.45
05-01-2022,Delhi,285.58
06-01-2022,Delhi,248.32
07-01-2022,Delhi,307.8
08-01-2022,Delhi,286.73
09-01-2022,Delhi,286.21
10-01-2022,Delhi,273.4
11-01-2022,Delhi,353.32
12-01-2022,Delhi,239.43
13-01-2022,Delhi,158.57
14-01-2022,Delhi,320.96
15-01-2022,Delhi,228.19
16-01-2022,Delhi,253.64
17-01-2022,Delhi,307.7
18-01-2022,Delhi,176.62
19-01-2022,Delhi,192.33
20-01-2022,Delhi,176.51
21-01-2022,Delhi,212.71
22-01-2022,Delhi,268.1
23-01-2022,Delhi,271.75
24-01-2022,Delhi,260.42
25-01-2022,Delhi,184.21
26-01-2022,Delhi,143.61
27-01-2022,Delhi,249.76
28-01-2022,Delhi,225.82
29-01-2022,Delhi,267.44
30-01-2022,Delhi,278.04
31-01-2022,Delhi,252.35
01-02-2022,Delhi,279.98
02-02-2022,Delhi,255.72
03-02-2022,Delhi,268.86
04-02-2022,Delhi,212.88
05-02-2022,Delhi,236.08
06-02-2022,Delhi,252.56
07-02-2022,Delhi,280.15
08-02-2022,Delhi,225.01
09-02-2022,Delhi,265.66
10-02-2022,Delhi,229.71
11-02-2022,Delhi,235.83
12-02-2022,Delhi,277.87
13-02-2022,Delhi,150.25
14-02-2022,Delhi,180.98
15-02-2022,Delhi,171.99
16-02-2022,Delhi,133.02
17-02-2022,Delhi,206.83
18-02-2022,Delhi,270.39
19-02-2022,Delhi,223.13
20-02-2022,Delhi,244.12
21-02-2022,Delhi,283.49
22-02-2022,Delhi,293.45
23-02-2022,Delhi,229.81
24-02-2022,Delhi,293.04
25-02-2022,Delhi,235.45
26-02-2022,Delhi,192.79
27-02-2022,Delhi,202.87
28-02-2022,Delhi,162.13
01-03-2022,Delhi,187.9
02-03-2022,Delhi,210.86
03-03-2022,Delhi,262.21
04-03-2022,Delhi,302.56
05-03-2022,Delhi,161.98
06-03-2022,Delhi,240.89
07-03-2022,Delhi,175.42
08-03-2022,Delhi,242.61
09-03-2022,Delhi,214.35
10-03-2022,Delhi,136.84
11-03-2022,Delhi,259.98
12-03-2022,Delhi,189.93
13-03-2022,Delhi,192.08
14-03-2022,Delhi,166.9
15-03-2022,Delhi,184.51
16-03-2022,Delhi,232.12
17-03-2022,Delhi,203.24
18-03-2022,Delhi,225.44
19-03-2022,Delhi,225.81
20-03-2022,Delhi,267.82
21-03-2022,Delhi,191.82
22-03-2022,Delhi,139.63
23-03-2022,Delhi,252.95
24-03-2022,Delhi,188.83
25-03-2022,Delhi,252.72
26-03-2022,Delhi,218.63
27-03-2022,Delhi,194.28
28-03-2022,Delhi,214.67
29-03-2022,Delhi,285.55
30-03-2022,Delhi,290.0
31-03-2022,Delhi,198.43
01-04-2022,Delhi,201.29
02-04-2022,Delhi,241.27
03-04-2022,Delhi,153.54
04-04-2022,Delhi,205.34
05-04-2022,Delhi,187.93
06-04-2022,Delhi,201.96
07-04-2022,Delhi,149.07
08-04-2022,Delhi,113.78
09-04-2022,Delhi,90.76
10-04-2022,Delhi,132.49
11-04-2022,Delhi,160.85
12-04-2022,Delhi,167.03
13-04-2022,Delhi,266.12
14-04-2022,Delhi,227.43
15-04-2022,Delhi,133.09
16-04-2022,Delhi,190.75
17-04-2022,Delhi,155.5
18-04-2022,Delhi,159.75
19-04-2022,Delhi,179.6
20-04-2022,Delhi,197.85
21-04-2022,Delhi,153.44
22-04-2022,Delhi,215.31
23-04-2022,Delhi,114.77
24-04-2022,Delhi,165.18
25-04-2022,Delhi,280.52
26-04-2022,Delhi,172.4
27-04-2022,Delhi,225.59
28-04-2022,Delhi,163.96
29-04-2022,Delhi,184.73
30-04-2022,Delhi,154.79
01-05-2022,Delhi,148.43
02-05-2022,Delhi,119.79
03-05-2022,Delhi,173.0
04-05-2022,Delhi,114.09
05-05-2022,Delhi,181.14
06-05-2022,Delhi,198.82
07-05-2022,Delhi,165.27
08-05-2022,Delhi,134.7
09-05-2022,Delhi,166.82
10-05-2022,Delhi,131.33
11-05-2022,Delhi,186.15
12-05-2022,Delhi,60.47
13-05-2022,Delhi,126.63
14-05-2022,Delhi,51.01
15-05-2022,Delhi,72.18
16-05-2022,Delhi,199.71
17-05-2022,Delhi,177.51
18-05-2022,Delhi,103.76
19-05-2022,Delhi,67.43
20-05-2022,Delhi,10.0
21-05-2022,Delhi,108.45
22-05-2022,Delhi,240.77
23-05-2022,Delhi,150.39
24-05-2022,Delhi,104.61
25-05-2022,Delhi,149.71
26-05-2022,Delhi,57.54
27-05-2022,Delhi,113.42
28-05-2022,Delhi,130.3
29-05-2022,Delhi,121.0
30-05-2022,Delhi,159.52
31-05-2022,Delhi,138.52
01-06-2022,Delhi,152.17
02-06-2022,Delhi,90.23
03-06-2022,Delhi,160.73
04-06-2022,Delhi,192.77
05-06-2022,Delhi,74.96
06-06-2022,Delhi,77.84
07-06-2022,Delhi,177.09
08-06-2022,Delhi,107.58
09-06-2022,Delhi,178.58
10-06-2022,Delhi,94.74
11-06-2022,Delhi,179.39
12-06-2022,Delhi,119.1
13-06-2022,Delhi,124.1
14-06-2022,Delhi,182.21
15-06-2022,Delhi,94.85
16-06-2022,Delhi,68.13
17-06-2022,Delhi,89.66
18-06-2022,Delhi,129.6
19-06-2022,Delhi,38.19
20-06-2022,Delhi,136.77
21-06-2022,Delhi,83.28
22-06-2022,Delhi,158.65
23-06-2022,Delhi,10.0
24-06-2022,Delhi,70.6
25-06-2022,Delhi,29.64
26-06-2022,Delhi,67.9
27-06-2022,Delhi,115.8
28-06-2022,Delhi,96.18
29-06-2022,Delhi,92.46
30-06-2022,Delhi,96.33
01-07-2022,Delhi,112.31
02-07-2022,Delhi,57.45
03-07-2022,Delhi,134.34
04-07-2022,Delhi,132.07
05-07-2022,Delhi,119.32
06-07-2022,Delhi,126.8
07-07-2022,Delhi,114.88
08-07-2022,Delhi,192.93
09-07-2022,Delhi,97.27
10-07-2022,Delhi,87.22
11-07-2022,Delhi,67.0
12-07-2022,Delhi,54.36
13-07-2022,Delhi,44.72
14-07-2022,Delhi,60.67
15-07-2022,Delhi,97.45
16-07-2022,Delhi,115.66
17-07-2022,Delhi,102.92
18-07-2022,Delhi,66.2
19-07-2022,Delhi,141.21
20-07-2022,Delhi,134.05
21-07-2022,Delhi,93.69
22-07-2022,Delhi,71.61
23-07-2022,Delhi,125.81
24-07-2022,Delhi,109.75
25-07-2022,Delhi,36.31
26-07-2022,Delhi,98.62
27-07-2022,Delhi,113.7
28-07-2022,Delhi,61.68
29-07-2022,Delhi,110.98
30-07-2022,Delhi,37.26
31-07-2022,Delhi,163.17
01-08-2022,Delhi,159.54
02-08-2022,Delhi,92.37
03-08-2022,Delhi,120.47
04-08-2022,Delhi,10.0
05-08-2022,Delhi,52.9
06-08-2022,Delhi,92.16
07-08-2022,Delhi,57.6
08-08-2022,Delhi,138.48
09-08-2022,Delhi,196.71
10-08-2022,Delhi,54.41
11-08-2022,Delhi,70.22
12-08-2022,Delhi,119.06
13-08-2022,Delhi,181.55
14-08-2022,Delhi,54.65
15-08-2022,Delhi,121.49
16-08-2022,Delhi,192.89
17-08-2022,Delhi,37.26
18-08-2022,Delhi,54.63
19-08-2022,Delhi,93.91
20-08-2022,Delhi,90.27
21-08-2022,Delhi,151.0
22-08-2022,Delhi,126.06
23-08-2022,Delhi,36.09
24-08-2022,Delhi,139.95
25-08-2022,Delhi,91.58
26-08-2022,Delhi,175.74
27-08-2022,Delhi,91.0
28-08-2022,Delhi,91.45
29-08-2022,Delhi,145.33
30-08-2022,Delhi,156.2
31-08-2022,Delhi,142.95
01-09-2022,Delhi,47.85
02-09-2022,Delhi,148.86
03-09-2022,Delhi,79.06
04-09-2022,Delhi,137.16
05-09-2022,Delhi,63.49
06-09-2022,Delhi,148.65
07-09-2022,Delhi,93.28
08-09-2022,Delhi,72.89
09-09-2022,Delhi,163.77
10-09-2022,Delhi,143.58
11-09-2022,Delhi,106.14
12-09-2022,Delhi,200.15
13-09-2022,Delhi,116.11
14-09-2022,Delhi,138.49
15-09-2022,Delhi,150.26
16-09-2022,Delhi,111.41
17-09-2022,Delhi,161.63
18-09-2022,Delhi,117.57
19-09-2022,Delhi,124.21
20-09-2022,Delhi,205.22
21-09-2022,Delhi,98.26
22-09-2022,Delhi,37.7
23-09-2022,Delhi,219.96
24-09-2022,Delhi,263.39
25-09-2022,Delhi,131.65
26-09-2022,Delhi,63.95
27-09-2022,Delhi,138.37
28-09-2022,Delhi,140.69
29-09-2022,Delhi,146.27
30-09-2022,Delhi,105.96
01-10-2022,Delhi,183.4
02-10-2022,Delhi,182.18
03-10-2022,Delhi,92.6
04-10-2022,Delhi,192.58
05-10-2022,Delhi,254.76
06-10-2022,Delhi,171.41
07-10-2022,Delhi,149.77
08-10-2022,Delhi,159.85
09-10-2022,Delhi,195.22
10-10-2022,Delhi,90.94
11-10-2022,Delhi,177.51
12-10-2022,Delhi,153.84
13-10-2022,Delhi,255.86
14-10-2022,Delhi,166.17
15-10-2022,Delhi,250.37
16-10-2022,Delhi,126.94
17-10-2022,Delhi,204.34
18-10-2022,Delhi,193.58
19-10-2022,Delhi,141.4
20-10-2022,Delhi,189.79
21-10-2022,Delhi,237.67
22-10-2022,Delhi,169.83
23-10-2022,Delhi,109.55
24-10-2022,Delhi,186.19
25-10-2022,Delhi,147.66
26-10-2022,Delhi,174.14
27-10-2022,Delhi,187.16
28-10-2022,Delhi,115.35
29-10-2022,Delhi,120.67
30-10-2022,Delhi,216.33
31-10-2022,Delhi,172.37
01-11-2022,Delhi,81.74
02-11-2022,Delhi,233.72
03-11-2022,Delhi,211.9
04-11-2022,Delhi,168.75
05-11-2022,Delhi,142.85
06-11-2022,Delhi,240.94
07-11-2022,Delhi,220.26
08-11-2022,Delhi,312.96
09-11-2022,Delhi,225.84
10-11-2022,Delhi,225.57
11-11-2022,Delhi,201.79
12-11-2022,Delhi,247.22
13-11-2022,Delhi,239.75
14-11-2022,Delhi,269.1
15-11-2022,Delhi,190.45
16-11-2022,Delhi,195.44
17-11-2022,Delhi,194.59
18-11-2022,Delhi,252.84
19-11-2022,Delhi,285.77
20-11-2022,Delhi,198.78
21-11-2022,Delhi,201.37
22-11-2022,Delhi,235.68
23-11-2022,Delhi,211.52
24-11-2022,Delhi,266.45
25-11-2022,Delhi,123.29
26-11-2022,Delhi,188.42
27-11-2022,Delhi,191.4
28-11-2022,Delhi,123.16
29-11-2022,Delhi,185.17
30-11-2022,Delhi,188.29
01-12-2022,Delhi,221.34
02-12-2022,Delhi,281.38
03-12-2022,Delhi,221.16
04-12-2022,Delhi,186.68
05-12-2022,Delhi,231.36
06-12-2022,Delhi,281.98
07-12-2022,Delhi,191.68
08-12-2022,Delhi,195.43
09-12-2022,Delhi,262.33
10-12-2022,Delhi,228.0
11-12-2022,Delhi,267.86
12-12-2022,Delhi,238.84
13-12-2022,Delhi,271.75
14-12-2022,Delhi,194.29
15-12-2022,Delhi,241.01
16-12-2022,Delhi,232.73
17-12-2022,Delhi,188.14
18-12-2022,Delhi,173.12
19-12-2022,Delhi,274.94
20-12-2022,Delhi,228.87
21-12-2022,Delhi,199.22
22-12-2022,Delhi,241.44
23-12-2022,Delhi,297.05
24-12-2022,Delhi,144.16
25-12-2022,Delhi,179.93
26-12-2022,Delhi,206.21
27-12-2022,Delhi,313.93
28-12-2022,Delhi,261.31
29-12-2022,Delhi,283.52
30-12-2022,Delhi,198.06
31-12-2022,Delhi,199.34
01-01-2023,Delhi,270.29
02-01-2023,Delhi,253.06
03-01-2023,Delhi,275.42
04-01-2023,Delhi,242.55
05-01-2023,Delhi,263.75
06-01-2023,Delhi,258.57
07-01-2023,Delhi,286.65
08-01-2023,Delhi,288.14
09-01-2023,Delhi,179.09
10-01-2023,Delhi,150.99
11-01-2023,Delhi,297.3
12-01-2023,Delhi,305.76
13-01-2023,Delhi,206.45
14-01-2023,Delhi,168.73
15-01-2023,Delhi,256.9
16-01-2023,Delhi,294.33
17-01-2023,Delhi,333.31
18-01-2023,Delhi,275.6
19-01-2023,Delhi,235.58
20-01-2023,Delhi,212.02
21-01-2023,Delhi,252.62
22-01-2023,Delhi,238.5
23-01-2023,Delhi,206.13
24-01-2023,Delhi,343.83
25-01-2023,Delhi,331.77
26-01-2023,Delhi,302.33
27-01-2023,Delhi,209.53
28-01-2023,Delhi,289.18
29-01-2023,Delhi,279.2
30-01-2023,Delhi,270.02
31-01-2023,Delhi,306.01
01-02-2023,Delhi,278.02
02-02-2023,Delhi,282.35
03-02-2023,Delhi,277.32
04-02-2023,Delhi,263.58
05-02-2023,Delhi,167.55
06-02-2023,Delhi,251.12
07-02-2023,Delhi,221.85
08-02-2023,Delhi,188.79
09-02-2023,Delhi,321.54
10-02-2023,Delhi,323.13
11-02-2023,Delhi,305.93
12-02-2023,Delhi,255.67
13-02-2023,Delhi,304.37
14-02-2023,Delhi,243.51
15-02-2023,Delhi,251.46
16-02-2023,Delhi,192.47
17-02-2023,Delhi,258.87
18-02-2023,Delhi,243.03
19-02-2023,Delhi,180.98
20-02-2023,Delhi,236.57
21-02-2023,Delhi,234.54
22-02-2023,Delhi,318.25
23-02-2023,Delhi,276.81
24-02-2023,Delhi,236.29
25-02-2023,Delhi,246.15
26-02-2023,Delhi,236.11
27-02-2023,Delhi,224.14
28-02-2023,Delhi,183.69
01-03-2023,Delhi,224.72
02-03-2023,Delhi,197.04
03-03-2023,Delhi,173.44
04-03-2023,Delhi,251.78
05-03-2023,Delhi,245.43
06-03-2023,Delhi,146.46
07-03-2023,Delhi,220.37
08-03-2023,Delhi,269.71
09-03-2023,Delhi,271.56
10-03-2023,Delhi,269.04
11-03-2023,Delhi,223.6
12-03-2023,Delhi,182.78
13-03-2023,Delhi,170.99
14-03-2023,Delhi,234.19
15-03-2023,Delhi,234.67
16-03-2023,Delhi,274.44
17-03-2023,Delhi,264.91
18-03-2023,Delhi,208.35
19-03-2023,Delhi,157.18
20-03-2023,Delhi,197.68
21-03-2023,Delhi,220.67
22-03-2023,Delhi,200.64
23-03-2023,Delhi,182.57
24-03-2023,Delhi,218.78
25-03-2023,Delhi,183.54
26-03-2023,Delhi,176.76
27-03-2023,Delhi,217.84
28-03-2023,Delhi,184.53
29-03-2023,Delhi,212.39
30-03-2023,Delhi,212.48
31-03-2023,Delhi,147.69
01-04-2023,Delhi,176.07
02-04-2023,Delhi,261.19
03-04-2023,Delhi,142.95
04-04-2023,Delhi,98.75
05-04-2023,Delhi,108.96
06-04-2023,Delhi,192.8
07-04-2023,Delhi,191.61
08-04-2023,Delhi,183.67
09-04-2023,Delhi,242.33
10-04-2023,Delhi,66.14
11-04-2023,Delhi,202.96
12-04-2023,Delhi,254.13
13-04-2023,Delhi,131.84
14-04-2023,Delhi,164.22
15-04-2023,Delhi,146.15
16-04-2023,Delhi,138.51
17-04-2023,Delhi,162.79
18-04-2023,Delhi,240.43
19-04-2023,Delhi,257.6
20-04-2023,Delhi,158.52
21-04-2023,Delhi,258.09
22-04-2023,Delhi,172.68
23-04-2023,Delhi,248.73
24-04-2023,Delhi,164.34
25-04-2023,Delhi,173.17
26-04-2023,Delhi,182.46
27-04-2023,Delhi,307.8
28-04-2023,Delhi,201.8
29-04-2023,Delhi,130.41
30-04-2023,Delhi,204.6
01-05-2023,Delhi,143.47
02-05-2023,Delhi,136.48
03-05-2023,Delhi,198.17
04-05-2023,Delhi,157.46
05-05-2023,Delhi,167.38
06-05-2023,Delhi,154.26
07-05-2023,Delhi,167.58
08-05-2023,Delhi,170.36
09-05-2023,Delhi,62.88
10-05-2023,Delhi,178.86
11-05-2023,Delhi,103.51
12-05-2023,Delhi,81.63
13-05-2023,Delhi,142.76
14-05-2023,Delhi,148.02
15-05-2023,Delhi,111.9
16-05-2023,Delhi,179.39
17-05-2023,Delhi,80.48
18-05-2023,Delhi,121.47
19-05-2023,Delhi,112.38
20-05-2023,Delhi,135.52
21-05-2023,Delhi,149.1
22-05-2023,Delhi,90.15
23-05-2023,Delhi,167.06
24-05-2023,Delhi,136.28
25-05-2023,Delhi,47.29
26-05-2023,Delhi,43.3
27-05-2023,Delhi,129.89
28-05-2023,Delhi,119.53
29-05-2023,Delhi,123.87
30-05-2023,Delhi,126.32
31-05-2023,Delhi,136.81
01-06-2023,Delhi,168.39
02-06-2023,Delhi,74.85
03-06-2023,Delhi,71.24
04-06-2023,Delhi,73.92
05-06-2023,Delhi,135.27
06-06-2023,Delhi,177.46
07-06-2023,Delhi,101.22
08-06-2023,Delhi,10.0
09-06-2023,Delhi,42.38
10-06-2023,Delhi,80.81
11-06-2023,Delhi,92.46
12-06-2023,Delhi,98.46
13-06-2023,Delhi,117.87
14-06-2023,Delhi,101.42
15-06-2023,Delhi,162.0
16-06-2023,Delhi,83.71
17-06-2023,Delhi,74.7
18-06-2023,Delhi,134.44
19-06-2023,Delhi,43.2
20-06-2023,Delhi,129.27
21-06-2023,Delhi,115.79
22-06-2023,Delhi,104.01
23-06-2023,Delhi,181.61
24-06-2023,Delhi,81.65
25-06-2023,Delhi,201.89
26-06-2023,Delhi,98.59
27-06-2023,Delhi,50.84
28-06-2023,Delhi,111.04
29-06-2023,Delhi,59.08
30-06-2023,Delhi,73.32
01-07-2023,Delhi,124.67
02-07-2023,Delhi,131.48
03-07-2023,Delhi,78.18
04-07-2023,Delhi,150.34
05-07-2023,Delhi,157.73
06-07-2023,Delhi,170.04
07-07-2023,Delhi,129.02
08-07-2023,Delhi,166.36
09-07-2023,Delhi,20.2
10-07-2023,Delhi,90.38
11-07-2023,Delhi,65.55
12-07-2023,Delhi,109.82
13-07-2023,Delhi,78.66
14-07-2023,Delhi,96.84
15-07-2023,Delhi,188.98
16-07-2023,Delhi,96.63
17-07-2023,Delhi,122.89
18-07-2023,Delhi,93.85
19-07-2023,Delhi,107.76
20-07-2023,Delhi,104.7
21-07-2023,Delhi,124.7
22-07-2023,Delhi,157.08
23-07-2023,Delhi,178.91
24-07-2023,Delhi,118.88
25-07-2023,Delhi,131.66
26-07-2023,Delhi,53.54
27-07-2023,Delhi,101.61
28-07-2023,Delhi,148.12
29-07-2023,Delhi,145.05
30-07-2023,Delhi,115.9
31-07-2023,Delhi,146.58
01-08-2023,Delhi,129.11
02-08-2023,Delhi,161.4
03-08-2023,Delhi,120.79
04-08-2023,Delhi,92.16
05-08-2023,Delhi,123.7
06-08-2023,Delhi,10.0
07-08-2023,Delhi,126.72
08-08-2023,Delhi,10.0
09-08-2023,Delhi,32.93
10-08-2023,Delhi,131.34
11-08-2023,Delhi,133.04
12-08-2023,Delhi,59.81
13-08-2023,Delhi,80.66
14-08-2023,Delhi,174.98
15-08-2023,Delhi,92.15
16-08-2023,Delhi,215.51
17-08-2023,Delhi,115.15
18-08-2023,Delhi,134.29
19-08-2023,Delhi,189.38
20-08-2023,Delhi,123.24
21-08-2023,Delhi,72.98
22-08-2023,Delhi,113.9
23-08-2023,Delhi,118.01
24-08-2023,Delhi,58.99
25-08-2023,Delhi,109.7
26-08-2023,Delhi,88.65
27-08-2023,Delhi,164.48
28-08-2023,Delhi,125.31
29-08-2023,Delhi,111.9
30-08-2023,Delhi,120.74
31-08-2023,Delhi,136.47
01-09-2023,Delhi,155.11
02-09-2023,Delhi,83.31
03-09-2023,Delhi,82.38
04-09-2023,Delhi,179.94
05-09-2023,Delhi,112.66
06-09-2023,Delhi,68.45
07-09-2023,Delhi,153.2
08-09-2023,Delhi,155.11
09-09-2023,Delhi,66.41
10-09-2023,Delhi,146.68
11-09-2023,Delhi,170.52
12-09-2023,Delhi,155.35
13-09-2023,Delhi,168.03
14-09-2023,Delhi,77.5
15-09-2023,Delhi,156.71
16-09-2023,Delhi,129.32
17-09-2023,Delhi,122.35
18-09-2023,Delhi,184.4
19-09-2023,Delhi,212.95
20-09-2023,Delhi,228.3
21-09-2023,Delhi,207.9
22-09-2023,Delhi,144.98
23-09-2023,Delhi,166.99
24-09-2023,Delhi,186.83
25-09-2023,Delhi,158.99
26-09-2023,Delhi,160.64
27-09-2023,Delhi,193.06
28-09-2023,Delhi,154.56
29-09-2023,Delhi,125.65
30-09-2023,Delhi,141.06
01-10-2023,Delhi,189.5
02-10-2023,Delhi,162.36
03-10-2023,Delhi,178.81
04-10-2023,Delhi,194.92
05-10-2023,Delhi,149.17
06-10-2023,Delhi,201.35
07-10-2023,Delhi,185.65
08-10-2023,Delhi,114.32
09-10-2023,Delhi,236.08
10-10-2023,Delhi,149.94
11-10-2023,Delhi,99.29
12-10-2023,Delhi,128.04
13-10-2023,Delhi,130.41
14-10-2023,Delhi,180.01
15-10-2023,Delhi,166.64
16-10-2023,Delhi,165.1
17-10-2023,Delhi,209.45
18-10-2023,Delhi,198.15
19-10-2023,Delhi,198.38
20-10-2023,Delhi,203.9
21-10-2023,Delhi,214.48
22-10-2023,Delhi,93.19
23-10-2023,Delhi,172.94
24-10-2023,Delhi,92.52
25-10-2023,Delhi,193.54
26-10-2023,Delhi,192.99
27-10-2023,Delhi,241.53
28-10-2023,Delhi,249.19
29-10-2023,Delhi,206.15
30-10-2023,Delhi,175.77
31-10-2023,Delhi,221.38
01-11-2023,Delhi,177.04
02-11-2023,Delhi,201.99
03-11-2023,Delhi,247.67
04-11-2023,Delhi,179.43
05-11-2023,Delhi,242.01
06-11-2023,Delhi,237.46
07-11-2023,Delhi,165.22
08-11-2023,Delhi,253.22
09-11-2023,Delhi,242.02
10-11-2023,Delhi,216.36
11-11-2023,Delhi,178.65
12-11-2023,Delhi,175.45
13-11-2023,Delhi,191.08
14-11-2023,Delhi,240.84
15-11-2023,Delhi,174.56
16-11-2023,Delhi,238.37
17-11-2023,Delhi,163.92
18-11-2023,Delhi,211.72
19-11-2023,Delhi,226.93
20-11-2023,Delhi,333.1
21-11-2023,Delhi,162.16
22-11-2023,Delhi,291.43
23-11-2023,Delhi,232.98
24-11-2023,Delhi,245.76
25-11-2023,Delhi,233.6
26-11-2023,Delhi,249.28
27-11-2023,Delhi,223.34
28-11-2023,Delhi,296.66
29-11-2023,Delhi,211.64
30-11-2023,Delhi,284.07
01-12-2023,Delhi,205.05
02-12-2023,Delhi,232.24
03-12-2023,Delhi,187.6
04-12-2023,Delhi,257.19
05-12-2023,Delhi,302.61
06-12-2023,Delhi,234.94
07-12-2023,Delhi,230.38
08-12-2023,Delhi,189.89
09-12-2023,Delhi,230.52
10-12-2023,Delhi,169.94
11-12-2023,Delhi,201.29
12-12-2023,Delhi,253.31
13-12-2023,Delhi,303.18
14-12-2023,Delhi,370.94
15-12-2023,Delhi,218.81
16-12-2023,Delhi,310.45
17-12-2023,Delhi,257.47
18-12-2023,Delhi,240.32
19-12-2023,Delhi,267.2
20-12-2023,Delhi,251.1
21-12-2023,Delhi,253.84
22-12-2023,Delhi,231.04
23-12-2023,Delhi,187.03
24-12-2023,Delhi,180.98
25-12-2023,Delhi,280.32
26-12-2023,Delhi,238.93
27-12-2023,Delhi,225.0
28-12-2023,Delhi,252.63
29-12-2023,Delhi,288.41
30-12-2023,Delhi,261.14
31-12-2023,Delhi,223.85
01-01-2024,Delhi,308.97
02-01-2024,Delhi,325.16
03-01-2024,Delhi,276.63
04-01-2024,Delhi,298.46
05-01-2024,Delhi,310.77
06-01-2024,Delhi,305.96
07-01-2024,Delhi,282.94
08-01-2024,Delhi,282.4
09-01-2024,Delhi,279.02
10-01-2024,Delhi,206.38
11-01-2024,Delhi,287.41
12-01-2024,Delhi,194.95
13-01-2024,Delhi,220.27
14-01-2024,Delhi,314.73
15-01-2024,Delhi,293.9
16-01-2024,Delhi,323.02
17-01-2024,Delhi,243.84
18-01-2024,Delhi,204.17
19-01-2024,Delhi,245.13
20-01-2024,Delhi,260.45
21-01-2024,Delhi,259.31
22-01-2024,Delhi,306.63
23-01-2024,Delhi,239.2
24-01-2024,Delhi,271.12
25-01-2024,Delhi,210.59
26-01-2024,Delhi,275.13
27-01-2024,Delhi,254.76
28-01-2024,Delhi,220.61
29-01-2024,Delhi,243.45
30-01-2024,Delhi,245.47
31-01-2024,Delhi,241.27
01-02-2024,Delhi,332.79
02-02-2024,Delhi,248.27
03-02-2024,Delhi,241.33
04-02-2024,Delhi,157.51
05-02-2024,Delhi,211.22
06-02-2024,Delhi,239.16
07-02-2024,Delhi,219.66
08-02-2024,Delhi,312.21
09-02-2024,Delhi,242.09
10-02-2024,Delhi,306.95
11-02-2024,Delhi,251.19
12-02-2024,Delhi,249.51
13-02-2024,Delhi,243.24
14-02-2024,Delhi,246.79
15-02-2024,Delhi,323.33
16-02-2024,Delhi,140.95
17-02-2024,Delhi,154.59
18-02-2024,Delhi,219.52
19-02-2024,Delhi,243.91
20-02-2024,Delhi,273.58
21-02-2024,Delhi,263.06
22-02-2024,Delhi,223.72
23-02-2024,Delhi,286.08
24-02-2024,Delhi,285.78
25-02-2024,Delhi,246.89
26-02-2024,Delhi,281.09
27-02-2024,Delhi,249.19
28-02-2024,Delhi,210.79
29-02-2024,Delhi,266.57
01-03-2024,Delhi,239.25
02-03-2024,Delhi,233.41
03-03-2024,Delhi,298.71
04-03-2024,Delhi,121.19
05-03-2024,Delhi,166.72
06-03-2024,Delhi,176.12
07-03-2024,Delhi,212.2
08-03-2024,Delhi,216.09
09-03-2024,Delhi,158.7
10-03-2024,Delhi,181.17
11-03-2024,Delhi,185.72
12-03-2024,Delhi,333.99
13-03-2024,Delhi,303.41
14-03-2024,Delhi,202.73
15-03-2024,Delhi,203.8
16-03-2024,Delhi,167.35
17-03-2024,Delhi,132.08
18-03-2024,Delhi,211.56
19-03-2024,Delhi,170.78
20-03-2024,Delhi,210.72
21-03-2024,Delhi,141.38
22-03-2024,Delhi,177.93
23-03-2024,Delhi,217.74
24-03-2024,Delhi,226.34
25-03-2024,Delhi,227.46
26-03-2024,Delhi,148.05
27-03-2024,Delhi,244.73
28-03-2024,Delhi,169.05
29-03-2024,Delhi,232.32
30-03-2024,Delhi,202.13
31-03-2024,Delhi,139.44
01-04-2024,Delhi,185.91
02-04-2024,Delhi,215.34
03-04-2024,Delhi,225.23
04-04-2024,Delhi,190.05
05-04-2024,Delhi,264.07
06-04-2024,Delhi,239.21
07-04-2024,Delhi,181.06
08-04-2024,Delhi,225.1
09-04-2024,Delhi,277.09
10-04-2024,Delhi,277.02
11-04-2024,Delhi,132.26
12-04-2024,Delhi,144.55
13-04-2024,Delhi,251.78
14-04-2024,Delhi,136.06
15-04-2024,Delhi,122.89
16-04-2024,Delhi,159.24
17-04-2024,Delhi,198.75
18-04-2024,Delhi,173.96
19-04-2024,Delhi,148.01
20-04-2024,Delhi,145.67
21-04-2024,Delhi,142.68
22-04-2024,Delhi,133.88
23-04-2024,Delhi,274.86
24-04-2024,Delhi,184.31
25-04-2024,Delhi,209.56
26-04-2024,Delhi,146.39
27-04-2024,Delhi,158.77
28-04-2024,Delhi,133.78
29-04-2024,Delhi,45.32
30-04-2024,Delhi,101.39
01-05-2024,Delhi,80.69
02-05-2024,Delhi,59.69
03-05-2024,Delhi,105.92
04-05-2024,Delhi,218.12
05-05-2024,Delhi,155.28
06-05-2024,Delhi,214.15
07-05-2024,Delhi,173.38
08-05-2024,Delhi,188.91
09-05-2024,Delhi,111.98
10-05-2024,Delhi,174.93
11-05-2024,Delhi,182.98
12-05-2024,Delhi,123.09
13-05-2024,Delhi,173.07
14-05-2024,Delhi,172.24
15-05-2024,Delhi,120.91
16-05-2024,Delhi,94.01
17-05-2024,Delhi,90.15
18-05-2024,Delhi,146.24
19-05-2024,Delhi,155.98
20-05-2024,Delhi,104.54
21-05-2024,Delhi,140.35
22-05-2024,Delhi,163.79
23-05-2024,Delhi,164.91
24-05-2024,Delhi,205.91
25-05-2024,Delhi,192.55
26-05-2024,Delhi,89.04
27-05-2024,Delhi,208.89
28-05-2024,Delhi,108.28
29-05-2024,Delhi,178.25
30-05-2024,Delhi,133.37
31-05-2024,Delhi,110.85
01-06-2024,Delhi,47.16
02-06-2024,Delhi,119.91
03-06-2024,Delhi,56.59
04-06-2024,Delhi,169.45
05-06-2024,Delhi,193.35
06-06-2024,Delhi,88.42
07-06-2024,Delhi,137.07
08-06-2024,Delhi,90.07
09-06-2024,Delhi,93.67
10-06-2024,Delhi,156.06
11-06-2024,Delhi,118.75
12-06-2024,Delhi,198.07
13-06-2024,Delhi,97.39
14-06-2024,Delhi,163.4
15-06-2024,Delhi,122.16
16-06-2024,Delhi,152.96
17-06-2024,Delhi,96.42
18-06-2024,Delhi,113.72
19-06-2024,Delhi,110.18
20-06-2024,Delhi,77.21
21-06-2024,Delhi,144.09
22-06-2024,Delhi,143.05
23-06-2024,Delhi,140.01
24-06-2024,Delhi,181.99
25-06-2024,Delhi,177.6
26-06-2024,Delhi,95.08
27-06-2024,Delhi,128.33
28-06-2024,Delhi,83.1
29-06-2024,Delhi,111.85
30-06-2024,Delhi,83.46
01-07-2024,Delhi,183.03
02-07-2024,Delhi,126.2
03-07-2024,Delhi,99.74
04-07-2024,Delhi,163.01
05-07-2024,Delhi,11.38
06-07-2024,Delhi,18.21
07-07-2024,Delhi,144.47
08-07-2024,Delhi,111.21
09-07-2024,Delhi,119.61
10-07-2024,Delhi,48.52
11-07-2024,Delhi,107.06
12-07-2024,Delhi,198.18
13-07-2024,Delhi,145.06
14-07-2024,Delhi,115.57
15-07-2024,Delhi,88.16
16-07-2024,Delhi,90.17
17-07-2024,Delhi,12.14
18-07-2024,Delhi,119.6
19-07-2024,Delhi,146.12
20-07-2024,Delhi,37.27
21-07-2024,Delhi,78.53
22-07-2024,Delhi,56.34
23-07-2024,Delhi,65.15
24-07-2024,Delhi,111.18
25-07-2024,Delhi,15.19
26-07-2024,Delhi,136.85
27-07-2024,Delhi,143.38
28-07-2024,Delhi,98.43
29-07-2024,Delhi,10.0
30-07-2024,Delhi,65.5
31-07-2024,Delhi,166.16
01-08-2024,Delhi,10.0
02-08-2024,Delhi,95.78
03-08-2024,Delhi,58.72
04-08-2024,Delhi,148.44
05-08-2024,Delhi,82.3
06-08-2024,Delhi,131.32
07-08-2024,Delhi,139.07
08-08-2024,Delhi,196.76
09-08-2024,Delhi,105.52
10-08-2024,Delhi,132.12
11-08-2024,Delhi,48.94
12-08-2024,Delhi,169.92
13-08-2024,Delhi,82.74
14-08-2024,Delhi,92.35
15-08-2024,Delhi,117.23
16-08-2024,Delhi,48.56
17-08-2024,Delhi,129.87
18-08-2024,Delhi,163.81
19-08-2024,Delhi,134.18
20-08-2024,Delhi,50.23
21-08-2024,Delhi,116.92
22-08-2024,Delhi,156.66
23-08-2024,Delhi,39.55
24-08-2024,Delhi,76.5
25-08-2024,Delhi,165.14
26-08-2024,Delhi,138.69
27-08-2024,Delhi,145.94
28-08-2024,Delhi,211.95
29-08-2024,Delhi,150.26
30-08-2024,Delhi,159.69
31-08-2024,Delhi,252.99
01-09-2024,Delhi,122.33
02-09-2024,Delhi,97.0
03-09-2024,Delhi,153.13
04-09-2024,Delhi,154.62
05-09-2024,Delhi,112.16
06-09-2024,Delhi,90.42
07-09-2024,Delhi,241.85
08-09-2024,Delhi,153.65
09-09-2024,Delhi,107.05
10-09-2024,Delhi,182.29
11-09-2024,Delhi,137.24
12-09-2024,Delhi,131.86
13-09-2024,Delhi,169.65
14-09-2024,Delhi,87.33
15-09-2024,Delhi,162.46
16-09-2024,Delhi,233.81
17-09-2024,Delhi,169.86
18-09-2024,Delhi,133.11
19-09-2024,Delhi,128.39
20-09-2024,Delhi,133.92
21-09-2024,Delhi,142.14
22-09-2024,Delhi,137.77
23-09-2024,Delhi,197.21
24-09-2024,Delhi,79.19
25-09-2024,Delhi,197.2
26-09-2024,Delhi,142.55
27-09-2024,Delhi,177.84
28-09-2024,Delhi,111.4
29-09-2024,Delhi,223.15
30-09-2024,Delhi,220.67
01-10-2024,Delhi,209.06
02-10-2024,Delhi,98.98
03-10-2024,Delhi,205.73
04-10-2024,Delhi,187.91
05-10-2024,Delhi,98.73
06-10-2024,Delhi,171.16
07-10-2024,Delhi,189.95
08-10-2024,Delhi,199.85
09-10-2024,Delhi,184.1
10-10-2024,Delhi,190.52
11-10-2024,Delhi,245.03
12-10-2024,Delhi,235.18
13-10-2024,Delhi,52.29
14-10-2024,Delhi,168.33
15-10-2024,Delhi,176.5
16-10-2024,Delhi,106.37
17-10-2024,Delhi,190.75
18-10-2024,Delhi,244.0
19-10-2024,Delhi,140.21
20-10-2024,Delhi,205.54
21-10-2024,Delhi,150.49
22-10-2024,Delhi,162.75
23-10-2024,Delhi,260.76
24-10-2024,Delhi,171.15
25-10-2024,Delhi,217.65
26-10-2024,Delhi,113.92
27-10-2024,Delhi,283.21
28-10-2024,Delhi,227.79
29-10-2024,Delhi,193.72
30-10-2024,Delhi,229.1
31-10-2024,Delhi,141.01
01-11-2024,Delhi,258.91
02-11-2024,Delhi,192.36
03-11-2024,Delhi,198.99
04-11-2024,Delhi,187.28
05-11-2024,Delhi,184.49
06-11-2024,Delhi,243.1
07-11-2024,Delhi,224.56
08-11-2024,Delhi,243.56
09-11-2024,Delhi,215.03
10-11-2024,Delhi,239.69
11-11-2024,Delhi,198.92
12-11-2024,Delhi,319.26
13-11-2024,Delhi,149.52
14-11-2024,Delhi,277.95
15-11-2024,Delhi,283.89
16-11-2024,Delhi,185.1
17-11-2024,Delhi,324.87
18-11-2024,Delhi,270.44
19-11-2024,Delhi,270.42
20-11-2024,Delhi,229.05
21-11-2024,Delhi,219.07
22-11-2024,Delhi,220.46
23-11-2024,Delhi,248.48
24-11-2024,Delhi,294.98
25-11-2024,Delhi,241.08
26-11-2024,Delhi,192.89
27-11-2024,Delhi,271.97
28-11-2024,Delhi,277.28
29-11-2024,Delhi,266.23
30-11-2024,Delhi,271.24
01-12-2024,Delhi,226.41
02-12-2024,Delhi,197.69
03-12-2024,Delhi,201.3
04-12-2024,Delhi,167.63
05-12-2024,Delhi,252.73
06-12-2024,Delhi,239.14
07-12-2024,Delhi,223.9
08-12-2024,Delhi,111.49
09-12-2024,Delhi,189.13
10-12-2024,Delhi,296.46
11-12-2024,Delhi,216.85
12-12-2024,Delhi,263.7
13-12-2024,Delhi,185.59
14-12-2024,Delhi,313.59
15-12-2024,Delhi,243.03
16-12-2024,Delhi,263.21
17-12-2024,Delhi,355.44
18-12-2024,Delhi,319.62
19-12-2024,Delhi,238.17
20-12-2024,Delhi,225.83
21-12-2024,Delhi,238.42
22-12-2024,Delhi,276.54
23-12-2024,Delhi,249.36
24-12-2024,Delhi,236.79
25-12-2024,Delhi,321.06
26-12-2024,Delhi,250.34
27-12-2024,Delhi,359.38
28-12-2024,Delhi,260.38
29-12-2024,Delhi,337.01
30-12-2024,Delhi,273.1
31-12-2024,Delhi,300.69
01-01-2025,Delhi,224.84
02-01-2025,Delhi,219.33
03-01-2025,Delhi,278.72
04-01-2025,Delhi,302.79
05-01-2025,Delhi,260.35
06-01-2025,Delhi,200.88
07-01-2025,Delhi,197.75
08-01-2025,Delhi,194.92
09-01-2025,Delhi,179.75
10-01-2025,Delhi,264.35
11-01-2025,Delhi,310.16
12-01-2025,Delhi,259.02
13-01-2025,Delhi,157.97
14-01-2025,Delhi,251.14
15-01-2025,Delhi,252.42
16-01-2025,Delhi,354.07
17-01-2025,Delhi,194.15
18-01-2025,Delhi,242.1
19-01-2025,Delhi,336.38
20-01-2025,Delhi,279.77
21-01-2025,Delhi,284.76
22-01-2025,Delhi,264.43
23-01-2025,Delhi,273.97
24-01-2025,Delhi,293.94
25-01-2025,Delhi,222.32
26-01-2025,Delhi,298.03
27-01-2025,Delhi,196.49
28-01-2025,Delhi,272.79
29-01-2025,Delhi,265.77
30-01-2025,Delhi,229.68
31-01-2025,Delhi,256.07
01-02-2025,Delhi,228.72
02-02-2025,Delhi,208.14
03-02-2025,Delhi,240.06
04-02-2025,Delhi,205.88
05-02-2025,Delhi,269.65
06-02-2025,Delhi,202.91
07-02-2025,Delhi,286.22
08-02-2025,Delhi,200.52
09-02-2025,Delhi,227.69
10-02-2025,Delhi,224.53
11-02-2025,Delhi,311.71
12-02-2025,Delhi,266.36
13-02-2025,Delhi,241.37
14-02-2025,Delhi,272.72
15-02-2025,Delhi,154.82
16-02-2025,Delhi,247.05
17-02-2025,Delhi,338.2
18-02-2025,Delhi,253.58
19-02-2025,Delhi,249.97
20-02-2025,Delhi,270.85
21-02-2025,Delhi,285.74
22-02-2025,Delhi,154.78
23-02-2025,Delhi,168.18
24-02-2025,Delhi,252.55
25-02-2025,Delhi,210.1
26-02-2025,Delhi,300.47
27-02-2025,Delhi,226.4
28-02-2025,Delhi,152.66
01-03-2025,Delhi,181.77
02-03-2025,Delhi,114.19
03-03-2025,Delhi,226.48
04-03-2025,Delhi,227.61
05-03-2025,Delhi,216.04
06-03-2025,Delhi,282.73
07-03-2025,Delhi,287.13
08-03-2025,Delhi,224.54
09-03-2025,Delhi,135.15
10-03-2025,Delhi,257.97
11-03-2025,Delhi,254.15
12-03-2025,Delhi,242.04
13-03-2025,Delhi,271.23
14-03-2025,Delhi,173.58
15-03-2025,Delhi,315.31
16-03-2025,Delhi,180.65
17-03-2025,Delhi,256.44
18-03-2025,Delhi,145.68
19-03-2025,Delhi,178.62
20-03-2025,Delhi,287.58
21-03-2025,Delhi,206.46
22-03-2025,Delhi,254.84
23-03-2025,Delhi,226.54
24-03-2025,Delhi,209.98
25-03-2025,Delhi,274.9
26-03-2025,Delhi,201.69
27-03-2025,Delhi,131.0
28-03-2025,Delhi,173.79
29-03-2025,Delhi,233.52
30-03-2025,Delhi,225.3
31-03-2025,Delhi,135.75
01-04-2025,Delhi,172.44
02-04-2025,Delhi,177.62
03-04-2025,Delhi,186.11
04-04-2025,Delhi,139.39
05-04-2025,Delhi,171.78
06-04-2025,Delhi,166.01
07-04-2025,Delhi,232.25
08-04-2025,Delhi,232.68
09-04-2025,Delhi,188.44
10-04-2025,Delhi,176.09
11-04-2025,Delhi,198.75
12-04-2025,Delhi,154.43
13-04-2025,Delhi,138.29
14-04-2025,Delhi,146.31
15-04-2025,Delhi,158.78
16-04-2025,Delhi,133.71
17-04-2025,Delhi,192.08
18-04-2025,Delhi,216.34
19-04-2025,Delhi,110.8
20-04-2025,Delhi,182.08
21-04-2025,Delhi,169.77
22-04-2025,Delhi,193.76
23-04-2025,Delhi,176.54
24-04-2025,Delhi,110.44
25-04-2025,Delhi,117.78
26-04-2025,Delhi,174.64
27-04-2025,Delhi,218.35
28-04-2025,Delhi,71.16
29-04-2025,Delhi,185.11
30-04-2025,Delhi,221.84
01-05-2025,Delhi,160.18
02-05-2025,Delhi,190.58
03-05-2025,Delhi,132.96
04-05-2025,Delhi,158.0
05-05-2025,Delhi,89.21
06-05-2025,Delhi,55.45
07-05-2025,Delhi,202.16
08-05-2025,Delhi,114.22
09-05-2025,Delhi,136.86
10-05-2025,Delhi,93.79
11-05-2025,Delhi,91.56
12-05-2025,Delhi,146.02
13-05-2025,Delhi,119.86
14-05-2025,Delhi,168.56
15-05-2025,Delhi,170.79
16-05-2025,Delhi,163.74
17-05-2025,Delhi,158.93
18-05-2025,Delhi,218.09
19-05-2025,Delhi,97.96
20-05-2025,Delhi,142.46
21-05-2025,Delhi,194.84
22-05-2025,Delhi,199.72
23-05-2025,Delhi,77.8
24-05-2025,Delhi,126.7
25-05-2025,Delhi,200.86
26-05-2025,Delhi,161.61
27-05-2025,Delhi,146.54
28-05-2025,Delhi,126.99
29-05-2025,Delhi,118.56
30-05-2025,Delhi,147.86
31-05-2025,Delhi,122.61
01-06-2025,Delhi,131.14
02-06-2025,Delhi,135.7
03-06-2025,Delhi,100.77
04-06-2025,Delhi,154.37
05-06-2025,Delhi,260.72
06-06-2025,Delhi,48.79
07-06-2025,Delhi,142.52
08-06-2025,Delhi,92.94
09-06-2025,Delhi,152.35
10-06-2025,Delhi,127.7
11-06-2025,Delhi,159.15
12-06-2025,Delhi,177.04
13-06-2025,Delhi,132.1
14-06-2025,Delhi,173.7
15-06-2025,Delhi,16.59
16-06-2025,Delhi,193.01
17-06-2025,Delhi,137.69
18-06-2025,Delhi,168.7
19-06-2025,Delhi,64.72
20-06-2025,Delhi,81.66
21-06-2025,Delhi,125.06
22-06-2025,Delhi,117.19
23-06-2025,Delhi,130.19
24-06-2025,Delhi,165.76
25-06-2025,Delhi,37.05
26-06-2025,Delhi,159.86
27-06-2025,Delhi,115.99
28-06-2025,Delhi,106.04
29-06-2025,Delhi,48.62
30-06-2025,Delhi,137.09
01-07-2025,Delhi,10.0
02-07-2025,Delhi,142.97
03-07-2025,Delhi,46.35
04-07-2025,Delhi,115.62
05-07-2025,Delhi,107.59
06-07-2025,Delhi,165.35
07-07-2025,Delhi,104.47
08-07-2025,Delhi,81.08
09-07-2025,Delhi,89.35
10-07-2025,Delhi,169.28
11-07-2025,Delhi,136.0
12-07-2025,Delhi,94.41
13-07-2025,Delhi,101.05
14-07-2025,Delhi,41.1
15-07-2025,Delhi,129.07
16-07-2025,Delhi,32.38
17-07-2025,Delhi,145.41
18-07-2025,Delhi,117.4
19-07-2025,Delhi,219.08
20-07-2025,Delhi,62.23
21-07-2025,Delhi,107.21
22-07-2025,Delhi,192.87
23-07-2025,Delhi,165.7
24-07-2025,Delhi,80.92
25-07-2025,Delhi,122.52
26-07-2025,Delhi,112.73
27-07-2025,Delhi,125.56
28-07-2025,Delhi,81.68
29-07-2025,Delhi,109.37
30-07-2025,Delhi,41.77
31-07-2025,Delhi,120.08
01-08-2025,Delhi,134.59
02-08-2025,Delhi,104.46
03-08-2025,Delhi,42.4
04-08-2025,Delhi,159.96
05-08-2025,Delhi,132.3
06-08-2025,Delhi,83.67
07-08-2025,Delhi,104.18
08-08-2025,Delhi,49.76
09-08-2025,Delhi,71.65
10-08-2025,Delhi,94.12
11-08-2025,Delhi,174.14
12-08-2025,Delhi,90.65
13-08-2025,Delhi,148.82
14-08-2025,Delhi,96.39
15-08-2025,Delhi,132.4
16-08-2025,Delhi,115.53
17-08-2025,Delhi,161.84
18-08-2025,Delhi,99.17
19-08-2025,Delhi,53.17
20-08-2025,Delhi,62.47
21-08-2025,Delhi,101.46
22-08-2025,Delhi,69.94
23-08-2025,Delhi,145.38
24-08-2025,Delhi,106.76
25-08-2025,Delhi,235.38
26-08-2025,Delhi,51.16
27-08-2025,Delhi,139.36
28-08-2025,Delhi,80.3
29-08-2025,Delhi,109.73
30-08-2025,Delhi,139.19
31-08-2025,Delhi,29.1
01-09-2025,Delhi,145.32
02-09-2025,Delhi,221.24
03-09-2025,Delhi,116.16
04-09-2025,Delhi,149.23
05-09-2025,Delhi,184.64
06-09-2025,Delhi,132.14
07-09-2025,Delhi,114.39
08-09-2025,Delhi,39.16
09-09-2025,Delhi,171.45
10-09-2025,Delhi,138.57
11-09-2025,Delhi,99.16
12-09-2025,Delhi,151.51
13-09-2025,Delhi,120.64
14-09-2025,Delhi,124.23
15-09-2025,Delhi,176.41
16-09-2025,Delhi,90.02
17-09-2025,Delhi,198.52
18-09-2025,Delhi,89.64
19-09-2025,Delhi,123.87
20-09-2025,Delhi,241.4
21-09-2025,Delhi,206.77
22-09-2025,Delhi,161.62
23-09-2025,Delhi,116.1
24-09-2025,Delhi,135.82
25-09-2025,Delhi,164.14
26-09-2025,Delhi,163.76
27-09-2025,Delhi,159.21
28-09-2025,Delhi,163.15
29-09-2025,Delhi,156.13
30-09-2025,Delhi,102.14
01-10-2025,Delhi,145.04
02-10-2025,Delhi,210.7
03-10-2025,Delhi,109.23
04-10-2025,Delhi,163.55
05-10-2025,Delhi,136.46
06-10-2025,Delhi,179.64
07-10-2025,Delhi,158.43
08-10-2025,Delhi,243.68
09-10-2025,Delhi,201.29
10-10-2025,Delhi,120.75
11-10-2025,Delhi,211.28
12-10-2025,Delhi,147.51
13-10-2025,Delhi,157.71
14-10-2025,Delhi,199.09
15-10-2025,Delhi,164.14
16-10-2025,Delhi,227.75
17-10-2025,Delhi,154.02
18-10-2025,Delhi,162.32
19-10-2025,Delhi,161.93
20-10-2025,Delhi,167.31
21-10-2025,Delhi,243.53
22-10-2025,Delhi,223.65
23-10-2025,Delhi,273.6
24-10-2025,Delhi,299.98
25-10-2025,Delhi,152.84
26-10-2025,Delhi,203.68
27-10-2025,Delhi,148.86
28-10-2025,Delhi,168.07
29-10-2025,Delhi,175.98
30-10-2025,Delhi,158.02
31-10-2025,Delhi,159.52
01-11-2025,Delhi,201.62
02-11-2025,Delhi,154.61
03-11-2025,Delhi,248.5
04-11-2025,Delhi,170.54
05-11-2025,Delhi,339.49
06-11-2025,Delhi,193.97
07-11-2025,Delhi,218.74
08-11-2025,Delhi,158.41
09-11-2025,Delhi,294.67
10-11-2025,Delhi,269.46
11-11-2025,Delhi,233.62
12-11-2025,Delhi,160.82
13-11-2025,Delhi,232.07
14-11-2025,Delhi,173.27
15-11-2025,Delhi,290.68
16-11-2025,Delhi,262.41
17-11-2025,Delhi,231.41
18-11-2025,Delhi,118.58
19-11-2025,Delhi,185.05
20-11-2025,Delhi,261.33
21-11-2025,Delhi,286.03
22-11-2025,Delhi,282.42
23-11-2025,Delhi,161.9
24-11-2025,Delhi,248.14
25-11-2025,Delhi,281.28
26-11-2025,Delhi,161.96
27-11-2025,Delhi,237.21
28-11-2025,Delhi,250.86
29-11-2025,Delhi,225.95
30-11-2025,Delhi,157.08
01-12-2025,Delhi,226.7
02-12-2025,Delhi,227.53
03-12-2025,Delhi,236.49
04-12-2025,Delhi,218.67
05-12-2025,Delhi,224.95
06-12-2025,Delhi,243.94
07-12-2025,Delhi,266.46
08-12-2025,Delhi,233.66
09-12-2025,Delhi,229.72
10-12-2025,Delhi,253.08
11-12-2025,Delhi,163.24
12-12-2025,Delhi,271.88
13-12-2025,Delhi,251.11
14-12-2025,Delhi,253.62
15-12-2025,Delhi,295.74
16-12-2025,Delhi,165.3
17-12-2025,Delhi,164.99
18-12-2025,Delhi,266.76
19-12-2025,Delhi,254.72
20-12-2025,Delhi,263.28
21-12-2025,Delhi,235.39
22-12-2025,Delhi,286.62
23-12-2025,Delhi,299.22
24-12-2025,Delhi,279.53
25-12-2025,Delhi,246.5
26-12-2025,Delhi,163.85
27-12-2025,Delhi,293.75
28-12-2025,Delhi,314.53
29-12-2025,Delhi,288.96
30-12-2025,Delhi,220.74
31-12-2025,Delhi,291.0
01-01-2021,Mumbai,165.5
02-01-2021,Mumbai,183.11
03-01-2021,Mumbai,122.37
04-01-2021,Mumbai,138.74
05-01-2021,Mumbai,163.21
06-01-2021,Mumbai,146.07
07-01-2021,Mumbai,116.8
08-01-2021,Mumbai,155.18
09-01-2021,Mumbai,159.36
10-01-2021,Mumbai,147.16
11-01-2021,Mumbai,150.51
12-01-2021,Mumbai,138.6
13-01-2021,Mumbai,182.06
14-01-2021,Mumbai,122.61
15-01-2021,Mumbai,130.46
16-01-2021,Mumbai,145.42
17-01-2021,Mumbai,167.11
18-01-2021,Mumbai,107.69
19-01-2021,Mumbai,112.34
20-01-2021,Mumbai,94.12
21-01-2021,Mumbai,145.83
22-01-2021,Mumbai,117.0
23-01-2021,Mumbai,135.28
24-01-2021,Mumbai,161.35
25-01-2021,Mumbai,128.68
26-01-2021,Mumbai,150.41
27-01-2021,Mumbai,137.03
28-01-2021,Mumbai,161.2
29-01-2021,Mumbai,156.15
30-01-2021,Mumbai,126.83
31-01-2021,Mumbai,139.77
01-02-2021,Mumbai,169.92
02-02-2021,Mumbai,153.49
03-02-2021,Mumbai,108.55
04-02-2021,Mumbai,159.68
05-02-2021,Mumbai,115.98
06-02-2021,Mumbai,178.2
07-02-2021,Mumbai,168.27
08-02-2021,Mumbai,149.69
09-02-2021,Mumbai,146.13
10-02-2021,Mumbai,136.73
11-02-2021,Mumbai,158.67
12-02-2021,Mumbai,132.17
13-02-2021,Mumbai,147.05
14-02-2021,Mumbai,162.68
15-02-2021,Mumbai,126.54
16-02-2021,Mumbai,124.88
17-02-2021,Mumbai,110.12
18-02-2021,Mumbai,113.05
19-02-2021,Mumbai,93.63
20-02-2021,Mumbai,157.25
21-02-2021,Mumbai,183.88
22-02-2021,Mumbai,173.94
23-02-2021,Mumbai,97.29
24-02-2021,Mumbai,155.7
25-02-2021,Mumbai,172.75
26-02-2021,Mumbai,125.4
27-02-2021,Mumbai,138.96
28-02-2021,Mumbai,85.83
01-03-2021,Mumbai,142.28
02-03-2021,Mumbai,108.61
03-03-2021,Mumbai,139.77
04-03-2021,Mumbai,95.32
05-03-2021,Mumbai,147.49
06-03-2021,Mumbai,159.08
07-03-2021,Mumbai,113.44
08-03-2021,Mumbai,104.14
09-03-2021,Mumbai,78.2
10-03-2021,Mumbai,124.97
11-03-2021,Mumbai,116.62
12-03-2021,Mumbai,91.9
13-03-2021,Mumbai,141.52
14-03-2021,Mumbai,118.45
15-03-2021,Mumbai,102.3
16-03-2021,Mumbai,114.83
17-03-2021,Mumbai,154.97
18-03-2021,Mumbai,142.74
19-03-2021,Mumbai,123.9
20-03-2021,Mumbai,142.1
21-03-2021,Mumbai,97.07
22-03-2021,Mumbai,126.37
23-03-2021,Mumbai,128.71
24-03-2021,Mumbai,112.74
25-03-2021,Mumbai,134.82
26-03-2021,Mumbai,103.88
27-03-2021,Mumbai,135.58
28-03-2021,Mumbai,136.07
29-03-2021,Mumbai,48.79
30-03-2021,Mumbai,150.91
31-03-2021,Mumbai,44.39
01-04-2021,Mumbai,104.61
02-04-2021,Mumbai,145.07
03-04-2021,Mumbai,110.93
04-04-2021,Mumbai,81.63
05-04-2021,Mumbai,90.36
06-04-2021,Mumbai,142.8
07-04-2021,Mumbai,68.51
08-04-2021,Mumbai,144.18
09-04-2021,Mumbai,113.99
10-04-2021,Mumbai,84.97
11-04-2021,Mumbai,99.62
12-04-2021,Mumbai,88.17
13-04-2021,Mumbai,134.67
14-04-2021,Mumbai,130.73
15-04-2021,Mumbai,68.85
16-04-2021,Mumbai,101.15
17-04-2021,Mumbai,89.07
18-04-2021,Mumbai,142.39
19-04-2021,Mumbai,75.71
20-04-2021,Mumbai,148.98
21-04-2021,Mumbai,107.45
22-04-2021,Mumbai,78.64
23-04-2021,Mumbai,90.17
24-04-2021,Mumbai,86.47
25-04-2021,Mumbai,74.06
26-04-2021,Mumbai,107.71
27-04-2021,Mumbai,74.06
28-04-2021,Mumbai,49.67
29-04-2021,Mumbai,94.11
30-04-2021,Mumbai,57.95
01-05-2021,Mumbai,83.65
02-05-2021,Mumbai,79.15
03-05-2021,Mumbai,79.53
04-05-2021,Mumbai,150.77
05-05-2021,Mumbai,101.59
06-05-2021,Mumbai,105.76
07-05-2021,Mumbai,54.66
08-05-2021,Mumbai,82.16
09-05-2021,Mumbai,103.35
10-05-2021,Mumbai,71.81
11-05-2021,Mumbai,119.58
12-05-2021,Mumbai,66.27
13-05-2021,Mumbai,88.65
14-05-2021,Mumbai,80.63
15-05-2021,Mumbai,98.87
16-05-2021,Mumbai,78.23
17-05-2021,Mumbai,86.96
18-05-2021,Mumbai,87.32
19-05-2021,Mumbai,74.36
20-05-2021,Mumbai,104.35
21-05-2021,Mumbai,97.69
22-05-2021,Mumbai,89.03
23-05-2021,Mumbai,80.01
24-05-2021,Mumbai,110.21
25-05-2021,Mumbai,83.93
26-05-2021,Mumbai,81.7
27-05-2021,Mumbai,91.53
28-05-2021,Mumbai,130.88
29-05-2021,Mumbai,54.52
30-05-2021,Mumbai,106.84
31-05-2021,Mumbai,39.84
01-06-2021,Mumbai,92.18
02-06-2021,Mumbai,125.71
03-06-2021,Mumbai,98.15
04-06-2021,Mumbai,89.8
05-06-2021,Mumbai,71.13
06-06-2021,Mumbai,85.54
07-06-2021,Mumbai,78.09
08-06-2021,Mumbai,64.38
09-06-2021,Mumbai,76.42
10-06-2021,Mumbai,88.28
11-06-2021,Mumbai,63.8
12-06-2021,Mumbai,62.49
13-06-2021,Mumbai,48.32
14-06-2021,Mumbai,91.78
15-06-2021,Mumbai,95.34
16-06-2021,Mumbai,87.2
17-06-2021,Mumbai,105.25
18-06-2021,Mumbai,83.03
19-06-2021,Mumbai,90.37
20-06-2021,Mumbai,87.9
21-06-2021,Mumbai,77.77
22-06-2021,Mumbai,66.54
23-06-2021,Mumbai,134.93
24-06-2021,Mumbai,68.06
25-06-2021,Mumbai,62.5
26-06-2021,Mumbai,89.79
27-06-2021,Mumbai,85.04
28-06-2021,Mumbai,43.44
29-06-2021,Mumbai,106.45
30-06-2021,Mumbai,75.87
01-07-2021,Mumbai,50.29
02-07-2021,Mumbai,107.64
03-07-2021,Mumbai,93.43
04-07-2021,Mumbai,46.05
05-07-2021,Mumbai,121.98
06-07-2021,Mumbai,93.91
07-07-2021,Mumbai,77.09
08-07-2021,Mumbai,117.02
09-07-2021,Mumbai,81.17
10-07-2021,Mumbai,76.42
11-07-2021,Mumbai,60.57
12-07-2021,Mumbai,91.58
13-07-2021,Mumbai,88.91
14-07-2021,Mumbai,77.34
15-07-2021,Mumbai,57.21
16-07-2021,Mumbai,80.21
17-07-2021,Mumbai,75.23
18-07-2021,Mumbai,43.65
19-07-2021,Mumbai,40.22
20-07-2021,Mumbai,91.19
21-07-2021,Mumbai,12.06
22-07-2021,Mumbai,82.3
23-07-2021,Mumbai,65.29
24-07-2021,Mumbai,110.03
25-07-2021,Mumbai,65.08
26-07-2021,Mumbai,94.0
27-07-2021,Mumbai,67.7
28-07-2021,Mumbai,80.59
29-07-2021,Mumbai,96.3
30-07-2021,Mumbai,66.46
31-07-2021,Mumbai,103.09
01-08-2021,Mumbai,53.49
02-08-2021,Mumbai,85.87
03-08-2021,Mumbai,101.76
04-08-2021,Mumbai,95.38
05-08-2021,Mumbai,127.0
06-08-2021,Mumbai,60.21
07-08-2021,Mumbai,45.04
08-08-2021,Mumbai,54.89
09-08-2021,Mumbai,96.5
10-08-2021,Mumbai,92.69
11-08-2021,Mumbai,83.06
12-08-2021,Mumbai,52.7
13-08-2021,Mumbai,100.22
14-08-2021,Mumbai,50.72
15-08-2021,Mumbai,110.61
16-08-2021,Mumbai,153.38
17-08-2021,Mumbai,91.42
18-08-2021,Mumbai,97.16
19-08-2021,Mumbai,70.59
20-08-2021,Mumbai,38.0
21-08-2021,Mumbai,68.54
22-08-2021,Mumbai,56.64
23-08-2021,Mumbai,48.15
24-08-2021,Mumbai,127.76
25-08-2021,Mumbai,91.91
26-08-2021,Mumbai,94.97
27-08-2021,Mumbai,78.15
28-08-2021,Mumbai,81.96
29-08-2021,Mumbai,110.81
30-08-2021,Mumbai,86.31
31-08-2021,Mumbai,100.82
01-09-2021,Mumbai,83.09
02-09-2021,Mumbai,79.88
03-09-2021,Mumbai,53.71
04-09-2021,Mumbai,39.9
05-09-2021,Mumbai,83.27
06-09-2021,Mumbai,91.69
07-09-2021,Mumbai,58.61
08-09-2021,Mumbai,90.38
09-09-2021,Mumbai,93.08
10-09-2021,Mumbai,38.33
11-09-2021,Mumbai,69.86
12-09-2021,Mumbai,103.43
13-09-2021,Mumbai,103.44
14-09-2021,Mumbai,65.44
15-09-2021,Mumbai,98.77
16-09-2021,Mumbai,120.9
17-09-2021,Mumbai,115.3
18-09-2021,Mumbai,94.04
19-09-2021,Mumbai,85.27
20-09-2021,Mumbai,81.78
21-09-2021,Mumbai,109.77
22-09-2021,Mumbai,103.51
23-09-2021,Mumbai,114.93
24-09-2021,Mumbai,103.06
25-09-2021,Mumbai,120.8
26-09-2021,Mumbai,103.27
27-09-2021,Mumbai,121.11
28-09-2021,Mumbai,123.84
29-09-2021,Mumbai,82.54
30-09-2021,Mumbai,58.04
01-10-2021,Mumbai,142.42
02-10-2021,Mumbai,110.85
03-10-2021,Mumbai,62.16
04-10-2021,Mumbai,87.78
05-10-2021,Mumbai,125.52
06-10-2021,Mumbai,99.83
07-10-2021,Mumbai,94.63
08-10-2021,Mumbai,143.06
09-10-2021,Mumbai,82.46
10-10-2021,Mumbai,89.3
11-10-2021,Mumbai,115.15
12-10-2021,Mumbai,120.23
13-10-2021,Mumbai,123.49
14-10-2021,Mumbai,134.47
15-10-2021,Mumbai,117.27
16-10-2021,Mumbai,125.15
17-10-2021,Mumbai,107.05
18-10-2021,Mumbai,115.71
19-10-2021,Mumbai,117.44
20-10-2021,Mumbai,120.74
21-10-2021,Mumbai,135.29
22-10-2021,Mumbai,130.46
23-10-2021,Mumbai,118.3
24-10-2021,Mumbai,97.57
25-10-2021,Mumbai,120.1
26-10-2021,Mumbai,118.31
27-10-2021,Mumbai,124.44
28-10-2021,Mumbai,175.37
29-10-2021,Mumbai,107.71
30-10-2021,Mumbai,131.96
31-10-2021,Mumbai,148.71
01-11-2021,Mumbai,125.04
02-11-2021,Mumbai,181.62
03-11-2021,Mumbai,114.31
04-11-2021,Mumbai,132.44
05-11-2021,Mumbai,104.95
06-11-2021,Mumbai,116.71
07-11-2021,Mumbai,132.29
08-11-2021,Mumbai,147.79
09-11-2021,Mumbai,135.17
10-11-2021,Mumbai,159.23
11-11-2021,Mumbai,125.94
12-11-2021,Mumbai,120.56
13-11-2021,Mumbai,197.01
14-11-2021,Mumbai,139.8
15-11-2021,Mumbai,112.5
16-11-2021,Mumbai,113.66
17-11-2021,Mumbai,107.97
18-11-2021,Mumbai,155.47
19-11-2021,Mumbai,123.47
20-11-2021,Mumbai,136.27
21-11-2021,Mumbai,132.0
22-11-2021,Mumbai,152.37
23-11-2021,Mumbai,113.41
24-11-2021,Mumbai,108.17
25-11-2021,Mumbai,141.14
26-11-2021,Mumbai,151.03
27-11-2021,Mumbai,144.79
28-11-2021,Mumbai,116.69
29-11-2021,Mumbai,154.32
30-11-2021,Mumbai,119.23
01-12-2021,Mumbai,125.22
02-12-2021,Mumbai,115.09
03-12-2021,Mumbai,171.64
04-12-2021,Mumbai,155.36
05-12-2021,Mumbai,155.06
06-12-2021,Mumbai,171.51
07-12-2021,Mumbai,211.04
08-12-2021,Mumbai,98.37
09-12-2021,Mumbai,123.02
10-12-2021,Mumbai,126.44
11-12-2021,Mumbai,120.93
12-12-2021,Mumbai,115.61
13-12-2021,Mumbai,135.4
14-12-2021,Mumbai,112.81
15-12-2021,Mumbai,151.92
16-12-2021,Mumbai,145.15
17-12-2021,Mumbai,156.19
18-12-2021,Mumbai,157.15
19-12-2021,Mumbai,159.82
20-12-2021,Mumbai,135.69
21-12-2021,Mumbai,198.32
22-12-2021,Mumbai,151.41
23-12-2021,Mumbai,99.24
24-12-2021,Mumbai,120.98
25-12-2021,Mumbai,102.75
26-12-2021,Mumbai,146.92
27-12-2021,Mumbai,143.65
28-12-2021,Mumbai,135.19
29-12-2021,Mumbai,197.36
30-12-2021,Mumbai,161.0
31-12-2021,Mumbai,165.59
01-01-2022,Mumbai,124.36
02-01-2022,Mumbai,122.81
03-01-2022,Mumbai,148.85
04-01-2022,Mumbai,152.38
05-01-2022,Mumbai,101.77
06-01-2022,Mumbai,143.77
07-01-2022,Mumbai,148.73
08-01-2022,Mumbai,143.09
09-01-2022,Mumbai,128.21
10-01-2022,Mumbai,135.12
11-01-2022,Mumbai,144.25
12-01-2022,Mumbai,150.98
13-01-2022,Mumbai,163.87
14-01-2022,Mumbai,175.8
15-01-2022,Mumbai,141.43
16-01-2022,Mumbai,137.39
17-01-2022,Mumbai,159.73
18-01-2022,Mumbai,164.04
19-01-2022,Mumbai,137.89
20-01-2022,Mumbai,168.47
21-01-2022,Mumbai,173.15
22-01-2022,Mumbai,180.9
23-01-2022,Mumbai,193.0
24-01-2022,Mumbai,126.8
25-01-2022,Mumbai,148.72
26-01-2022,Mumbai,148.56
27-01-2022,Mumbai,145.72
28-01-2022,Mumbai,131.82
29-01-2022,Mumbai,110.78
30-01-2022,Mumbai,150.1
31-01-2022,Mumbai,128.42
01-02-2022,Mumbai,149.62
02-02-2022,Mumbai,127.45
03-02-2022,Mumbai,119.64
04-02-2022,Mumbai,152.8
05-02-2022,Mumbai,150.51
06-02-2022,Mumbai,161.02
07-02-2022,Mumbai,200.96
08-02-2022,Mumbai,153.02
09-02-2022,Mumbai,157.98
10-02-2022,Mumbai,118.67
11-02-2022,Mumbai,113.18
12-02-2022,Mumbai,184.66
13-02-2022,Mumbai,121.73
14-02-2022,Mumbai,118.43
15-02-2022,Mumbai,143.26
16-02-2022,Mumbai,141.68
17-02-2022,Mumbai,121.07
18-02-2022,Mumbai,135.69
19-02-2022,Mumbai,173.72
20-02-2022,Mumbai,122.5
21-02-2022,Mumbai,107.46
22-02-2022,Mumbai,165.52
23-02-2022,Mumbai,153.9
24-02-2022,Mumbai,125.71
25-02-2022,Mumbai,101.3
26-02-2022,Mumbai,121.85
27-02-2022,Mumbai,138.71
28-02-2022,Mumbai,168.82
01-03-2022,Mumbai,113.35
02-03-2022,Mumbai,136.74
03-03-2022,Mumbai,155.31
04-03-2022,Mumbai,78.47
05-03-2022,Mumbai,163.41
06-03-2022,Mumbai,107.56
07-03-2022,Mumbai,144.97
08-03-2022,Mumbai,142.38
09-03-2022,Mumbai,162.87
10-03-2022,Mumbai,149.06
11-03-2022,Mumbai,75.38
12-03-2022,Mumbai,114.71
13-03-2022,Mumbai,137.3
14-03-2022,Mumbai,128.47
15-03-2022,Mumbai,144.79
16-03-2022,Mumbai,152.08
17-03-2022,Mumbai,147.05
18-03-2022,Mumbai,125.96
19-03-2022,Mumbai,84.64
20-03-2022,Mumbai,118.89
21-03-2022,Mumbai,140.16
22-03-2022,Mumbai,101.95
23-03-2022,Mumbai,144.46
24-03-2022,Mumbai,150.84
25-03-2022,Mumbai,130.76
26-03-2022,Mumbai,50.44
27-03-2022,Mumbai,94.53
28-03-2022,Mumbai,173.08
29-03-2022,Mumbai,111.7
30-03-2022,Mumbai,75.2
31-03-2022,Mumbai,155.11
01-04-2022,Mumbai,124.0
02-04-2022,Mumbai,150.71
03-04-2022,Mumbai,129.44
04-04-2022,Mumbai,133.4
05-04-2022,Mumbai,130.43
06-04-2022,Mumbai,138.21
07-04-2022,Mumbai,177.13
08-04-2022,Mumbai,143.88
09-04-2022,Mumbai,79.51
10-04-2022,Mumbai,129.6
11-04-2022,Mumbai,146.38
12-04-2022,Mumbai,147.32
13-04-2022,Mumbai,106.0
14-04-2022,Mumbai,145.2
15-04-2022,Mumbai,138.67
16-04-2022,Mumbai,179.2
17-04-2022,Mumbai,95.55
18-04-2022,Mumbai,101.02
19-04-2022,Mumbai,105.46
20-04-2022,Mumbai,100.27
21-04-2022,Mumbai,89.68
22-04-2022,Mumbai,42.27
23-04-2022,Mumbai,99.88
24-04-2022,Mumbai,119.4
25-04-2022,Mumbai,97.25
26-04-2022,Mumbai,157.38
27-04-2022,Mumbai,108.75
28-04-2022,Mumbai,140.11
29-04-2022,Mumbai,113.79
30-04-2022,Mumbai,127.34
01-05-2022,Mumbai,113.08
02-05-2022,Mumbai,139.75
03-05-2022,Mumbai,106.36
04-05-2022,Mumbai,116.8
05-05-2022,Mumbai,112.99
06-05-2022,Mumbai,96.06
07-05-2022,Mumbai,112.84
08-05-2022,Mumbai,158.02
09-05-2022,Mumbai,94.85
10-05-2022,Mumbai,111.56
11-05-2022,Mumbai,131.97
12-05-2022,Mumbai,128.5
13-05-2022,Mumbai,99.75
14-05-2022,Mumbai,39.35
15-05-2022,Mumbai,111.33
16-05-2022,Mumbai,42.41
17-05-2022,Mumbai,134.13
18-05-2022,Mumbai,101.11
19-05-2022,Mumbai,121.36
20-05-2022,Mumbai,73.32
21-05-2022,Mumbai,56.57
22-05-2022,Mumbai,101.42
23-05-2022,Mumbai,93.58
24-05-2022,Mumbai,81.66
25-05-2022,Mumbai,95.6
26-05-2022,Mumbai,162.2
27-05-2022,Mumbai,113.43
28-05-2022,Mumbai,118.35
29-05-2022,Mumbai,112.78
30-05-2022,Mumbai,128.23
31-05-2022,Mumbai,86.07
01-06-2022,Mumbai,39.03
02-06-2022,Mumbai,85.27
03-06-2022,Mumbai,109.88
04-06-2022,Mumbai,64.94
05-06-2022,Mumbai,84.39
06-06-2022,Mumbai,71.12
07-06-2022,Mumbai,125.59
08-06-2022,Mumbai,106.41
09-06-2022,Mumbai,103.61
10-06-2022,Mumbai,102.51
11-06-2022,Mumbai,85.7
12-06-2022,Mumbai,91.24
13-06-2022,Mumbai,56.34
14-06-2022,Mumbai,31.0
15-06-2022,Mumbai,89.1
16-06-2022,Mumbai,93.16
17-06-2022,Mumbai,115.0
18-06-2022,Mumbai,123.77
19-06-2022,Mumbai,123.47
20-06-2022,Mumbai,59.01
21-06-2022,Mumbai,74.9
22-06-2022,Mumbai,95.47
23-06-2022,Mumbai,146.53
24-06-2022,Mumbai,120.01
25-06-2022,Mumbai,110.78
26-06-2022,Mumbai,72.9
27-06-2022,Mumbai,60.32
28-06-2022,Mumbai,101.93
29-06-2022,Mumbai,54.52
30-06-2022,Mumbai,75.91
01-07-2022,Mumbai,78.85
02-07-2022,Mumbai,121.39
03-07-2022,Mumbai,72.57
04-07-2022,Mumbai,20.33
05-07-2022,Mumbai,93.81
06-07-2022,Mumbai,63.62
07-07-2022,Mumbai,82.06
08-07-2022,Mumbai,78.75
09-07-2022,Mumbai,74.0
10-07-2022,Mumbai,100.54
11-07-2022,Mumbai,42.4
12-07-2022,Mumbai,67.76
13-07-2022,Mumbai,97.75
14-07-2022,Mumbai,65.27
15-07-2022,Mumbai,40.39
16-07-2022,Mumbai,97.33
17-07-2022,Mumbai,108.7
18-07-2022,Mumbai,79.51
19-07-2022,Mumbai,31.65
20-07-2022,Mumbai,98.36
21-07-2022,Mumbai,39.26
22-07-2022,Mumbai,88.54
23-07-2022,Mumbai,58.7
24-07-2022,Mumbai,51.98
25-07-2022,Mumbai,70.01
26-07-2022,Mumbai,76.58
27-07-2022,Mumbai,65.17
28-07-2022,Mumbai,96.12
29-07-2022,Mumbai,70.38
30-07-2022,Mumbai,106.18
31-07-2022,Mumbai,88.85
01-08-2022,Mumbai,64.55
02-08-2022,Mumbai,60.51
03-08-2022,Mumbai,41.15
04-08-2022,Mumbai,89.8
05-08-2022,Mumbai,73.87
06-08-2022,Mumbai,23.64
07-08-2022,Mumbai,69.78
08-08-2022,Mumbai,60.87
09-08-2022,Mumbai,123.03
10-08-2022,Mumbai,41.32
11-08-2022,Mumbai,48.12
12-08-2022,Mumbai,112.17
13-08-2022,Mumbai,118.62
14-08-2022,Mumbai,66.36
15-08-2022,Mumbai,69.48
16-08-2022,Mumbai,101.0
17-08-2022,Mumbai,27.73
18-08-2022,Mumbai,39.7
19-08-2022,Mumbai,79.54
20-08-2022,Mumbai,125.65
21-08-2022,Mumbai,76.36
22-08-2022,Mumbai,90.13
23-08-2022,Mumbai,116.32
24-08-2022,Mumbai,141.03
25-08-2022,Mumbai,74.32
26-08-2022,Mumbai,88.71
27-08-2022,Mumbai,135.08
28-08-2022,Mumbai,51.88
29-08-2022,Mumbai,116.04
30-08-2022,Mumbai,65.31
31-08-2022,Mumbai,93.76
01-09-2022,Mumbai,85.57
02-09-2022,Mumbai,68.13
03-09-2022,Mumbai,67.96
04-09-2022,Mumbai,99.9
05-09-2022,Mumbai,118.35
06-09-2022,Mumbai,90.69
07-09-2022,Mumbai,96.16
08-09-2022,Mumbai,109.17
09-09-2022,Mumbai,71.1
10-09-2022,Mumbai,114.38
11-09-2022,Mumbai,116.87
12-09-2022,Mumbai,161.99
13-09-2022,Mumbai,88.01
14-09-2022,Mumbai,86.48
15-09-2022,Mumbai,117.68
16-09-2022,Mumbai,119.47
17-09-2022,Mumbai,86.15
18-09-2022,Mumbai,89.99
19-09-2022,Mumbai,114.14
20-09-2022,Mumbai,80.48
21-09-2022,Mumbai,91.46
22-09-2022,Mumbai,104.52
23-09-2022,Mumbai,127.74
24-09-2022,Mumbai,88.3
25-09-2022,Mumbai,57.93
26-09-2022,Mumbai,56.64
27-09-2022,Mumbai,73.65
28-09-2022,Mumbai,72.89
29-09-2022,Mumbai,102.44
30-09-2022,Mumbai,77.17
01-10-2022,Mumbai,89.92
02-10-2022,Mumbai,88.73
03-10-2022,Mumbai,97.66
04-10-2022,Mumbai,142.34
05-10-2022,Mumbai,126.42
06-10-2022,Mumbai,110.88
07-10-2022,Mumbai,99.55
08-10-2022,Mumbai,100.85
09-10-2022,Mumbai,120.49
10-10-2022,Mumbai,127.51
11-10-2022,Mumbai,90.82
12-10-2022,Mumbai,115.03
13-10-2022,Mumbai,63.94
14-10-2022,Mumbai,120.64
15-10-2022,Mumbai,135.01
16-10-2022,Mumbai,109.57
17-10-2022,Mumbai,162.59
18-10-2022,Mumbai,95.76
19-10-2022,Mumbai,123.84
20-10-2022,Mumbai,118.12
21-10-2022,Mumbai,117.12
22-10-2022,Mumbai,117.38
23-10-2022,Mumbai,123.52
24-10-2022,Mumbai,142.65
25-10-2022,Mumbai,156.5
26-10-2022,Mumbai,122.6
27-10-2022,Mumbai,143.64
28-10-2022,Mumbai,106.32
29-10-2022,Mumbai,143.61
30-10-2022,Mumbai,106.0
31-10-2022,Mumbai,152.91
01-11-2022,Mumbai,181.5
02-11-2022,Mumbai,123.77
03-11-2022,Mumbai,72.6
04-11-2022,Mumbai,114.29
05-11-2022,Mumbai,159.37
06-11-2022,Mumbai,142.97
07-11-2022,Mumbai,135.94
08-11-2022,Mumbai,155.5
09-11-2022,Mumbai,142.96
10-11-2022,Mumbai,161.85
11-11-2022,Mumbai,154.95
12-11-2022,Mumbai,170.55
13-11-2022,Mumbai,142.03
14-11-2022,Mumbai,156.23
15-11-2022,Mumbai,126.46
16-11-2022,Mumbai,119.63
17-11-2022,Mumbai,177.86
18-11-2022,Mumbai,141.12
19-11-2022,Mumbai,156.35
20-11-2022,Mumbai,139.83
21-11-2022,Mumbai,122.57
22-11-2022,Mumbai,138.01
23-11-2022,Mumbai,174.12
24-11-2022,Mumbai,152.59
25-11-2022,Mumbai,96.4
26-11-2022,Mumbai,134.28
27-11-2022,Mumbai,184.68
28-11-2022,Mumbai,135.24
29-11-2022,Mumbai,96.02
30-11-2022,Mumbai,188.8
01-12-2022,Mumbai,158.97
02-12-2022,Mumbai,140.59
03-12-2022,Mumbai,133.48
04-12-2022,Mumbai,170.23
05-12-2022,Mumbai,130.03
06-12-2022,Mumbai,172.69
07-12-2022,Mumbai,157.93
08-12-2022,Mumbai,150.87
09-12-2022,Mumbai,148.76
10-12-2022,Mumbai,141.12
11-12-2022,Mumbai,171.99
12-12-2022,Mumbai,124.57
13-12-2022,Mumbai,105.99
14-12-2022,Mumbai,162.23
15-12-2022,Mumbai,162.97
16-12-2022,Mumbai,159.51
17-12-2022,Mumbai,158.01
18-12-2022,Mumbai,140.09
19-12-2022,Mumbai,168.08
20-12-2022,Mumbai,147.53
21-12-2022,Mumbai,136.76
22-12-2022,Mumbai,141.4
23-12-2022,Mumbai,199.96
24-12-2022,Mumbai,106.31
25-12-2022,Mumbai,162.41
26-12-2022,Mumbai,108.16
27-12-2022,Mumbai,147.64
28-12-2022,Mumbai,139.71
29-12-2022,Mumbai,98.61
30-12-2022,Mumbai,160.65
31-12-2022,Mumbai,141.59
01-01-2023,Mumbai,98.81
02-01-2023,Mumbai,172.43
03-01-2023,Mumbai,187.45
04-01-2023,Mumbai,188.96
05-01-2023,Mumbai,160.8
06-01-2023,Mumbai,153.08
07-01-2023,Mumbai,185.23
08-01-2023,Mumbai,194.18
09-01-2023,Mumbai,180.53
10-01-2023,Mumbai,128.72
11-01-2023,Mumbai,157.35
12-01-2023,Mumbai,163.35
13-01-2023,Mumbai,107.16
14-01-2023,Mumbai,164.16
15-01-2023,Mumbai,209.26
16-01-2023,Mumbai,168.44
17-01-2023,Mumbai,189.27
18-01-2023,Mumbai,157.0
19-01-2023,Mumbai,150.57
20-01-2023,Mumbai,161.89
21-01-2023,Mumbai,131.92
22-01-2023,Mumbai,128.16
23-01-2023,Mumbai,183.85
24-01-2023,Mumbai,186.42
25-01-2023,Mumbai,127.25
26-01-2023,Mumbai,176.13
27-01-2023,Mumbai,149.64
28-01-2023,Mumbai,160.19
29-01-2023,Mumbai,163.08
30-01-2023,Mumbai,176.29
31-01-2023,Mumbai,153.35
01-02-2023,Mumbai,186.38
02-02-2023,Mumbai,158.69
03-02-2023,Mumbai,166.38
04-02-2023,Mumbai,129.76
05-02-2023,Mumbai,204.36
06-02-2023,Mumbai,161.93
07-02-2023,Mumbai,167.79
08-02-2023,Mumbai,109.53
09-02-2023,Mumbai,128.94
10-02-2023,Mumbai,180.2
11-02-2023,Mumbai,156.17
12-02-2023,Mumbai,100.89
13-02-2023,Mumbai,174.42
14-02-2023,Mumbai,134.59
15-02-2023,Mumbai,183.17
16-02-2023,Mumbai,145.39
17-02-2023,Mumbai,152.4
18-02-2023,Mumbai,176.44
19-02-2023,Mumbai,124.2
20-02-2023,Mumbai,121.48
21-02-2023,Mumbai,141.04
22-02-2023,Mumbai,166.28
23-02-2023,Mumbai,111.97
24-02-2023,Mumbai,103.18
25-02-2023,Mumbai,165.09
26-02-2023,Mumbai,129.04
27-02-2023,Mumbai,133.92
28-02-2023,Mumbai,96.9
01-03-2023,Mumbai,125.94
02-03-2023,Mumbai,142.31
03-03-2023,Mumbai,165.34
04-03-2023,Mumbai,122.37
05-03-2023,Mumbai,182.65
06-03-2023,Mumbai,123.66
07-03-2023,Mumbai,123.25
08-03-2023,Mumbai,178.3
09-03-2023,Mumbai,144.69
10-03-2023,Mumbai,125.13
11-03-2023,Mumbai,134.58
12-03-2023,Mumbai,171.8
13-03-2023,Mumbai,174.15
14-03-2023,Mumbai,116.58
15-03-2023,Mumbai,135.44
16-03-2023,Mumbai,138.25
17-03-2023,Mumbai,110.83
18-03-2023,Mumbai,133.58
19-03-2023,Mumbai,134.58
20-03-2023,Mumbai,162.43
21-03-2023,Mumbai,163.58
22-03-2023,Mumbai,124.63
23-03-2023,Mumbai,126.98
24-03-2023,Mumbai,148.39
25-03-2023,Mumbai,116.61
26-03-2023,Mumbai,145.4
27-03-2023,Mumbai,127.93
28-03-2023,Mumbai,105.34
29-03-2023,Mumbai,105.09
30-03-2023,Mumbai,164.63
31-03-2023,Mumbai,123.97
01-04-2023,Mumbai,168.32
02-04-2023,Mumbai,113.9
03-04-2023,Mumbai,133.45
04-04-2023,Mumbai,185.4
05-04-2023,Mumbai,98.57
06-04-2023,Mumbai,76.98
07-04-2023,Mumbai,156.01
08-04-2023,Mumbai,102.59
09-04-2023,Mumbai,122.15
10-04-2023,Mumbai,107.44
11-04-2023,Mumbai,128.2
12-04-2023,Mumbai,97.14
13-04-2023,Mumbai,115.81
14-04-2023,Mumbai,130.97
15-04-2023,Mumbai,93.92
16-04-2023,Mumbai,101.04
17-04-2023,Mumbai,109.26
18-04-2023,Mumbai,81.63
19-04-2023,Mumbai,106.2
20-04-2023,Mumbai,119.14
21-04-2023,Mumbai,105.59
22-04-2023,Mumbai,108.21
23-04-2023,Mumbai,113.9
24-04-2023,Mumbai,97.42
25-04-2023,Mumbai,130.51
26-04-2023,Mumbai,148.54
27-04-2023,Mumbai,100.45
28-04-2023,Mumbai,123.61
29-04-2023,Mumbai,104.91
30-04-2023,Mumbai,119.46
01-05-2023,Mumbai,148.9
02-05-2023,Mumbai,121.9
03-05-2023,Mumbai,64.27
04-05-2023,Mumbai,119.39
05-05-2023,Mumbai,138.3
06-05-2023,Mumbai,101.38
07-05-2023,Mumbai,131.26
08-05-2023,Mumbai,88.56
09-05-2023,Mumbai,68.13
10-05-2023,Mumbai,108.25
11-05-2023,Mumbai,60.27
12-05-2023,Mumbai,97.65
13-05-2023,Mumbai,135.28
14-05-2023,Mumbai,54.84
15-05-2023,Mumbai,70.07
16-05-2023,Mumbai,75.74
17-05-2023,Mumbai,99.45
18-05-2023,Mumbai,91.38
19-05-2023,Mumbai,135.0
20-05-2023,Mumbai,123.38
21-05-2023,Mumbai,111.41
22-05-2023,Mumbai,102.19
23-05-2023,Mumbai,107.9
24-05-2023,Mumbai,76.05
25-05-2023,Mumbai,118.56
26-05-2023,Mumbai,68.87
27-05-2023,Mumbai,117.1
28-05-2023,Mumbai,125.42
29-05-2023,Mumbai,100.6
30-05-2023,Mumbai,90.49
31-05-2023,Mumbai,104.47
01-06-2023,Mumbai,22.51
02-06-2023,Mumbai,101.19
03-06-2023,Mumbai,90.4
04-06-2023,Mumbai,91.57
05-06-2023,Mumbai,110.11
06-06-2023,Mumbai,90.2
07-06-2023,Mumbai,63.19
08-06-2023,Mumbai,87.79
09-06-2023,Mumbai,92.66
10-06-2023,Mumbai,93.49
11-06-2023,Mumbai,94.33
12-06-2023,Mumbai,115.93
13-06-2023,Mumbai,62.47
14-06-2023,Mumbai,93.7
15-06-2023,Mumbai,121.25
16-06-2023,Mumbai,45.34
17-06-2023,Mumbai,92.91
18-06-2023,Mumbai,73.5
19-06-2023,Mumbai,78.6
20-06-2023,Mumbai,64.99
21-06-2023,Mumbai,83.12
22-06-2023,Mumbai,133.15
23-06-2023,Mumbai,55.27
24-06-2023,Mumbai,57.42
25-06-2023,Mumbai,53.9
26-06-2023,Mumbai,129.43
27-06-2023,Mumbai,74.49
28-06-2023,Mumbai,85.22
29-06-2023,Mumbai,75.62
30-06-2023,Mumbai,61.91
01-07-2023,Mumbai,79.49
02-07-2023,Mumbai,146.68
03-07-2023,Mumbai,119.89
04-07-2023,Mumbai,63.64
05-07-2023,Mumbai,101.04
06-07-2023,Mumbai,63.95
07-07-2023,Mumbai,40.24
08-07-2023,Mumbai,110.05
09-07-2023,Mumbai,113.49
10-07-2023,Mumbai,110.58
11-07-2023,Mumbai,72.63
12-07-2023,Mumbai,80.16
13-07-2023,Mumbai,103.04
14-07-2023,Mumbai,94.06
15-07-2023,Mumbai,74.42
16-07-2023,Mumbai,43.79
17-07-2023,Mumbai,87.12
18-07-2023,Mumbai,111.27
19-07-2023,Mumbai,54.38
20-07-2023,Mumbai,100.33
21-07-2023,Mumbai,92.7
22-07-2023,Mumbai,103.22
23-07-2023,Mumbai,106.34
24-07-2023,Mumbai,67.26
25-07-2023,Mumbai,44.29
26-07-2023,Mumbai,71.48
27-07-2023,Mumbai,107.15
28-07-2023,Mumbai,71.5
29-07-2023,Mumbai,67.83
30-07-2023,Mumbai,39.79
31-07-2023,Mumbai,129.29
01-08-2023,Mumbai,106.28
02-08-2023,Mumbai,105.06
03-08-2023,Mumbai,110.18
04-08-2023,Mumbai,100.6
05-08-2023,Mumbai,80.28
06-08-2023,Mumbai,82.5
07-08-2023,Mumbai,76.13
08-08-2023,Mumbai,152.92
09-08-2023,Mumbai,101.19
10-08-2023,Mumbai,75.95
11-08-2023,Mumbai,99.44
12-08-2023,Mumbai,62.8
13-08-2023,Mumbai,125.96
14-08-2023,Mumbai,72.11
15-08-2023,Mumbai,101.46
16-08-2023,Mumbai,115.89
17-08-2023,Mumbai,99.17
18-08-2023,Mumbai,92.24
19-08-2023,Mumbai,90.48
20-08-2023,Mumbai,89.14
21-08-2023,Mumbai,76.49
22-08-2023,Mumbai,80.02
23-08-2023,Mumbai,128.62
24-08-2023,Mumbai,89.29
25-08-2023,Mumbai,72.74
26-08-2023,Mumbai,79.87
27-08-2023,Mumbai,120.69
28-08-2023,Mumbai,110.47
29-08-2023,Mumbai,108.01
30-08-2023,Mumbai,87.98
31-08-2023,Mumbai,109.19
01-09-2023,Mumbai,79.2
02-09-2023,Mumbai,89.24
03-09-2023,Mumbai,120.43
04-09-2023,Mumbai,118.5
05-09-2023,Mumbai,72.56
06-09-2023,Mumbai,76.19
07-09-2023,Mumbai,100.78
08-09-2023,Mumbai,141.7
09-09-2023,Mumbai,51.15
10-09-2023,Mumbai,106.49
11-09-2023,Mumbai,65.64
12-09-2023,Mumbai,84.69
13-09-2023,Mumbai,91.95
14-09-2023,Mumbai,91.07
15-09-2023,Mumbai,88.77
16-09-2023,Mumbai,102.82
17-09-2023,Mumbai,89.8
18-09-2023,Mumbai,67.16
19-09-2023,Mumbai,123.76
20-09-2023,Mumbai,123.64
21-09-2023,Mumbai,126.45
22-09-2023,Mumbai,67.41
23-09-2023,Mumbai,113.97
24-09-2023,Mumbai,123.96
25-09-2023,Mumbai,81.85
26-09-2023,Mumbai,108.44
27-09-2023,Mumbai,105.88
28-09-2023,Mumbai,155.42
29-09-2023,Mumbai,158.07
30-09-2023,Mumbai,68.94
01-10-2023,Mumbai,173.48
02-10-2023,Mumbai,88.85
03-10-2023,Mumbai,136.84
04-10-2023,Mumbai,137.19
05-10-2023,Mumbai,88.63
06-10-2023,Mumbai,126.46
07-10-2023,Mumbai,112.04
08-10-2023,Mumbai,129.19
09-10-2023,Mumbai,121.71
10-10-2023,Mumbai,146.46
11-10-2023,Mumbai,119.05
12-10-2023,Mumbai,113.57
13-10-2023,Mumbai,145.78
14-10-2023,Mumbai,133.5
15-10-2023,Mumbai,137.9
16-10-2023,Mumbai,103.6
17-10-2023,Mumbai,94.7
18-10-2023,Mumbai,107.25
19-10-2023,Mumbai,106.53
20-10-2023,Mumbai,142.32
21-10-2023,Mumbai,147.67
22-10-2023,Mumbai,120.01
23-10-2023,Mumbai,160.26
24-10-2023,Mumbai,159.31
25-10-2023,Mumbai,131.79
26-10-2023,Mumbai,105.76
27-10-2023,Mumbai,166.29
28-10-2023,Mumbai,125.99
29-10-2023,Mumbai,131.26
30-10-2023,Mumbai,120.21
31-10-2023,Mumbai,107.05
01-11-2023,Mumbai,93.17
02-11-2023,Mumbai,146.3
03-11-2023,Mumbai,111.48
04-11-2023,Mumbai,208.13
05-11-2023,Mumbai,105.07
06-11-2023,Mumbai,101.36
07-11-2023,Mumbai,146.12
08-11-2023,Mumbai,172.17
09-11-2023,Mumbai,136.11
10-11-2023,Mumbai,149.36
11-11-2023,Mumbai,89.52
12-11-2023,Mumbai,119.22
13-11-2023,Mumbai,109.87
14-11-2023,Mumbai,89.87
15-11-2023,Mumbai,140.71
16-11-2023,Mumbai,82.24
17-11-2023,Mumbai,105.79
18-11-2023,Mumbai,125.93
19-11-2023,Mumbai,119.09
20-11-2023,Mumbai,150.29
21-11-2023,Mumbai,148.53
22-11-2023,Mumbai,163.73
23-11-2023,Mumbai,160.68
24-11-2023,Mumbai,170.88
25-11-2023,Mumbai,142.79
26-11-2023,Mumbai,150.89
27-11-2023,Mumbai,156.56
28-11-2023,Mumbai,147.77
29-11-2023,Mumbai,134.75
30-11-2023,Mumbai,136.81
01-12-2023,Mumbai,125.12
02-12-2023,Mumbai,156.53
03-12-2023,Mumbai,144.06
04-12-2023,Mumbai,130.25
05-12-2023,Mumbai,130.68
06-12-2023,Mumbai,117.37
07-12-2023,Mumbai,172.49
08-12-2023,Mumbai,150.37
09-12-2023,Mumbai,127.21
10-12-2023,Mumbai,169.36
11-12-2023,Mumbai,135.49
12-12-2023,Mumbai,114.69
13-12-2023,Mumbai,175.72
14-12-2023,Mumbai,137.09
15-12-2023,Mumbai,140.62
16-12-2023,Mumbai,152.19
17-12-2023,Mumbai,180.03
18-12-2023,Mumbai,152.26
19-12-2023,Mumbai,122.07
20-12-2023,Mumbai,165.92
21-12-2023,Mumbai,140.47
22-12-2023,Mumbai,200.05
23-12-2023,Mumbai,153.07
24-12-2023,Mumbai,97.46
25-12-2023,Mumbai,162.5
26-12-2023,Mumbai,202.4
27-12-2023,Mumbai,193.4
28-12-2023,Mumbai,199.97
29-12-2023,Mumbai,128.9
30-12-2023,Mumbai,177.38
31-12-2023,Mumbai,136.69
01-01-2024,Mumbai,160.55
02-01-2024,Mumbai,123.26
03-01-2024,Mumbai,139.12
04-01-2024,Mumbai,138.45
05-01-2024,Mumbai,177.94
06-01-2024,Mumbai,175.6
07-01-2024,Mumbai,162.6
08-01-2024,Mumbai,122.01
09-01-2024,Mumbai,148.05
10-01-2024,Mumbai,137.26
11-01-2024,Mumbai,177.71
12-01-2024,Mumbai,185.47
13-01-2024,Mumbai,182.46
14-01-2024,Mumbai,137.19
15-01-2024,Mumbai,87.6
16-01-2024,Mumbai,111.92
17-01-2024,Mumbai,191.63
18-01-2024,Mumbai,146.04
19-01-2024,Mumbai,137.28
20-01-2024,Mumbai,197.08
21-01-2024,Mumbai,187.59
22-01-2024,Mumbai,156.52
23-01-2024,Mumbai,148.5
24-01-2024,Mumbai,152.46
25-01-2024,Mumbai,161.35
26-01-2024,Mumbai,195.58
27-01-2024,Mumbai,166.03
28-01-2024,Mumbai,173.5
29-01-2024,Mumbai,184.45
30-01-2024,Mumbai,125.84
31-01-2024,Mumbai,173.8
01-02-2024,Mumbai,147.41
02-02-2024,Mumbai,91.7
03-02-2024,Mumbai,101.22
04-02-2024,Mumbai,128.79
05-02-2024,Mumbai,167.32
06-02-2024,Mumbai,156.68
07-02-2024,Mumbai,158.23
08-02-2024,Mumbai,202.16
09-02-2024,Mumbai,121.43
10-02-2024,Mumbai,152.22
11-02-2024,Mumbai,160.26
12-02-2024,Mumbai,133.98
13-02-2024,Mumbai,152.82
14-02-2024,Mumbai,111.83
15-02-2024,Mumbai,186.79
16-02-2024,Mumbai,134.2
17-02-2024,Mumbai,201.72
18-02-2024,Mumbai,149.8
19-02-2024,Mumbai,175.99
20-02-2024,Mumbai,148.62
21-02-2024,Mumbai,148.84
22-02-2024,Mumbai,134.65
23-02-2024,Mumbai,151.87
24-02-2024,Mumbai,156.48
25-02-2024,Mumbai,128.54
26-02-2024,Mumbai,144.64
27-02-2024,Mumbai,132.12
28-02-2024,Mumbai,204.47
29-02-2024,Mumbai,144.32
01-03-2024,Mumbai,184.78
02-03-2024,Mumbai,140.84
03-03-2024,Mumbai,151.78
04-03-2024,Mumbai,111.83
05-03-2024,Mumbai,133.25
06-03-2024,Mumbai,149.24
07-03-2024,Mumbai,183.17
08-03-2024,Mumbai,148.6
09-03-2024,Mumbai,177.18
10-03-2024,Mumbai,158.13
11-03-2024,Mumbai,182.31
12-03-2024,Mumbai,139.66
13-03-2024,Mumbai,200.4
14-03-2024,Mumbai,128.01
15-03-2024,Mumbai,120.48
16-03-2024,Mumbai,108.88
17-03-2024,Mumbai,196.9
18-03-2024,Mumbai,158.59
19-03-2024,Mumbai,129.22
20-03-2024,Mumbai,168.27
21-03-2024,Mumbai,153.71
22-03-2024,Mumbai,185.13
23-03-2024,Mumbai,96.74
24-03-2024,Mumbai,128.25
25-03-2024,Mumbai,122.77
26-03-2024,Mumbai,84.44
27-03-2024,Mumbai,159.73
28-03-2024,Mumbai,125.9
29-03-2024,Mumbai,150.59
30-03-2024,Mumbai,190.53
31-03-2024,Mumbai,122.13
01-04-2024,Mumbai,119.86
02-04-2024,Mumbai,132.78
03-04-2024,Mumbai,153.92
04-04-2024,Mumbai,114.49
05-04-2024,Mumbai,112.3
06-04-2024,Mumbai,153.92
07-04-2024,Mumbai,136.37
08-04-2024,Mumbai,75.2
09-04-2024,Mumbai,95.1
10-04-2024,Mumbai,162.68
11-04-2024,Mumbai,134.6
12-04-2024,Mumbai,104.91
13-04-2024,Mumbai,119.11
14-04-2024,Mumbai,123.11
15-04-2024,Mumbai,140.58
16-04-2024,Mumbai,87.64
17-04-2024,Mumbai,99.98
18-04-2024,Mumbai,127.24
19-04-2024,Mumbai,117.33
20-04-2024,Mumbai,133.53
21-04-2024,Mumbai,87.9
22-04-2024,Mumbai,126.98
23-04-2024,Mumbai,144.75
24-04-2024,Mumbai,129.05
25-04-2024,Mumbai,119.77
26-04-2024,Mumbai,113.31
27-04-2024,Mumbai,94.26
28-04-2024,Mumbai,112.75
29-04-2024,Mumbai,145.47
30-04-2024,Mumbai,110.42
01-05-2024,Mumbai,90.58
02-05-2024,Mumbai,99.95
03-05-2024,Mumbai,116.72
04-05-2024,Mumbai,101.79
05-05-2024,Mumbai,122.7
06-05-2024,Mumbai,123.09
07-05-2024,Mumbai,131.69
08-05-2024,Mumbai,144.5
09-05-2024,Mumbai,133.27
10-05-2024,Mumbai,84.47
11-05-2024,Mumbai,84.7
12-05-2024,Mumbai,104.87
13-05-2024,Mumbai,94.95
14-05-2024,Mumbai,77.25
15-05-2024,Mumbai,94.15
16-05-2024,Mumbai,92.82
17-05-2024,Mumbai,87.38
18-05-2024,Mumbai,95.78
19-05-2024,Mumbai,132.63
20-05-2024,Mumbai,107.66
21-05-2024,Mumbai,163.99
22-05-2024,Mumbai,105.98
23-05-2024,Mumbai,93.99
24-05-2024,Mumbai,100.88
25-05-2024,Mumbai,106.73
26-05-2024,Mumbai,110.75
27-05-2024,Mumbai,151.34
28-05-2024,Mumbai,77.84
29-05-2024,Mumbai,120.02
30-05-2024,Mumbai,103.31
31-05-2024,Mumbai,58.42
01-06-2024,Mumbai,116.55
02-06-2024,Mumbai,128.57
03-06-2024,Mumbai,75.06
04-06-2024,Mumbai,95.87
05-06-2024,Mumbai,52.58
06-06-2024,Mumbai,63.87
07-06-2024,Mumbai,121.18
08-06-2024,Mumbai,82.96
09-06-2024,Mumbai,66.55
10-06-2024,Mumbai,99.67
11-06-2024,Mumbai,80.54
12-06-2024,Mumbai,81.5
13-06-2024,Mumbai,111.44
14-06-2024,Mumbai,63.61
15-06-2024,Mumbai,69.72
16-06-2024,Mumbai,95.92
17-06-2024,Mumbai,116.02
18-06-2024,Mumbai,122.47
19-06-2024,Mumbai,74.63
20-06-2024,Mumbai,114.44
21-06-2024,Mumbai,71.16
22-06-2024,Mumbai,136.19
23-06-2024,Mumbai,61.96
24-06-2024,Mumbai,123.31
25-06-2024,Mumbai,73.48
26-06-2024,Mumbai,140.03
27-06-2024,Mumbai,104.29
28-06-2024,Mumbai,63.94
29-06-2024,Mumbai,76.12
30-06-2024,Mumbai,108.55
01-07-2024,Mumbai,115.19
02-07-2024,Mumbai,86.97
03-07-2024,Mumbai,89.73
04-07-2024,Mumbai,107.46
05-07-2024,Mumbai,91.69
06-07-2024,Mumbai,55.96
07-07-2024,Mumbai,67.89
08-07-2024,Mumbai,94.02
09-07-2024,Mumbai,118.46
10-07-2024,Mumbai,128.42
11-07-2024,Mumbai,107.47
12-07-2024,Mumbai,95.13
13-07-2024,Mumbai,106.65
14-07-2024,Mumbai,71.24
15-07-2024,Mumbai,84.08
16-07-2024,Mumbai,67.32
17-07-2024,Mumbai,56.72
18-07-2024,Mumbai,96.31
19-07-2024,Mumbai,92.65
20-07-2024,Mumbai,105.25
21-07-2024,Mumbai,101.77
22-07-2024,Mumbai,94.26
23-07-2024,Mumbai,102.19
24-07-2024,Mumbai,87.3
25-07-2024,Mumbai,98.79
26-07-2024,Mumbai,70.42
27-07-2024,Mumbai,97.94
28-07-2024,Mumbai,105.54
29-07-2024,Mumbai,72.23
30-07-2024,Mumbai,90.42
31-07-2024,Mumbai,73.7
01-08-2024,Mumbai,76.3
02-08-2024,Mumbai,61.52
03-08-2024,Mumbai,121.48
04-08-2024,Mumbai,116.68
05-08-2024,Mumbai,103.68
06-08-2024,Mumbai,139.77
07-08-2024,Mumbai,85.97
08-08-2024,Mumbai,166.74
09-08-2024,Mumbai,85.5
10-08-2024,Mumbai,97.83
11-08-2024,Mumbai,81.78
12-08-2024,Mumbai,101.31
13-08-2024,Mumbai,113.18
14-08-2024,Mumbai,89.74
15-08-2024,Mumbai,137.31
16-08-2024,Mumbai,99.18
17-08-2024,Mumbai,100.29
18-08-2024,Mumbai,71.14
19-08-2024,Mumbai,104.67
20-08-2024,Mumbai,91.2
21-08-2024,Mumbai,79.71
22-08-2024,Mumbai,75.87
23-08-2024,Mumbai,162.45
24-08-2024,Mumbai,89.45
25-08-2024,Mumbai,60.0
26-08-2024,Mumbai,79.37
27-08-2024,Mumbai,95.95
28-08-2024,Mumbai,111.32
29-08-2024,Mumbai,111.94
30-08-2024,Mumbai,115.42
31-08-2024,Mumbai,82.82
01-09-2024,Mumbai,107.89
02-09-2024,Mumbai,77.93
03-09-2024,Mumbai,84.8
04-09-2024,Mumbai,77.82
05-09-2024,Mumbai,71.52
06-09-2024,Mumbai,128.32
07-09-2024,Mumbai,119.41
08-09-2024,Mumbai,127.1
09-09-2024,Mumbai,104.17
10-09-2024,Mumbai,123.11
11-09-2024,Mumbai,60.17
12-09-2024,Mumbai,126.29
13-09-2024,Mumbai,109.66
14-09-2024,Mumbai,121.44
15-09-2024,Mumbai,115.79
16-09-2024,Mumbai,82.15
17-09-2024,Mumbai,69.92
18-09-2024,Mumbai,90.11
19-09-2024,Mumbai,122.59
20-09-2024,Mumbai,126.27
21-09-2024,Mumbai,75.38
22-09-2024,Mumbai,85.62
23-09-2024,Mumbai,92.63
24-09-2024,Mumbai,102.35
25-09-2024,Mumbai,77.81
26-09-2024,Mumbai,76.89
27-09-2024,Mumbai,92.47
28-09-2024,Mumbai,115.76
29-09-2024,Mumbai,84.68
30-09-2024,Mumbai,111.89
01-10-2024,Mumbai,141.84
02-10-2024,Mumbai,83.43
03-10-2024,Mumbai,111.41
04-10-2024,Mumbai,142.79
05-10-2024,Mumbai,107.32
06-10-2024,Mumbai,104.04
07-10-2024,Mumbai,148.07
08-10-2024,Mumbai,111.94
09-10-2024,Mumbai,147.81
10-10-2024,Mumbai,131.53
11-10-2024,Mumbai,112.85
12-10-2024,Mumbai,134.02
13-10-2024,Mumbai,130.65
14-10-2024,Mumbai,148.78
15-10-2024,Mumbai,110.16
16-10-2024,Mumbai,125.51
17-10-2024,Mumbai,123.55
18-10-2024,Mumbai,143.31
19-10-2024,Mumbai,100.68
20-10-2024,Mumbai,152.35
21-10-2024,Mumbai,139.19
22-10-2024,Mumbai,95.22
23-10-2024,Mumbai,158.96
24-10-2024,Mumbai,185.21
25-10-2024,Mumbai,155.0
26-10-2024,Mumbai,166.24
27-10-2024,Mumbai,133.29
28-10-2024,Mumbai,90.22
29-10-2024,Mumbai,86.25
30-10-2024,Mumbai,139.32
31-10-2024,Mumbai,118.74
01-11-2024,Mumbai,111.26
02-11-2024,Mumbai,133.14
03-11-2024,Mumbai,150.68
04-11-2024,Mumbai,99.55
05-11-2024,Mumbai,125.22
06-11-2024,Mumbai,174.76
07-11-2024,Mumbai,110.7
08-11-2024,Mumbai,159.89
09-11-2024,Mumbai,126.59
10-11-2024,Mumbai,152.91
11-11-2024,Mumbai,167.24
12-11-2024,Mumbai,158.89
13-11-2024,Mumbai,163.63
14-11-2024,Mumbai,112.64
15-11-2024,Mumbai,169.81
16-11-2024,Mumbai,121.17
17-11-2024,Mumbai,149.5
18-11-2024,Mumbai,149.98
19-11-2024,Mumbai,156.16
20-11-2024,Mumbai,152.96
21-11-2024,Mumbai,123.94
22-11-2024,Mumbai,111.78
23-11-2024,Mumbai,167.82
24-11-2024,Mumbai,151.13
25-11-2024,Mumbai,175.69
26-11-2024,Mumbai,146.3
27-11-2024,Mumbai,112.75
28-11-2024,Mumbai,172.48
29-11-2024,Mumbai,139.52
30-11-2024,Mumbai,157.76
01-12-2024,Mumbai,133.45
02-12-2024,Mumbai,191.17
03-12-2024,Mumbai,128.56
04-12-2024,Mumbai,142.45
05-12-2024,Mumbai,153.97
06-12-2024,Mumbai,124.37
07-12-2024,Mumbai,160.32
08-12-2024,Mumbai,192.72
09-12-2024,Mumbai,140.53
10-12-2024,Mumbai,163.03
11-12-2024,Mumbai,84.76
12-12-2024,Mumbai,152.87
13-12-2024,Mumbai,146.34
14-12-2024,Mumbai,134.03
15-12-2024,Mumbai,181.84
16-12-2024,Mumbai,146.96
17-12-2024,Mumbai,150.97
18-12-2024,Mumbai,146.26
19-12-2024,Mumbai,108.05
20-12-2024,Mumbai,127.94
21-12-2024,Mumbai,180.53
22-12-2024,Mumbai,104.0
23-12-2024,Mumbai,137.83
24-12-2024,Mumbai,147.22
25-12-2024,Mumbai,201.03
26-12-2024,Mumbai,176.86
27-12-2024,Mumbai,143.92
28-12-2024,Mumbai,190.65
29-12-2024,Mumbai,139.71
30-12-2024,Mumbai,183.62
31-12-2024,Mumbai,124.58
01-01-2025,Mumbai,185.43
02-01-2025,Mumbai,148.6
03-01-2025,Mumbai,133.17
04-01-2025,Mumbai,153.59
05-01-2025,Mumbai,166.07
06-01-2025,Mumbai,146.87
07-01-2025,Mumbai,173.19
08-01-2025,Mumbai,144.85
09-01-2025,Mumbai,175.01
10-01-2025,Mumbai,170.63
11-01-2025,Mumbai,158.1
12-01-2025,Mumbai,148.64
13-01-2025,Mumbai,163.5
14-01-2025,Mumbai,173.49
15-01-2025,Mumbai,211.29
16-01-2025,Mumbai,183.24
17-01-2025,Mumbai,184.15
18-01-2025,Mumbai,236.95
19-01-2025,Mumbai,172.61
20-01-2025,Mumbai,171.79
21-01-2025,Mumbai,177.22
22-01-2025,Mumbai,134.34
23-01-2025,Mumbai,148.4
24-01-2025,Mumbai,146.77
25-01-2025,Mumbai,175.52
26-01-2025,Mumbai,154.88
27-01-2025,Mumbai,162.58
28-01-2025,Mumbai,186.19
29-01-2025,Mumbai,180.46
30-01-2025,Mumbai,154.7
31-01-2025,Mumbai,141.84
01-02-2025,Mumbai,186.82
02-02-2025,Mumbai,177.61
03-02-2025,Mumbai,117.93
04-02-2025,Mumbai,150.07
05-02-2025,Mumbai,161.84
06-02-2025,Mumbai,176.96
07-02-2025,Mumbai,180.03
08-02-2025,Mumbai,164.15
09-02-2025,Mumbai,171.44
10-02-2025,Mumbai,158.17
11-02-2025,Mumbai,139.47
12-02-2025,Mumbai,149.52
13-02-2025,Mumbai,156.25
14-02-2025,Mumbai,154.62
15-02-2025,Mumbai,108.06
16-02-2025,Mumbai,144.96
17-02-2025,Mumbai,156.0
18-02-2025,Mumbai,147.24
19-02-2025,Mumbai,147.77
20-02-2025,Mumbai,165.81
21-02-2025,Mumbai,126.29
22-02-2025,Mumbai,112.21
23-02-2025,Mumbai,143.85
24-02-2025,Mumbai,171.29
25-02-2025,Mumbai,194.0
26-02-2025,Mumbai,170.98
27-02-2025,Mumbai,114.33
28-02-2025,Mumbai,144.82
01-03-2025,Mumbai,156.64
02-03-2025,Mumbai,154.25
03-03-2025,Mumbai,162.87
04-03-2025,Mumbai,126.03
05-03-2025,Mumbai,150.15
06-03-2025,Mumbai,158.59
07-03-2025,Mumbai,168.27
08-03-2025,Mumbai,127.03
09-03-2025,Mumbai,138.08
10-03-2025,Mumbai,78.65
11-03-2025,Mumbai,130.23
12-03-2025,Mumbai,132.18
13-03-2025,Mumbai,119.31
14-03-2025,Mumbai,148.45
15-03-2025,Mumbai,142.41
16-03-2025,Mumbai,86.82
17-03-2025,Mumbai,148.18
18-03-2025,Mumbai,119.07
19-03-2025,Mumbai,153.9
20-03-2025,Mumbai,109.19
21-03-2025,Mumbai,141.46
22-03-2025,Mumbai,133.09
23-03-2025,Mumbai,147.21
24-03-2025,Mumbai,142.21
25-03-2025,Mumbai,132.17
26-03-2025,Mumbai,99.59
27-03-2025,Mumbai,100.51
28-03-2025,Mumbai,122.29
29-03-2025,Mumbai,136.12
30-03-2025,Mumbai,120.55
31-03-2025,Mumbai,150.82
01-04-2025,Mumbai,127.64
02-04-2025,Mumbai,109.93
03-04-2025,Mumbai,126.52
04-04-2025,Mumbai,138.54
05-04-2025,Mumbai,140.44
06-04-2025,Mumbai,178.7
07-04-2025,Mumbai,114.43
08-04-2025,Mumbai,128.73
09-04-2025,Mumbai,140.63
10-04-2025,Mumbai,128.81
11-04-2025,Mumbai,116.29
12-04-2025,Mumbai,89.48
13-04-2025,Mumbai,114.85
14-04-2025,Mumbai,100.19
15-04-2025,Mumbai,83.28
16-04-2025,Mumbai,105.96
17-04-2025,Mumbai,99.08
18-04-2025,Mumbai,139.26
19-04-2025,Mumbai,139.1
20-04-2025,Mumbai,100.88
21-04-2025,Mumbai,116.39
22-04-2025,Mumbai,75.85
23-04-2025,Mumbai,109.35
24-04-2025,Mumbai,131.1
25-04-2025,Mumbai,141.16
26-04-2025,Mumbai,102.13
27-04-2025,Mumbai,145.67
28-04-2025,Mumbai,80.9
29-04-2025,Mumbai,87.02
30-04-2025,Mumbai,135.38
01-05-2025,Mumbai,158.84
02-05-2025,Mumbai,128.82
03-05-2025,Mumbai,114.91
04-05-2025,Mumbai,60.47
05-05-2025,Mumbai,64.23
06-05-2025,Mumbai,117.47
07-05-2025,Mumbai,104.72
08-05-2025,Mumbai,85.48
09-05-2025,Mumbai,114.21
10-05-2025,Mumbai,114.91
11-05-2025,Mumbai,135.1
12-05-2025,Mumbai,114.37
13-05-2025,Mumbai,141.13
14-05-2025,Mumbai,110.09
15-05-2025,Mumbai,106.49
16-05-2025,Mumbai,135.46
17-05-2025,Mumbai,83.88
18-05-2025,Mumbai,178.19
19-05-2025,Mumbai,116.71
20-05-2025,Mumbai,116.35
21-05-2025,Mumbai,119.47
22-05-2025,Mumbai,152.79
23-05-2025,Mumbai,125.19
24-05-2025,Mumbai,64.78
25-05-2025,Mumbai,139.53
26-05-2025,Mumbai,95.46
27-05-2025,Mumbai,106.2
28-05-2025,Mumbai,71.1
29-05-2025,Mumbai,115.79
30-05-2025,Mumbai,85.92
31-05-2025,Mumbai,104.28
01-06-2025,Mumbai,94.26
02-06-2025,Mumbai,149.07
03-06-2025,Mumbai,150.1
04-06-2025,Mumbai,101.31
05-06-2025,Mumbai,101.36
06-06-2025,Mumbai,90.04
07-06-2025,Mumbai,126.65
08-06-2025,Mumbai,90.41
09-06-2025,Mumbai,87.75
10-06-2025,Mumbai,122.39
11-06-2025,Mumbai,84.13
12-06-2025,Mumbai,96.31
13-06-2025,Mumbai,57.4
14-06-2025,Mumbai,114.22
15-06-2025,Mumbai,144.83
16-06-2025,Mumbai,114.05
17-06-2025,Mumbai,132.27
18-06-2025,Mumbai,74.3
19-06-2025,Mumbai,101.09
20-06-2025,Mumbai,71.34
21-06-2025,Mumbai,88.97
22-06-2025,Mumbai,113.73
23-06-2025,Mumbai,96.74
24-06-2025,Mumbai,58.65
25-06-2025,Mumbai,60.88
26-06-2025,Mumbai,59.02
27-06-2025,Mumbai,105.64
28-06-2025,Mumbai,144.77
29-06-2025,Mumbai,127.06
30-06-2025,Mumbai,45.43
01-07-2025,Mumbai,128.2
02-07-2025,Mumbai,115.94
03-07-2025,Mumbai,53.76
04-07-2025,Mumbai,84.69
05-07-2025,Mumbai,119.55
06-07-2025,Mumbai,105.81
07-07-2025,Mumbai,59.23
08-07-2025,Mumbai,107.14
09-07-2025,Mumbai,38.36
10-07-2025,Mumbai,86.17
11-07-2025,Mumbai,120.13
12-07-2025,Mumbai,92.1
13-07-2025,Mumbai,79.13
14-07-2025,Mumbai,113.82
15-07-2025,Mumbai,115.94
16-07-2025,Mumbai,124.32
17-07-2025,Mumbai,113.44
18-07-2025,Mumbai,118.63
19-07-2025,Mumbai,109.95
20-07-2025,Mumbai,98.31
21-07-2025,Mumbai,93.96
22-07-2025,Mumbai,85.85
23-07-2025,Mumbai,61.54
24-07-2025,Mumbai,68.05
25-07-2025,Mumbai,84.97
26-07-2025,Mumbai,98.16
27-07-2025,Mumbai,128.26
28-07-2025,Mumbai,91.31
29-07-2025,Mumbai,117.58
30-07-2025,Mumbai,119.62
31-07-2025,Mumbai,87.0
01-08-2025,Mumbai,107.81
02-08-2025,Mumbai,87.03
03-08-2025,Mumbai,126.36
04-08-2025,Mumbai,109.39
05-08-2025,Mumbai,63.93
06-08-2025,Mumbai,97.95
07-08-2025,Mumbai,135.33
08-08-2025,Mumbai,89.83
09-08-2025,Mumbai,105.79
10-08-2025,Mumbai,108.5
11-08-2025,Mumbai,69.2
12-08-2025,Mumbai,108.15
13-08-2025,Mumbai,60.81
14-08-2025,Mumbai,80.31
15-08-2025,Mumbai,123.14
16-08-2025,Mumbai,105.47
17-08-2025,Mumbai,89.25
18-08-2025,Mumbai,108.35
19-08-2025,Mumbai,96.02
20-08-2025,Mumbai,98.18
21-08-2025,Mumbai,114.63
22-08-2025,Mumbai,80.39
23-08-2025,Mumbai,99.95
24-08-2025,Mumbai,91.51
25-08-2025,Mumbai,60.06
26-08-2025,Mumbai,77.08
27-08-2025,Mumbai,139.69
28-08-2025,Mumbai,110.51
29-08-2025,Mumbai,68.22
30-08-2025,Mumbai,63.22
31-08-2025,Mumbai,99.36
01-09-2025,Mumbai,141.63
02-09-2025,Mumbai,98.37
03-09-2025,Mumbai,136.17
04-09-2025,Mumbai,112.75
05-09-2025,Mumbai,116.2
06-09-2025,Mumbai,71.5
07-09-2025,Mumbai,128.81
08-09-2025,Mumbai,97.48
09-09-2025,Mumbai,127.92
10-09-2025,Mumbai,86.49
11-09-2025,Mumbai,111.77
12-09-2025,Mumbai,116.66
13-09-2025,Mumbai,104.52
14-09-2025,Mumbai,119.01
15-09-2025,Mumbai,102.76
16-09-2025,Mumbai,93.72
17-09-2025,Mumbai,150.62
18-09-2025,Mumbai,137.25
19-09-2025,Mumbai,92.55
20-09-2025,Mumbai,126.34
21-09-2025,Mumbai,94.11
22-09-2025,Mumbai,83.62
23-09-2025,Mumbai,139.65
24-09-2025,Mumbai,71.77
25-09-2025,Mumbai,138.12
26-09-2025,Mumbai,109.2
27-09-2025,Mumbai,110.81
28-09-2025,Mumbai,126.92
29-09-2025,Mumbai,131.8
30-09-2025,Mumbai,97.2
01-10-2025,Mumbai,136.39
02-10-2025,Mumbai,121.87
03-10-2025,Mumbai,88.23
04-10-2025,Mumbai,115.99
05-10-2025,Mumbai,155.37
06-10-2025,Mumbai,163.35
07-10-2025,Mumbai,139.97
08-10-2025,Mumbai,92.89
09-10-2025,Mumbai,135.52
10-10-2025,Mumbai,145.13
11-10-2025,Mumbai,142.61
12-10-2025,Mumbai,144.7
13-10-2025,Mumbai,134.77
14-10-2025,Mumbai,124.49
15-10-2025,Mumbai,111.71
16-10-2025,Mumbai,80.08
17-10-2025,Mumbai,136.63
18-10-2025,Mumbai,133.4
19-10-2025,Mumbai,143.3
20-10-2025,Mumbai,96.54
21-10-2025,Mumbai,146.71
22-10-2025,Mumbai,182.56
23-10-2025,Mumbai,133.76
24-10-2025,Mumbai,130.87
25-10-2025,Mumbai,140.74
26-10-2025,Mumbai,184.43
27-10-2025,Mumbai,108.63
28-10-2025,Mumbai,139.9
29-10-2025,Mumbai,115.43
30-10-2025,Mumbai,122.34
31-10-2025,Mumbai,135.37
01-11-2025,Mumbai,170.88
02-11-2025,Mumbai,182.81
03-11-2025,Mumbai,149.57
04-11-2025,Mumbai,129.54
05-11-2025,Mumbai,201.85
06-11-2025,Mumbai,129.42
07-11-2025,Mumbai,126.4
08-11-2025,Mumbai,96.87
09-11-2025,Mumbai,176.71
10-11-2025,Mumbai,166.57
11-11-2025,Mumbai,203.37
12-11-2025,Mumbai,108.73
13-11-2025,Mumbai,180.47
14-11-2025,Mumbai,146.31
15-11-2025,Mumbai,165.25
16-11-2025,Mumbai,104.43
17-11-2025,Mumbai,182.85
18-11-2025,Mumbai,166.33
19-11-2025,Mumbai,146.21
20-11-2025,Mumbai,163.82
21-11-2025,Mumbai,129.06
22-11-2025,Mumbai,134.21
23-11-2025,Mumbai,137.6
24-11-2025,Mumbai,103.35
25-11-2025,Mumbai,171.69
26-11-2025,Mumbai,180.41
27-11-2025,Mumbai,133.55
28-11-2025,Mumbai,160.25
29-11-2025,Mumbai,145.35
30-11-2025,Mumbai,160.64
01-12-2025,Mumbai,137.18
02-12-2025,Mumbai,131.21
03-12-2025,Mumbai,180.02
04-12-2025,Mumbai,152.54
05-12-2025,Mumbai,205.09
06-12-2025,Mumbai,156.1
07-12-2025,Mumbai,132.18
08-12-2025,Mumbai,186.39
09-12-2025,Mumbai,171.86
10-12-2025,Mumbai,174.62
11-12-2025,Mumbai,186.57
12-12-2025,Mumbai,140.84
13-12-2025,Mumbai,154.32
14-12-2025,Mumbai,153.54
15-12-2025,Mumbai,125.88
16-12-2025,Mumbai,151.88
17-12-2025,Mumbai,192.18
18-12-2025,Mumbai,165.0
19-12-2025,Mumbai,125.7
20-12-2025,Mumbai,120.74
21-12-2025,Mumbai,201.52
22-12-2025,Mumbai,157.9
23-12-2025,Mumbai,144.22
24-12-2025,Mumbai,153.8
25-12-2025,Mumbai,123.94
26-12-2025,Mumbai,196.68
27-12-2025,Mumbai,151.48
28-12-2025,Mumbai,195.69
29-12-2025,Mumbai,162.99
30-12-2025,Mumbai,197.62
31-12-2025,Mumbai,168.47
01-01-2021,Bangalore,107.22
02-01-2021,Bangalore,105.3
03-01-2021,Bangalore,103.94
04-01-2021,Bangalore,99.89
05-01-2021,Bangalore,91.25
06-01-2021,Bangalore,123.54
07-01-2021,Bangalore,81.27
08-01-2021,Bangalore,94.99
09-01-2021,Bangalore,95.2
10-01-2021,Bangalore,101.05
11-01-2021,Bangalore,88.61
12-01-2021,Bangalore,99.8
13-01-2021,Bangalore,92.58
14-01-2021,Bangalore,71.4
15-01-2021,Bangalore,95.28
16-01-2021,Bangalore,78.64
17-01-2021,Bangalore,69.13
18-01-2021,Bangalore,97.2
19-01-2021,Bangalore,102.45
20-01-2021,Bangalore,103.02
21-01-2021,Bangalore,103.6
22-01-2021,Bangalore,66.08
23-01-2021,Bangalore,74.62
24-01-2021,Bangalore,124.59
25-01-2021,Bangalore,79.24
26-01-2021,Bangalore,104.06
27-01-2021,Bangalore,84.53
28-01-2021,Bangalore,95.97
29-01-2021,Bangalore,85.2
30-01-2021,Bangalore,103.05
31-01-2021,Bangalore,96.6
01-02-2021,Bangalore,87.74
02-02-2021,Bangalore,78.62
03-02-2021,Bangalore,98.29
04-02-2021,Bangalore,75.98
05-02-2021,Bangalore,100.47
06-02-2021,Bangalore,133.34
07-02-2021,Bangalore,114.08
08-02-2021,Bangalore,104.47
09-02-2021,Bangalore,92.28
10-02-2021,Bangalore,64.35
11-02-2021,Bangalore,73.46
12-02-2021,Bangalore,112.39
13-02-2021,Bangalore,81.15
14-02-2021,Bangalore,82.35
15-02-2021,Bangalore,90.19
16-02-2021,Bangalore,76.57
17-02-2021,Bangalore,73.93
18-02-2021,Bangalore,91.4
19-02-2021,Bangalore,78.6
20-02-2021,Bangalore,80.67
21-02-2021,Bangalore,79.88
22-02-2021,Bangalore,99.23
23-02-2021,Bangalore,87.71
24-02-2021,Bangalore,88.31
25-02-2021,Bangalore,99.73
26-02-2021,Bangalore,88.43
27-02-2021,Bangalore,86.17
28-02-2021,Bangalore,97.18
01-03-2021,Bangalore,99.91
02-03-2021,Bangalore,87.45
03-03-2021,Bangalore,90.63
04-03-2021,Bangalore,77.45
05-03-2021,Bangalore,76.03
06-03-2021,Bangalore,100.22
07-03-2021,Bangalore,95.11
08-03-2021,Bangalore,95.01
09-03-2021,Bangalore,92.13
10-03-2021,Bangalore,88.35
11-03-2021,Bangalore,97.83
12-03-2021,Bangalore,101.14
13-03-2021,Bangalore,100.51
14-03-2021,Bangalore,85.05
15-03-2021,Bangalore,107.09
16-03-2021,Bangalore,89.43
17-03-2021,Bangalore,95.2
18-03-2021,Bangalore,89.65
19-03-2021,Bangalore,88.84
20-03-2021,Bangalore,73.8
21-03-2021,Bangalore,95.06
22-03-2021,Bangalore,126.92
23-03-2021,Bangalore,78.31
24-03-2021,Bangalore,84.69
25-03-2021,Bangalore,76.63
26-03-2021,Bangalore,75.69
27-03-2021,Bangalore,105.86
28-03-2021,Bangalore,72.29
29-03-2021,Bangalore,74.96
30-03-2021,Bangalore,57.94
31-03-2021,Bangalore,70.06
01-04-2021,Bangalore,55.48
02-04-2021,Bangalore,90.26
03-04-2021,Bangalore,122.46
04-04-2021,Bangalore,74.63
05-04-2021,Bangalore,54.81
06-04-2021,Bangalore,92.98
07-04-2021,Bangalore,68.25
08-04-2021,Bangalore,98.31
09-04-2021,Bangalore,74.26
10-04-2021,Bangalore,68.68
11-04-2021,Bangalore,75.16
12-04-2021,Bangalore,88.86
13-04-2021,Bangalore,73.75
14-04-2021,Bangalore,69.37
15-04-2021,Bangalore,73.51
16-04-2021,Bangalore,57.08
17-04-2021,Bangalore,81.78
18-04-2021,Bangalore,48.69
19-04-2021,Bangalore,68.49
20-04-2021,Bangalore,86.21
21-04-2021,Bangalore,79.03
22-04-2021,Bangalore,83.01
23-04-2021,Bangalore,72.85
24-04-2021,Bangalore,91.04
25-04-2021,Bangalore,87.03
26-04-2021,Bangalore,79.52
27-04-2021,Bangalore,86.42
28-04-2021,Bangalore,83.43
29-04-2021,Bangalore,65.26
30-04-2021,Bangalore,51.37
01-05-2021,Bangalore,77.51
02-05-2021,Bangalore,79.07
03-05-2021,Bangalore,86.91
04-05-2021,Bangalore,56.19
05-05-2021,Bangalore,56.32
06-05-2021,Bangalore,76.5
07-05-2021,Bangalore,68.22
08-05-2021,Bangalore,40.69
09-05-2021,Bangalore,74.3
10-05-2021,Bangalore,40.58
11-05-2021,Bangalore,53.88
12-05-2021,Bangalore,88.03
13-05-2021,Bangalore,94.83
14-05-2021,Bangalore,48.93
15-05-2021,Bangalore,61.92
16-05-2021,Bangalore,67.21
17-05-2021,Bangalore,93.0
18-05-2021,Bangalore,58.61
19-05-2021,Bangalore,58.56
20-05-2021,Bangalore,88.67
21-05-2021,Bangalore,59.54
22-05-2021,Bangalore,75.72
23-05-2021,Bangalore,42.46
24-05-2021,Bangalore,61.78
25-05-2021,Bangalore,39.2
26-05-2021,Bangalore,48.0
27-05-2021,Bangalore,76.16
28-05-2021,Bangalore,62.58
29-05-2021,Bangalore,58.29
30-05-2021,Bangalore,51.6
31-05-2021,Bangalore,59.29
01-06-2021,Bangalore,66.88
02-06-2021,Bangalore,76.87
03-06-2021,Bangalore,22.53
04-06-2021,Bangalore,49.2
05-06-2021,Bangalore,63.85
06-06-2021,Bangalore,59.77
07-06-2021,Bangalore,67.09
08-06-2021,Bangalore,64.85
09-06-2021,Bangalore,56.06
10-06-2021,Bangalore,52.54
11-06-2021,Bangalore,56.57
12-06-2021,Bangalore,77.3
13-06-2021,Bangalore,48.9
14-06-2021,Bangalore,58.77
15-06-2021,Bangalore,62.29
16-06-2021,Bangalore,82.78
17-06-2021,Bangalore,54.71
18-06-2021,Bangalore,73.44
19-06-2021,Bangalore,77.39
20-06-2021,Bangalore,57.81
21-06-2021,Bangalore,55.46
22-06-2021,Bangalore,53.55
23-06-2021,Bangalore,54.52
24-06-2021,Bangalore,71.05
25-06-2021,Bangalore,61.58
26-06-2021,Bangalore,61.54
27-06-2021,Bangalore,41.02
28-06-2021,Bangalore,43.29
29-06-2021,Bangalore,89.85
30-06-2021,Bangalore,54.94
01-07-2021,Bangalore,45.91
02-07-2021,Bangalore,78.92
03-07-2021,Bangalore,61.6
04-07-2021,Bangalore,65.98
05-07-2021,Bangalore,55.18
06-07-2021,Bangalore,52.41
07-07-2021,Bangalore,54.6
08-07-2021,Bangalore,36.36
09-07-2021,Bangalore,55.74
10-07-2021,Bangalore,61.47
11-07-2021,Bangalore,84.76
12-07-2021,Bangalore,58.27
13-07-2021,Bangalore,21.96
14-07-2021,Bangalore,55.55
15-07-2021,Bangalore,98.05
16-07-2021,Bangalore,69.96
17-07-2021,Bangalore,44.81
18-07-2021,Bangalore,65.85
19-07-2021,Bangalore,45.88
20-07-2021,Bangalore,36.73
21-07-2021,Bangalore,51.84
22-07-2021,Bangalore,58.48
23-07-2021,Bangalore,29.07
24-07-2021,Bangalore,39.96
25-07-2021,Bangalore,57.41
26-07-2021,Bangalore,51.2
27-07-2021,Bangalore,63.31
28-07-2021,Bangalore,39.24
29-07-2021,Bangalore,68.25
30-07-2021,Bangalore,39.87
31-07-2021,Bangalore,82.36
01-08-2021,Bangalore,32.08
02-08-2021,Bangalore,41.53
03-08-2021,Bangalore,64.29
04-08-2021,Bangalore,83.1
05-08-2021,Bangalore,62.99
06-08-2021,Bangalore,66.83
07-08-2021,Bangalore,58.78
08-08-2021,Bangalore,43.26
09-08-2021,Bangalore,51.44
10-08-2021,Bangalore,40.76
11-08-2021,Bangalore,39.91
12-08-2021,Bangalore,65.28
13-08-2021,Bangalore,42.57
14-08-2021,Bangalore,64.38
15-08-2021,Bangalore,40.23
16-08-2021,Bangalore,64.38
17-08-2021,Bangalore,52.79
18-08-2021,Bangalore,81.41
19-08-2021,Bangalore,65.36
20-08-2021,Bangalore,79.24
21-08-2021,Bangalore,49.58
22-08-2021,Bangalore,61.96
23-08-2021,Bangalore,46.62
24-08-2021,Bangalore,55.35
25-08-2021,Bangalore,57.84
26-08-2021,Bangalore,51.12
27-08-2021,Bangalore,44.0
28-08-2021,Bangalore,41.27
29-08-2021,Bangalore,27.62
30-08-2021,Bangalore,47.11
31-08-2021,Bangalore,72.62
01-09-2021,Bangalore,39.49
02-09-2021,Bangalore,43.2
03-09-2021,Bangalore,90.85
04-09-2021,Bangalore,54.7
05-09-2021,Bangalore,69.34
06-09-2021,Bangalore,74.43
07-09-2021,Bangalore,75.01
08-09-2021,Bangalore,42.52
09-09-2021,Bangalore,62.17
10-09-2021,Bangalore,41.66
11-09-2021,Bangalore,102.92
12-09-2021,Bangalore,42.59
13-09-2021,Bangalore,51.1
14-09-2021,Bangalore,51.51
15-09-2021,Bangalore,44.97
16-09-2021,Bangalore,88.02
17-09-2021,Bangalore,104.38
18-09-2021,Bangalore,61.22
19-09-2021,Bangalore,48.86
20-09-2021,Bangalore,35.44
21-09-2021,Bangalore,65.65
22-09-2021,Bangalore,64.89
23-09-2021,Bangalore,60.19
24-09-2021,Bangalore,73.61
25-09-2021,Bangalore,76.55
26-09-2021,Bangalore,75.8
27-09-2021,Bangalore,66.55
28-09-2021,Bangalore,55.1
29-09-2021,Bangalore,81.95
30-09-2021,Bangalore,72.49
01-10-2021,Bangalore,85.97
02-10-2021,Bangalore,84.84
03-10-2021,Bangalore,52.01
04-10-2021,Bangalore,52.17
05-10-2021,Bangalore,62.7
06-10-2021,Bangalore,58.53
07-10-2021,Bangalore,86.06
08-10-2021,Bangalore,80.35
09-10-2021,Bangalore,91.92
10-10-2021,Bangalore,81.73
11-10-2021,Bangalore,79.26
12-10-2021,Bangalore,94.48
13-10-2021,Bangalore,83.89
14-10-2021,Bangalore,78.22
15-10-2021,Bangalore,99.75
16-10-2021,Bangalore,79.63
17-10-2021,Bangalore,73.69
18-10-2021,Bangalore,66.04
19-10-2021,Bangalore,89.51
20-10-2021,Bangalore,97.87
21-10-2021,Bangalore,78.91
22-10-2021,Bangalore,99.64
23-10-2021,Bangalore,50.82
24-10-2021,Bangalore,79.89
25-10-2021,Bangalore,80.47
26-10-2021,Bangalore,70.52
27-10-2021,Bangalore,117.53
28-10-2021,Bangalore,81.13
29-10-2021,Bangalore,76.35
30-10-2021,Bangalore,83.2
31-10-2021,Bangalore,53.11
01-11-2021,Bangalore,72.1
02-11-2021,Bangalore,98.58
03-11-2021,Bangalore,74.74
04-11-2021,Bangalore,72.08
05-11-2021,Bangalore,104.49
06-11-2021,Bangalore,105.28
07-11-2021,Bangalore,93.26
08-11-2021,Bangalore,79.01
09-11-2021,Bangalore,82.57
10-11-2021,Bangalore,74.43
11-11-2021,Bangalore,71.89
12-11-2021,Bangalore,71.46
13-11-2021,Bangalore,78.17
14-11-2021,Bangalore,72.24
15-11-2021,Bangalore,64.61
16-11-2021,Bangalore,91.67
17-11-2021,Bangalore,92.2
18-11-2021,Bangalore,114.49
19-11-2021,Bangalore,79.25
20-11-2021,Bangalore,94.02
21-11-2021,Bangalore,94.56
22-11-2021,Bangalore,86.35
23-11-2021,Bangalore,101.6
24-11-2021,Bangalore,102.35
25-11-2021,Bangalore,95.91
26-11-2021,Bangalore,87.44
27-11-2021,Bangalore,86.18
28-11-2021,Bangalore,71.29
29-11-2021,Bangalore,79.98
30-11-2021,Bangalore,83.0
01-12-2021,Bangalore,75.72
02-12-2021,Bangalore,99.43
03-12-2021,Bangalore,111.02
04-12-2021,Bangalore,79.7
05-12-2021,Bangalore,97.8
06-12-2021,Bangalore,78.27
07-12-2021,Bangalore,89.44
08-12-2021,Bangalore,83.88
09-12-2021,Bangalore,103.48
10-12-2021,Bangalore,84.48
11-12-2021,Bangalore,110.05
12-12-2021,Bangalore,91.39
13-12-2021,Bangalore,85.53
14-12-2021,Bangalore,76.67
15-12-2021,Bangalore,99.46
16-12-2021,Bangalore,109.27
17-12-2021,Bangalore,100.12
18-12-2021,Bangalore,129.78
19-12-2021,Bangalore,117.81
20-12-2021,Bangalore,91.91
21-12-2021,Bangalore,91.91
22-12-2021,Bangalore,103.88
23-12-2021,Bangalore,84.41
24-12-2021,Bangalore,114.62
25-12-2021,Bangalore,102.68
26-12-2021,Bangalore,101.24
27-12-2021,Bangalore,107.82
28-12-2021,Bangalore,123.47
29-12-2021,Bangalore,100.31
30-12-2021,Bangalore,96.16
31-12-2021,Bangalore,120.59
01-01-2022,Bangalore,112.59
02-01-2022,Bangalore,93.35
03-01-2022,Bangalore,98.32
04-01-2022,Bangalore,101.25
05-01-2022,Bangalore,103.82
06-01-2022,Bangalore,78.11
07-01-2022,Bangalore,75.38
08-01-2022,Bangalore,85.26
09-01-2022,Bangalore,84.15
10-01-2022,Bangalore,89.01
11-01-2022,Bangalore,108.22
12-01-2022,Bangalore,96.2
13-01-2022,Bangalore,101.7
14-01-2022,Bangalore,80.41
15-01-2022,Bangalore,91.87
16-01-2022,Bangalore,107.61
17-01-2022,Bangalore,107.72
18-01-2022,Bangalore,87.92
19-01-2022,Bangalore,101.21
20-01-2022,Bangalore,131.75
21-01-2022,Bangalore,98.48
22-01-2022,Bangalore,88.32
23-01-2022,Bangalore,96.07
24-01-2022,Bangalore,100.02
25-01-2022,Bangalore,96.33
26-01-2022,Bangalore,98.07
27-01-2022,Bangalore,76.83
28-01-2022,Bangalore,83.98
29-01-2022,Bangalore,96.11
30-01-2022,Bangalore,95.8
31-01-2022,Bangalore,89.7
01-02-2022,Bangalore,95.46
02-02-2022,Bangalore,98.93
03-02-2022,Bangalore,111.26
04-02-2022,Bangalore,96.33
05-02-2022,Bangalore,103.7
06-02-2022,Bangalore,89.47
07-02-2022,Bangalore,106.06
08-02-2022,Bangalore,102.99
09-02-2022,Bangalore,110.21
10-02-2022,Bangalore,107.78
11-02-2022,Bangalore,105.77
12-02-2022,Bangalore,95.32
13-02-2022,Bangalore,100.32
14-02-2022,Bangalore,112.44
15-02-2022,Bangalore,86.54
16-02-2022,Bangalore,86.73
17-02-2022,Bangalore,98.7
18-02-2022,Bangalore,102.03
19-02-2022,Bangalore,83.26
20-02-2022,Bangalore,94.31
21-02-2022,Bangalore,93.83
22-02-2022,Bangalore,61.82
23-02-2022,Bangalore,91.55
24-02-2022,Bangalore,92.28
25-02-2022,Bangalore,92.02
26-02-2022,Bangalore,115.45
27-02-2022,Bangalore,75.76
28-02-2022,Bangalore,81.4
01-03-2022,Bangalore,54.36
02-03-2022,Bangalore,86.09
03-03-2022,Bangalore,87.14
04-03-2022,Bangalore,85.18
05-03-2022,Bangalore,109.2
06-03-2022,Bangalore,105.25
07-03-2022,Bangalore,93.25
08-03-2022,Bangalore,86.27
09-03-2022,Bangalore,106.96
10-03-2022,Bangalore,91.01
11-03-2022,Bangalore,78.76
12-03-2022,Bangalore,65.02
13-03-2022,Bangalore,83.87
14-03-2022,Bangalore,101.53
15-03-2022,Bangalore,124.08
16-03-2022,Bangalore,90.57
17-03-2022,Bangalore,77.88
18-03-2022,Bangalore,71.3
19-03-2022,Bangalore,97.06
20-03-2022,Bangalore,62.02
21-03-2022,Bangalore,96.44
22-03-2022,Bangalore,100.15
23-03-2022,Bangalore,94.13
24-03-2022,Bangalore,83.98
25-03-2022,Bangalore,95.44
26-03-2022,Bangalore,89.22
27-03-2022,Bangalore,74.68
28-03-2022,Bangalore,113.79
29-03-2022,Bangalore,80.44
30-03-2022,Bangalore,97.03
31-03-2022,Bangalore,48.8
01-04-2022,Bangalore,103.9
02-04-2022,Bangalore,106.47
03-04-2022,Bangalore,84.56
04-04-2022,Bangalore,92.17
05-04-2022,Bangalore,91.84
06-04-2022,Bangalore,73.49
07-04-2022,Bangalore,91.01
08-04-2022,Bangalore,70.34
09-04-2022,Bangalore,73.01
10-04-2022,Bangalore,98.71
11-04-2022,Bangalore,96.1
12-04-2022,Bangalore,70.55
13-04-2022,Bangalore,69.81
14-04-2022,Bangalore,70.79
15-04-2022,Bangalore,91.13
16-04-2022,Bangalore,64.81
17-04-2022,Bangalore,84.82
18-04-2022,Bangalore,90.34
19-04-2022,Bangalore,77.48
20-04-2022,Bangalore,93.62
21-04-2022,Bangalore,73.57
22-04-2022,Bangalore,74.6
23-04-2022,Bangalore,62.82
24-04-2022,Bangalore,92.4
25-04-2022,Bangalore,65.31
26-04-2022,Bangalore,81.73
27-04-2022,Bangalore,75.08
28-04-2022,Bangalore,60.03
29-04-2022,Bangalore,66.36
30-04-2022,Bangalore,95.92
01-05-2022,Bangalore,77.88
02-05-2022,Bangalore,59.39
03-05-2022,Bangalore,78.79
04-05-2022,Bangalore,71.7
05-05-2022,Bangalore,125.38
06-05-2022,Bangalore,77.53
07-05-2022,Bangalore,67.23
08-05-2022,Bangalore,93.93
09-05-2022,Bangalore,44.71
10-05-2022,Bangalore,73.43
11-05-2022,Bangalore,101.63
12-05-2022,Bangalore,69.66
13-05-2022,Bangalore,45.11
14-05-2022,Bangalore,64.87
15-05-2022,Bangalore,92.33
16-05-2022,Bangalore,75.87
17-05-2022,Bangalore,57.35
18-05-2022,Bangalore,59.37
19-05-2022,Bangalore,60.97
20-05-2022,Bangalore,74.51
21-05-2022,Bangalore,88.88
22-05-2022,Bangalore,84.32
23-05-2022,Bangalore,75.11
24-05-2022,Bangalore,48.03
25-05-2022,Bangalore,47.82
26-05-2022,Bangalore,75.48
27-05-2022,Bangalore,47.04
28-05-2022,Bangalore,63.59
29-05-2022,Bangalore,71.29
30-05-2022,Bangalore,49.42
31-05-2022,Bangalore,50.88
01-06-2022,Bangalore,64.6
02-06-2022,Bangalore,73.33
03-06-2022,Bangalore,81.48
04-06-2022,Bangalore,74.44
05-06-2022,Bangalore,66.22
06-06-2022,Bangalore,53.71
07-06-2022,Bangalore,48.63
08-06-2022,Bangalore,56.82
09-06-2022,Bangalore,70.43
10-06-2022,Bangalore,69.14
11-06-2022,Bangalore,32.4
12-06-2022,Bangalore,51.93
13-06-2022,Bangalore,81.6
14-06-2022,Bangalore,64.55
15-06-2022,Bangalore,41.93
16-06-2022,Bangalore,98.36
17-06-2022,Bangalore,62.43
18-06-2022,Bangalore,68.47
19-06-2022,Bangalore,68.55
20-06-2022,Bangalore,56.9
21-06-2022,Bangalore,51.36
22-06-2022,Bangalore,93.96
23-06-2022,Bangalore,77.06
24-06-2022,Bangalore,74.21
25-06-2022,Bangalore,70.41
26-06-2022,Bangalore,46.61
27-06-2022,Bangalore,80.71
28-06-2022,Bangalore,48.8
29-06-2022,Bangalore,65.6
30-06-2022,Bangalore,36.67
01-07-2022,Bangalore,30.57
02-07-2022,Bangalore,65.87
03-07-2022,Bangalore,48.89
04-07-2022,Bangalore,31.12
05-07-2022,Bangalore,69.01
06-07-2022,Bangalore,92.64
07-07-2022,Bangalore,81.64
08-07-2022,Bangalore,56.89
09-07-2022,Bangalore,60.84
10-07-2022,Bangalore,74.0
11-07-2022,Bangalore,77.49
12-07-2022,Bangalore,55.48
13-07-2022,Bangalore,61.13
14-07-2022,Bangalore,65.12
15-07-2022,Bangalore,68.92
16-07-2022,Bangalore,58.62
17-07-2022,Bangalore,58.82
18-07-2022,Bangalore,81.33
19-07-2022,Bangalore,78.8
20-07-2022,Bangalore,67.84
21-07-2022,Bangalore,86.5
22-07-2022,Bangalore,54.96
23-07-2022,Bangalore,85.14
24-07-2022,Bangalore,68.99
25-07-2022,Bangalore,109.97
26-07-2022,Bangalore,43.08
27-07-2022,Bangalore,50.7
28-07-2022,Bangalore,67.39
29-07-2022,Bangalore,67.15
30-07-2022,Bangalore,90.53
31-07-2022,Bangalore,51.34
01-08-2022,Bangalore,75.04
02-08-2022,Bangalore,79.01
03-08-2022,Bangalore,72.25
04-08-2022,Bangalore,47.38
05-08-2022,Bangalore,83.03
06-08-2022,Bangalore,80.48
07-08-2022,Bangalore,71.16
08-08-2022,Bangalore,65.37
09-08-2022,Bangalore,65.84
10-08-2022,Bangalore,61.41
11-08-2022,Bangalore,72.36
12-08-2022,Bangalore,63.37
13-08-2022,Bangalore,50.34
14-08-2022,Bangalore,47.51
15-08-2022,Bangalore,52.13
16-08-2022,Bangalore,66.92
17-08-2022,Bangalore,63.37
18-08-2022,Bangalore,67.19
19-08-2022,Bangalore,71.67
20-08-2022,Bangalore,54.95
21-08-2022,Bangalore,86.55
22-08-2022,Bangalore,60.75
23-08-2022,Bangalore,58.48
24-08-2022,Bangalore,72.44
25-08-2022,Bangalore,37.88
26-08-2022,Bangalore,53.8
27-08-2022,Bangalore,80.6
28-08-2022,Bangalore,40.06
29-08-2022,Bangalore,83.13
30-08-2022,Bangalore,89.28
31-08-2022,Bangalore,61.32
01-09-2022,Bangalore,71.49
02-09-2022,Bangalore,84.16
03-09-2022,Bangalore,60.63
04-09-2022,Bangalore,80.92
05-09-2022,Bangalore,58.1
06-09-2022,Bangalore,61.28
07-09-2022,Bangalore,56.73
08-09-2022,Bangalore,74.14
09-09-2022,Bangalore,86.66
10-09-2022,Bangalore,66.82
11-09-2022,Bangalore,50.8
12-09-2022,Bangalore,53.93
13-09-2022,Bangalore,76.38
14-09-2022,Bangalore,98.43
15-09-2022,Bangalore,76.98
16-09-2022,Bangalore,65.58
17-09-2022,Bangalore,83.18
18-09-2022,Bangalore,68.41
19-09-2022,Bangalore,66.65
20-09-2022,Bangalore,58.26
21-09-2022,Bangalore,94.09
22-09-2022,Bangalore,35.2
23-09-2022,Bangalore,85.58
24-09-2022,Bangalore,66.98
25-09-2022,Bangalore,68.12
26-09-2022,Bangalore,99.99
27-09-2022,Bangalore,64.23
28-09-2022,Bangalore,65.08
29-09-2022,Bangalore,73.66
30-09-2022,Bangalore,82.16
01-10-2022,Bangalore,69.67
02-10-2022,Bangalore,53.03
03-10-2022,Bangalore,64.0
04-10-2022,Bangalore,96.55
05-10-2022,Bangalore,78.8
06-10-2022,Bangalore,84.79
07-10-2022,Bangalore,74.46
08-10-2022,Bangalore,68.84
09-10-2022,Bangalore,104.24
10-10-2022,Bangalore,76.61
11-10-2022,Bangalore,73.13
12-10-2022,Bangalore,96.58
13-10-2022,Bangalore,69.65
14-10-2022,Bangalore,71.92
15-10-2022,Bangalore,81.35
16-10-2022,Bangalore,81.56
17-10-2022,Bangalore,85.8
18-10-2022,Bangalore,113.63
19-10-2022,Bangalore,87.66
20-10-2022,Bangalore,47.3
21-10-2022,Bangalore,88.21
22-10-2022,Bangalore,84.24
23-10-2022,Bangalore,84.68
24-10-2022,Bangalore,88.06
25-10-2022,Bangalore,84.3
26-10-2022,Bangalore,84.29
27-10-2022,Bangalore,94.62
28-10-2022,Bangalore,77.64
29-10-2022,Bangalore,71.9
30-10-2022,Bangalore,131.82
31-10-2022,Bangalore,76.07
01-11-2022,Bangalore,88.65
02-11-2022,Bangalore,65.05
03-11-2022,Bangalore,89.57
04-11-2022,Bangalore,74.16
05-11-2022,Bangalore,81.86
06-11-2022,Bangalore,104.5
07-11-2022,Bangalore,96.24
08-11-2022,Bangalore,98.01
09-11-2022,Bangalore,63.25
10-11-2022,Bangalore,117.69
11-11-2022,Bangalore,72.58
12-11-2022,Bangalore,113.71
13-11-2022,Bangalore,106.42
14-11-2022,Bangalore,100.07
15-11-2022,Bangalore,78.89
16-11-2022,Bangalore,94.3
17-11-2022,Bangalore,85.27
18-11-2022,Bangalore,93.07
19-11-2022,Bangalore,89.18
20-11-2022,Bangalore,62.65
21-11-2022,Bangalore,110.34
22-11-2022,Bangalore,92.59
23-11-2022,Bangalore,86.82
24-11-2022,Bangalore,85.97
25-11-2022,Bangalore,100.02
26-11-2022,Bangalore,81.52
27-11-2022,Bangalore,61.36
28-11-2022,Bangalore,101.56
29-11-2022,Bangalore,103.51
30-11-2022,Bangalore,92.98
01-12-2022,Bangalore,79.01
02-12-2022,Bangalore,97.81
03-12-2022,Bangalore,74.76
04-12-2022,Bangalore,81.56
05-12-2022,Bangalore,85.94
06-12-2022,Bangalore,110.09
07-12-2022,Bangalore,92.22
08-12-2022,Bangalore,91.17
09-12-2022,Bangalore,127.42
10-12-2022,Bangalore,103.6
11-12-2022,Bangalore,103.61
12-12-2022,Bangalore,93.18
13-12-2022,Bangalore,89.98
14-12-2022,Bangalore,66.32
15-12-2022,Bangalore,113.84
16-12-2022,Bangalore,106.22
17-12-2022,Bangalore,96.98
18-12-2022,Bangalore,97.79
19-12-2022,Bangalore,111.05
20-12-2022,Bangalore,76.85
21-12-2022,Bangalore,91.48
22-12-2022,Bangalore,83.44
23-12-2022,Bangalore,127.2
24-12-2022,Bangalore,113.91
25-12-2022,Bangalore,67.87
26-12-2022,Bangalore,78.33
27-12-2022,Bangalore,99.18
28-12-2022,Bangalore,94.2
29-12-2022,Bangalore,81.53
30-12-2022,Bangalore,130.68
31-12-2022,Bangalore,106.29
01-01-2023,Bangalore,108.85
02-01-2023,Bangalore,91.43
03-01-2023,Bangalore,112.73
04-01-2023,Bangalore,96.27
05-01-2023,Bangalore,97.79
06-01-2023,Bangalore,111.28
07-01-2023,Bangalore,77.74
08-01-2023,Bangalore,126.18
09-01-2023,Bangalore,105.01
10-01-2023,Bangalore,121.53
11-01-2023,Bangalore,86.22
12-01-2023,Bangalore,88.54
13-01-2023,Bangalore,84.98
14-01-2023,Bangalore,106.18
15-01-2023,Bangalore,103.43
16-01-2023,Bangalore,95.48
17-01-2023,Bangalore,87.24
18-01-2023,Bangalore,83.44
19-01-2023,Bangalore,101.71
20-01-2023,Bangalore,95.43
21-01-2023,Bangalore,92.11
22-01-2023,Bangalore,125.57
23-01-2023,Bangalore,101.1
24-01-2023,Bangalore,121.34
25-01-2023,Bangalore,94.25
26-01-2023,Bangalore,105.86
27-01-2023,Bangalore,101.3
28-01-2023,Bangalore,76.61
29-01-2023,Bangalore,123.43
30-01-2023,Bangalore,99.9
31-01-2023,Bangalore,113.04
01-02-2023,Bangalore,90.48
02-02-2023,Bangalore,99.2
03-02-2023,Bangalore,88.57
04-02-2023,Bangalore,120.01
05-02-2023,Bangalore,106.03
06-02-2023,Bangalore,106.75
07-02-2023,Bangalore,121.5
08-02-2023,Bangalore,118.34
09-02-2023,Bangalore,112.35
10-02-2023,Bangalore,79.41
11-02-2023,Bangalore,90.16
12-02-2023,Bangalore,85.39
13-02-2023,Bangalore,111.21
14-02-2023,Bangalore,102.7
15-02-2023,Bangalore,79.12
16-02-2023,Bangalore,96.97
17-02-2023,Bangalore,77.22
18-02-2023,Bangalore,98.66
19-02-2023,Bangalore,74.44
20-02-2023,Bangalore,107.02
21-02-2023,Bangalore,104.56
22-02-2023,Bangalore,127.32
23-02-2023,Bangalore,111.21
24-02-2023,Bangalore,91.95
25-02-2023,Bangalore,110.35
26-02-2023,Bangalore,76.9
27-02-2023,Bangalore,83.21
28-02-2023,Bangalore,102.42
01-03-2023,Bangalore,64.82
02-03-2023,Bangalore,96.4
03-03-2023,Bangalore,81.42
04-03-2023,Bangalore,98.0
05-03-2023,Bangalore,80.07
06-03-2023,Bangalore,102.35
07-03-2023,Bangalore,96.02
08-03-2023,Bangalore,116.48
09-03-2023,Bangalore,95.32
10-03-2023,Bangalore,83.42
11-03-2023,Bangalore,90.98
12-03-2023,Bangalore,74.25
13-03-2023,Bangalore,100.23
14-03-2023,Bangalore,102.71
15-03-2023,Bangalore,130.62
16-03-2023,Bangalore,83.97
17-03-2023,Bangalore,89.0
18-03-2023,Bangalore,84.09
19-03-2023,Bangalore,95.61
20-03-2023,Bangalore,97.86
21-03-2023,Bangalore,91.04
22-03-2023,Bangalore,107.83
23-03-2023,Bangalore,81.98
24-03-2023,Bangalore,105.72
25-03-2023,Bangalore,98.7
26-03-2023,Bangalore,90.13
27-03-2023,Bangalore,85.27
28-03-2023,Bangalore,126.08
29-03-2023,Bangalore,77.11
30-03-2023,Bangalore,93.52
31-03-2023,Bangalore,77.48
01-04-2023,Bangalore,115.19
02-04-2023,Bangalore,101.39
03-04-2023,Bangalore,77.58
04-04-2023,Bangalore,95.12
05-04-2023,Bangalore,90.97
06-04-2023,Bangalore,79.03
07-04-2023,Bangalore,97.82
08-04-2023,Bangalore,91.96
09-04-2023,Bangalore,89.02
10-04-2023,Bangalore,84.83
11-04-2023,Bangalore,91.59
12-04-2023,Bangalore,88.23
13-04-2023,Bangalore,85.35
14-04-2023,Bangalore,74.51
15-04-2023,Bangalore,109.2
16-04-2023,Bangalore,67.7
17-04-2023,Bangalore,89.54
18-04-2023,Bangalore,77.99
19-04-2023,Bangalore,108.85
20-04-2023,Bangalore,68.57
21-04-2023,Bangalore,70.76
22-04-2023,Bangalore,66.91
23-04-2023,Bangalore,85.98
24-04-2023,Bangalore,60.2
25-04-2023,Bangalore,73.28
26-04-2023,Bangalore,47.85
27-04-2023,Bangalore,83.41
28-04-2023,Bangalore,71.97
29-04-2023,Bangalore,56.83
30-04-2023,Bangalore,95.11
01-05-2023,Bangalore,58.89
02-05-2023,Bangalore,90.13
03-05-2023,Bangalore,67.34
04-05-2023,Bangalore,101.56
05-05-2023,Bangalore,88.46
06-05-2023,Bangalore,61.78
07-05-2023,Bangalore,62.84
08-05-2023,Bangalore,85.36
09-05-2023,Bangalore,72.04
10-05-2023,Bangalore,73.12
11-05-2023,Bangalore,94.44
12-05-2023,Bangalore,63.83
13-05-2023,Bangalore,76.13
14-05-2023,Bangalore,88.78
15-05-2023,Bangalore,86.3
16-05-2023,Bangalore,71.48
17-05-2023,Bangalore,69.25
18-05-2023,Bangalore,47.22
19-05-2023,Bangalore,57.17
20-05-2023,Bangalore,77.51
21-05-2023,Bangalore,70.39
22-05-2023,Bangalore,73.31
23-05-2023,Bangalore,87.51
24-05-2023,Bangalore,53.84
25-05-2023,Bangalore,67.85
26-05-2023,Bangalore,73.96
27-05-2023,Bangalore,60.31
28-05-2023,Bangalore,92.1
29-05-2023,Bangalore,84.01
30-05-2023,Bangalore,74.49
31-05-2023,Bangalore,96.81
01-06-2023,Bangalore,47.18
02-06-2023,Bangalore,69.31
03-06-2023,Bangalore,74.7
04-06-2023,Bangalore,55.26
05-06-2023,Bangalore,73.27
06-06-2023,Bangalore,51.95
07-06-2023,Bangalore,78.7
08-06-2023,Bangalore,84.0
09-06-2023,Bangalore,72.02
10-06-2023,Bangalore,39.95
11-06-2023,Bangalore,53.05
12-06-2023,Bangalore,75.83
13-06-2023,Bangalore,67.5
14-06-2023,Bangalore,26.6
15-06-2023,Bangalore,85.48
16-06-2023,Bangalore,68.72
17-06-2023,Bangalore,54.23
18-06-2023,Bangalore,81.28
19-06-2023,Bangalore,56.04
20-06-2023,Bangalore,55.73
21-06-2023,Bangalore,71.3
22-06-2023,Bangalore,92.5
23-06-2023,Bangalore,90.01
24-06-2023,Bangalore,70.93
25-06-2023,Bangalore,72.35
26-06-2023,Bangalore,77.18
27-06-2023,Bangalore,46.34
28-06-2023,Bangalore,74.76
29-06-2023,Bangalore,53.99
30-06-2023,Bangalore,69.69
01-07-2023,Bangalore,61.42
02-07-2023,Bangalore,72.27
03-07-2023,Bangalore,66.45
04-07-2023,Bangalore,18.51
05-07-2023,Bangalore,67.23
06-07-2023,Bangalore,74.13
07-07-2023,Bangalore,71.13
08-07-2023,Bangalore,62.86
09-07-2023,Bangalore,88.99
10-07-2023,Bangalore,69.0
11-07-2023,Bangalore,70.87
12-07-2023,Bangalore,79.95
13-07-2023,Bangalore,69.71
14-07-2023,Bangalore,50.79
15-07-2023,Bangalore,27.68
16-07-2023,Bangalore,57.1
17-07-2023,Bangalore,75.68
18-07-2023,Bangalore,58.99
19-07-2023,Bangalore,76.32
20-07-2023,Bangalore,66.56
21-07-2023,Bangalore,83.69
22-07-2023,Bangalore,59.98
23-07-2023,Bangalore,71.46
24-07-2023,Bangalore,72.09
25-07-2023,Bangalore,87.08
26-07-2023,Bangalore,39.02
27-07-2023,Bangalore,57.81
28-07-2023,Bangalore,77.49
29-07-2023,Bangalore,88.03
30-07-2023,Bangalore,68.53
31-07-2023,Bangalore,60.63
01-08-2023,Bangalore,76.47
02-08-2023,Bangalore,78.25
03-08-2023,Bangalore,59.93
04-08-2023,Bangalore,70.4
05-08-2023,Bangalore,83.27
06-08-2023,Bangalore,94.04
07-08-2023,Bangalore,76.96
08-08-2023,Bangalore,66.62
09-08-2023,Bangalore,65.28
10-08-2023,Bangalore,74.6
11-08-2023,Bangalore,64.66
12-08-2023,Bangalore,69.4
13-08-2023,Bangalore,50.85
14-08-2023,Bangalore,86.34
15-08-2023,Bangalore,49.96
16-08-2023,Bangalore,60.76
17-08-2023,Bangalore,68.89
18-08-2023,Bangalore,97.48
19-08-2023,Bangalore,61.47
20-08-2023,Bangalore,58.02
21-08-2023,Bangalore,59.95
22-08-2023,Bangalore,93.3
23-08-2023,Bangalore,26.45
24-08-2023,Bangalore,53.81
25-08-2023,Bangalore,110.04
26-08-2023,Bangalore,78.17
27-08-2023,Bangalore,52.95
28-08-2023,Bangalore,69.14
29-08-2023,Bangalore,71.03
30-08-2023,Bangalore,82.95
31-08-2023,Bangalore,98.1
01-09-2023,Bangalore,76.59
02-09-2023,Bangalore,62.93
03-09-2023,Bangalore,83.09
04-09-2023,Bangalore,61.08
05-09-2023,Bangalore,56.32
06-09-2023,Bangalore,45.7
07-09-2023,Bangalore,48.9
08-09-2023,Bangalore,59.21
09-09-2023,Bangalore,55.27
10-09-2023,Bangalore,77.93
11-09-2023,Bangalore,55.53
12-09-2023,Bangalore,26.66
13-09-2023,Bangalore,58.46
14-09-2023,Bangalore,67.34
15-09-2023,Bangalore,65.64
16-09-2023,Bangalore,97.82
17-09-2023,Bangalore,66.14
18-09-2023,Bangalore,88.87
19-09-2023,Bangalore,75.69
20-09-2023,Bangalore,75.65
21-09-2023,Bangalore,64.08
22-09-2023,Bangalore,76.05
23-09-2023,Bangalore,65.79
24-09-2023,Bangalore,80.14
25-09-2023,Bangalore,74.38
26-09-2023,Bangalore,64.08
27-09-2023,Bangalore,93.47
28-09-2023,Bangalore,85.33
29-09-2023,Bangalore,72.54
30-09-2023,Bangalore,81.79
01-10-2023,Bangalore,78.69
02-10-2023,Bangalore,67.28
03-10-2023,Bangalore,81.69
04-10-2023,Bangalore,71.67
05-10-2023,Bangalore,67.16
06-10-2023,Bangalore,57.34
07-10-2023,Bangalore,76.65
08-10-2023,Bangalore,90.88
09-10-2023,Bangalore,72.31
10-10-2023,Bangalore,120.89
11-10-2023,Bangalore,96.72
12-10-2023,Bangalore,103.35
13-10-2023,Bangalore,96.07
14-10-2023,Bangalore,112.29
15-10-2023,Bangalore,73.04
16-10-2023,Bangalore,46.79
17-10-2023,Bangalore,78.86
18-10-2023,Bangalore,94.28
19-10-2023,Bangalore,88.54
20-10-2023,Bangalore,90.75
21-10-2023,Bangalore,106.78
22-10-2023,Bangalore,93.05
23-10-2023,Bangalore,99.66
24-10-2023,Bangalore,73.93
25-10-2023,Bangalore,71.94
26-10-2023,Bangalore,112.94
27-10-2023,Bangalore,90.59
28-10-2023,Bangalore,80.07
29-10-2023,Bangalore,80.45
30-10-2023,Bangalore,80.37
31-10-2023,Bangalore,79.82
01-11-2023,Bangalore,71.55
02-11-2023,Bangalore,68.63
03-11-2023,Bangalore,88.55
04-11-2023,Bangalore,82.92
05-11-2023,Bangalore,108.75
06-11-2023,Bangalore,96.88
07-11-2023,Bangalore,96.79
08-11-2023,Bangalore,81.99
09-11-2023,Bangalore,91.65
10-11-2023,Bangalore,99.2
11-11-2023,Bangalore,104.85
12-11-2023,Bangalore,93.02
13-11-2023,Bangalore,110.93
14-11-2023,Bangalore,95.18
15-11-2023,Bangalore,107.26
16-11-2023,Bangalore,88.33
17-11-2023,Bangalore,68.79
18-11-2023,Bangalore,100.31
19-11-2023,Bangalore,107.46
20-11-2023,Bangalore,105.51
21-11-2023,Bangalore,103.5
22-11-2023,Bangalore,92.23
23-11-2023,Bangalore,85.64
24-11-2023,Bangalore,106.3
25-11-2023,Bangalore,104.69
26-11-2023,Bangalore,90.16
27-11-2023,Bangalore,115.48
28-11-2023,Bangalore,85.86
29-11-2023,Bangalore,90.62
30-11-2023,Bangalore,124.17
01-12-2023,Bangalore,112.91
02-12-2023,Bangalore,94.76
03-12-2023,Bangalore,104.69
04-12-2023,Bangalore,102.94
05-12-2023,Bangalore,59.67
06-12-2023,Bangalore,87.49
07-12-2023,Bangalore,100.55
08-12-2023,Bangalore,96.19
09-12-2023,Bangalore,105.46
10-12-2023,Bangalore,118.91
11-12-2023,Bangalore,97.35
12-12-2023,Bangalore,86.51
13-12-2023,Bangalore,107.45
14-12-2023,Bangalore,97.87
15-12-2023,Bangalore,100.62
16-12-2023,Bangalore,98.77
17-12-2023,Bangalore,136.95
18-12-2023,Bangalore,69.88
19-12-2023,Bangalore,97.84
20-12-2023,Bangalore,103.77
21-12-2023,Bangalore,92.27
22-12-2023,Bangalore,117.63
23-12-2023,Bangalore,116.48
24-12-2023,Bangalore,103.71
25-12-2023,Bangalore,100.5
26-12-2023,Bangalore,103.01
27-12-2023,Bangalore,103.24
28-12-2023,Bangalore,103.76
29-12-2023,Bangalore,102.23
30-12-2023,Bangalore,108.94
31-12-2023,Bangalore,116.55
01-01-2024,Bangalore,86.92
02-01-2024,Bangalore,89.7
03-01-2024,Bangalore,79.32
04-01-2024,Bangalore,118.62
05-01-2024,Bangalore,109.45
06-01-2024,Bangalore,113.34
07-01-2024,Bangalore,84.38
08-01-2024,Bangalore,132.65
09-01-2024,Bangalore,96.79
10-01-2024,Bangalore,108.49
11-01-2024,Bangalore,118.82
12-01-2024,Bangalore,91.23
13-01-2024,Bangalore,97.86
14-01-2024,Bangalore,108.76
15-01-2024,Bangalore,148.95
16-01-2024,Bangalore,110.61
17-01-2024,Bangalore,130.19
18-01-2024,Bangalore,124.18
19-01-2024,Bangalore,111.6
20-01-2024,Bangalore,91.23
21-01-2024,Bangalore,121.94
22-01-2024,Bangalore,83.54
23-01-2024,Bangalore,129.99
24-01-2024,Bangalore,108.94
25-01-2024,Bangalore,66.14
26-01-2024,Bangalore,100.74
27-01-2024,Bangalore,115.59
28-01-2024,Bangalore,102.17
29-01-2024,Bangalore,116.38
30-01-2024,Bangalore,92.83
31-01-2024,Bangalore,85.91
01-02-2024,Bangalore,104.34
02-02-2024,Bangalore,105.79
03-02-2024,Bangalore,100.0
04-02-2024,Bangalore,123.53
05-02-2024,Bangalore,92.26
06-02-2024,Bangalore,109.59
07-02-2024,Bangalore,105.79
08-02-2024,Bangalore,81.3
09-02-2024,Bangalore,84.73
10-02-2024,Bangalore,104.56
11-02-2024,Bangalore,133.96
12-02-2024,Bangalore,112.78
13-02-2024,Bangalore,78.06
14-02-2024,Bangalore,57.13
15-02-2024,Bangalore,114.62
16-02-2024,Bangalore,102.01
17-02-2024,Bangalore,120.4
18-02-2024,Bangalore,89.89
19-02-2024,Bangalore,108.18
20-02-2024,Bangalore,115.43
21-02-2024,Bangalore,95.83
22-02-2024,Bangalore,95.96
23-02-2024,Bangalore,102.52
24-02-2024,Bangalore,110.08
25-02-2024,Bangalore,101.51
26-02-2024,Bangalore,116.12
27-02-2024,Bangalore,94.36
28-02-2024,Bangalore,81.14
29-02-2024,Bangalore,130.5
01-03-2024,Bangalore,91.54
02-03-2024,Bangalore,91.84
03-03-2024,Bangalore,99.14
04-03-2024,Bangalore,100.89
05-03-2024,Bangalore,93.84
06-03-2024,Bangalore,99.12
07-03-2024,Bangalore,98.53
08-03-2024,Bangalore,101.49
09-03-2024,Bangalore,63.24
10-03-2024,Bangalore,126.55
11-03-2024,Bangalore,95.86
12-03-2024,Bangalore,106.5
13-03-2024,Bangalore,76.84
14-03-2024,Bangalore,90.17
15-03-2024,Bangalore,86.86
16-03-2024,Bangalore,118.71
17-03-2024,Bangalore,87.59
18-03-2024,Bangalore,107.45
19-03-2024,Bangalore,86.03
20-03-2024,Bangalore,88.7
21-03-2024,Bangalore,91.5
22-03-2024,Bangalore,114.14
23-03-2024,Bangalore,66.23
24-03-2024,Bangalore,74.53
25-03-2024,Bangalore,64.75
26-03-2024,Bangalore,77.33
27-03-2024,Bangalore,81.16
28-03-2024,Bangalore,68.8
29-03-2024,Bangalore,81.69
30-03-2024,Bangalore,62.16
31-03-2024,Bangalore,76.79
01-04-2024,Bangalore,109.74
02-04-2024,Bangalore,97.46
03-04-2024,Bangalore,93.9
04-04-2024,Bangalore,75.72
05-04-2024,Bangalore,67.39
06-04-2024,Bangalore,73.01
07-04-2024,Bangalore,89.12
08-04-2024,Bangalore,102.46
09-04-2024,Bangalore,102.64
10-04-2024,Bangalore,98.23
11-04-2024,Bangalore,77.38
12-04-2024,Bangalore,88.48
13-04-2024,Bangalore,82.96
14-04-2024,Bangalore,84.42
15-04-2024,Bangalore,117.66
16-04-2024,Bangalore,60.34
17-04-2024,Bangalore,82.92
18-04-2024,Bangalore,104.28
19-04-2024,Bangalore,63.78
20-04-2024,Bangalore,75.78
21-04-2024,Bangalore,77.17
22-04-2024,Bangalore,81.42
23-04-2024,Bangalore,60.5
24-04-2024,Bangalore,93.04
25-04-2024,Bangalore,93.78
26-04-2024,Bangalore,91.08
27-04-2024,Bangalore,70.07
28-04-2024,Bangalore,84.1
29-04-2024,Bangalore,68.98
30-04-2024,Bangalore,77.16
01-05-2024,Bangalore,114.13
02-05-2024,Bangalore,82.94
03-05-2024,Bangalore,63.38
04-05-2024,Bangalore,83.58
05-05-2024,Bangalore,60.28
06-05-2024,Bangalore,62.26
07-05-2024,Bangalore,64.31
08-05-2024,Bangalore,72.96
09-05-2024,Bangalore,93.37
10-05-2024,Bangalore,87.69
11-05-2024,Bangalore,86.55
12-05-2024,Bangalore,61.92
13-05-2024,Bangalore,69.99
14-05-2024,Bangalore,81.9
15-05-2024,Bangalore,68.1
16-05-2024,Bangalore,73.06
17-05-2024,Bangalore,83.57
18-05-2024,Bangalore,71.44
19-05-2024,Bangalore,79.78
20-05-2024,Bangalore,100.0
21-05-2024,Bangalore,73.26
22-05-2024,Bangalore,93.26
23-05-2024,Bangalore,83.69
24-05-2024,Bangalore,53.03
25-05-2024,Bangalore,58.25
26-05-2024,Bangalore,62.02
27-05-2024,Bangalore,61.45
28-05-2024,Bangalore,72.67
29-05-2024,Bangalore,83.0
30-05-2024,Bangalore,92.37
31-05-2024,Bangalore,77.93
01-06-2024,Bangalore,66.39
02-06-2024,Bangalore,41.62
03-06-2024,Bangalore,73.69
04-06-2024,Bangalore,72.8
05-06-2024,Bangalore,74.94
06-06-2024,Bangalore,103.58
07-06-2024,Bangalore,90.39
08-06-2024,Bangalore,83.36
09-06-2024,Bangalore,56.96
10-06-2024,Bangalore,63.5
11-06-2024,Bangalore,69.59
12-06-2024,Bangalore,59.2
13-06-2024,Bangalore,78.16
14-06-2024,Bangalore,75.84
15-06-2024,Bangalore,54.0
16-06-2024,Bangalore,88.11
17-06-2024,Bangalore,71.54
18-06-2024,Bangalore,43.92
19-06-2024,Bangalore,68.94
20-06-2024,Bangalore,73.79
21-06-2024,Bangalore,84.03
22-06-2024,Bangalore,64.25
23-06-2024,Bangalore,81.6
24-06-2024,Bangalore,71.88
25-06-2024,Bangalore,49.23
26-06-2024,Bangalore,47.62
27-06-2024,Bangalore,85.59
28-06-2024,Bangalore,86.59
29-06-2024,Bangalore,73.41
30-06-2024,Bangalore,90.91
01-07-2024,Bangalore,84.25
02-07-2024,Bangalore,78.58
03-07-2024,Bangalore,54.59
04-07-2024,Bangalore,94.17
05-07-2024,Bangalore,76.19
06-07-2024,Bangalore,62.31
07-07-2024,Bangalore,58.03
08-07-2024,Bangalore,71.86
09-07-2024,Bangalore,42.91
10-07-2024,Bangalore,78.45
11-07-2024,Bangalore,53.63
12-07-2024,Bangalore,73.48
13-07-2024,Bangalore,60.09
14-07-2024,Bangalore,63.94
15-07-2024,Bangalore,56.56
16-07-2024,Bangalore,65.5
17-07-2024,Bangalore,96.28
18-07-2024,Bangalore,88.73
19-07-2024,Bangalore,73.3
20-07-2024,Bangalore,67.64
21-07-2024,Bangalore,80.72
22-07-2024,Bangalore,85.05
23-07-2024,Bangalore,55.7
24-07-2024,Bangalore,67.05
25-07-2024,Bangalore,40.94
26-07-2024,Bangalore,85.18
27-07-2024,Bangalore,99.39
28-07-2024,Bangalore,69.69
29-07-2024,Bangalore,36.7
30-07-2024,Bangalore,77.8
31-07-2024,Bangalore,55.2
01-08-2024,Bangalore,58.92
02-08-2024,Bangalore,78.38
03-08-2024,Bangalore,72.91
04-08-2024,Bangalore,61.89
05-08-2024,Bangalore,59.59
06-08-2024,Bangalore,71.35
07-08-2024,Bangalore,63.46
08-08-2024,Bangalore,53.11
09-08-2024,Bangalore,64.9
10-08-2024,Bangalore,75.14
11-08-2024,Bangalore,67.53
12-08-2024,Bangalore,49.16
13-08-2024,Bangalore,85.37
14-08-2024,Bangalore,29.63
15-08-2024,Bangalore,64.19
16-08-2024,Bangalore,61.77
17-08-2024,Bangalore,73.49
18-08-2024,Bangalore,79.88
19-08-2024,Bangalore,88.56
20-08-2024,Bangalore,61.17
21-08-2024,Bangalore,80.87
22-08-2024,Bangalore,75.22
23-08-2024,Bangalore,46.83
24-08-2024,Bangalore,101.23
25-08-2024,Bangalore,51.37
26-08-2024,Bangalore,79.48
27-08-2024,Bangalore,79.27
28-08-2024,Bangalore,77.8
29-08-2024,Bangalore,66.49
30-08-2024,Bangalore,86.57
31-08-2024,Bangalore,51.01
01-09-2024,Bangalore,73.68
02-09-2024,Bangalore,66.48
03-09-2024,Bangalore,65.04
04-09-2024,Bangalore,81.9
05-09-2024,Bangalore,91.91
06-09-2024,Bangalore,70.87
07-09-2024,Bangalore,88.01
08-09-2024,Bangalore,77.34
09-09-2024,Bangalore,63.49
10-09-2024,Bangalore,73.3
11-09-2024,Bangalore,72.97
12-09-2024,Bangalore,67.31
13-09-2024,Bangalore,84.49
14-09-2024,Bangalore,81.89
15-09-2024,Bangalore,54.82
16-09-2024,Bangalore,54.22
17-09-2024,Bangalore,85.67
18-09-2024,Bangalore,67.39
19-09-2024,Bangalore,84.47
20-09-2024,Bangalore,91.98
21-09-2024,Bangalore,61.52
22-09-2024,Bangalore,59.74
23-09-2024,Bangalore,106.36
24-09-2024,Bangalore,86.84
25-09-2024,Bangalore,75.62
26-09-2024,Bangalore,68.23
27-09-2024,Bangalore,74.92
28-09-2024,Bangalore,65.06
29-09-2024,Bangalore,96.51
30-09-2024,Bangalore,71.95
01-10-2024,Bangalore,100.34
02-10-2024,Bangalore,78.28
03-10-2024,Bangalore,68.98
04-10-2024,Bangalore,78.58
05-10-2024,Bangalore,45.97
06-10-2024,Bangalore,83.87
07-10-2024,Bangalore,83.48
08-10-2024,Bangalore,98.75
09-10-2024,Bangalore,58.44
10-10-2024,Bangalore,104.51
11-10-2024,Bangalore,99.75
12-10-2024,Bangalore,106.57
13-10-2024,Bangalore,87.35
14-10-2024,Bangalore,103.71
15-10-2024,Bangalore,66.78
16-10-2024,Bangalore,99.9
17-10-2024,Bangalore,77.99
18-10-2024,Bangalore,65.14
19-10-2024,Bangalore,73.4
20-10-2024,Bangalore,90.7
21-10-2024,Bangalore,78.61
22-10-2024,Bangalore,96.96
23-10-2024,Bangalore,64.55
24-10-2024,Bangalore,60.12
25-10-2024,Bangalore,112.96
26-10-2024,Bangalore,106.28
27-10-2024,Bangalore,77.33
28-10-2024,Bangalore,93.37
29-10-2024,Bangalore,109.05
30-10-2024,Bangalore,100.39
31-10-2024,Bangalore,96.67
01-11-2024,Bangalore,111.21
02-11-2024,Bangalore,84.16
03-11-2024,Bangalore,95.93
04-11-2024,Bangalore,95.53
05-11-2024,Bangalore,92.04
06-11-2024,Bangalore,90.61
07-11-2024,Bangalore,97.88
08-11-2024,Bangalore,97.63
09-11-2024,Bangalore,81.71
10-11-2024,Bangalore,109.79
11-11-2024,Bangalore,83.43
12-11-2024,Bangalore,95.12
13-11-2024,Bangalore,94.28
14-11-2024,Bangalore,104.39
15-11-2024,Bangalore,67.54
16-11-2024,Bangalore,112.99
17-11-2024,Bangalore,89.78
18-11-2024,Bangalore,118.53
19-11-2024,Bangalore,93.35
20-11-2024,Bangalore,100.08
21-11-2024,Bangalore,129.81
22-11-2024,Bangalore,97.23
23-11-2024,Bangalore,120.25
24-11-2024,Bangalore,102.53
25-11-2024,Bangalore,108.45
26-11-2024,Bangalore,103.54
27-11-2024,Bangalore,115.48
28-11-2024,Bangalore,92.74
29-11-2024,Bangalore,88.52
30-11-2024,Bangalore,93.95
01-12-2024,Bangalore,105.28
02-12-2024,Bangalore,100.71
03-12-2024,Bangalore,114.92
04-12-2024,Bangalore,124.07
05-12-2024,Bangalore,90.1
06-12-2024,Bangalore,93.95
07-12-2024,Bangalore,83.64
08-12-2024,Bangalore,135.86
09-12-2024,Bangalore,110.19
10-12-2024,Bangalore,113.02
11-12-2024,Bangalore,85.92
12-12-2024,Bangalore,106.21
13-12-2024,Bangalore,114.06
14-12-2024,Bangalore,102.82
15-12-2024,Bangalore,122.93
16-12-2024,Bangalore,141.65
17-12-2024,Bangalore,92.94
18-12-2024,Bangalore,91.98
19-12-2024,Bangalore,94.31
20-12-2024,Bangalore,131.73
21-12-2024,Bangalore,123.42
22-12-2024,Bangalore,105.9
23-12-2024,Bangalore,108.62
24-12-2024,Bangalore,95.96
25-12-2024,Bangalore,121.69
26-12-2024,Bangalore,102.76
27-12-2024,Bangalore,104.68
28-12-2024,Bangalore,117.83
29-12-2024,Bangalore,105.98
30-12-2024,Bangalore,105.38
31-12-2024,Bangalore,109.16
01-01-2025,Bangalore,120.96
02-01-2025,Bangalore,133.82
03-01-2025,Bangalore,117.99
04-01-2025,Bangalore,121.33
05-01-2025,Bangalore,106.36
06-01-2025,Bangalore,98.8
07-01-2025,Bangalore,119.29
08-01-2025,Bangalore,112.1
09-01-2025,Bangalore,88.24
10-01-2025,Bangalore,104.71
11-01-2025,Bangalore,108.42
12-01-2025,Bangalore,102.04
13-01-2025,Bangalore,131.94
14-01-2025,Bangalore,116.93
15-01-2025,Bangalore,130.35
16-01-2025,Bangalore,113.71
17-01-2025,Bangalore,110.98
18-01-2025,Bangalore,95.7
19-01-2025,Bangalore,109.92
20-01-2025,Bangalore,109.92
21-01-2025,Bangalore,89.2
22-01-2025,Bangalore,101.58
23-01-2025,Bangalore,104.79
24-01-2025,Bangalore,115.8
25-01-2025,Bangalore,116.48
26-01-2025,Bangalore,100.78
27-01-2025,Bangalore,116.48
28-01-2025,Bangalore,106.65
29-01-2025,Bangalore,66.27
30-01-2025,Bangalore,101.97
31-01-2025,Bangalore,125.34
01-02-2025,Bangalore,83.84
02-02-2025,Bangalore,110.67
03-02-2025,Bangalore,132.66
04-02-2025,Bangalore,97.37
05-02-2025,Bangalore,108.7
06-02-2025,Bangalore,88.99
07-02-2025,Bangalore,132.84
08-02-2025,Bangalore,107.06
09-02-2025,Bangalore,108.88
10-02-2025,Bangalore,128.36
11-02-2025,Bangalore,117.82
12-02-2025,Bangalore,94.62
13-02-2025,Bangalore,97.89
14-02-2025,Bangalore,114.87
15-02-2025,Bangalore,97.92
16-02-2025,Bangalore,75.36
17-02-2025,Bangalore,106.14
18-02-2025,Bangalore,84.56
19-02-2025,Bangalore,130.83
20-02-2025,Bangalore,109.05
21-02-2025,Bangalore,92.63
22-02-2025,Bangalore,95.53
23-02-2025,Bangalore,77.46
24-02-2025,Bangalore,89.11
25-02-2025,Bangalore,120.63
26-02-2025,Bangalore,138.65
27-02-2025,Bangalore,115.85
28-02-2025,Bangalore,103.35
01-03-2025,Bangalore,98.02
02-03-2025,Bangalore,89.92
03-03-2025,Bangalore,134.93
04-03-2025,Bangalore,100.96
05-03-2025,Bangalore,135.28
06-03-2025,Bangalore,124.2
07-03-2025,Bangalore,76.93
08-03-2025,Bangalore,92.8
09-03-2025,Bangalore,92.49
10-03-2025,Bangalore,101.07
11-03-2025,Bangalore,101.09
12-03-2025,Bangalore,146.67
13-03-2025,Bangalore,85.29
14-03-2025,Bangalore,104.61
15-03-2025,Bangalore,110.14
16-03-2025,Bangalore,100.59
17-03-2025,Bangalore,101.98
18-03-2025,Bangalore,84.36
19-03-2025,Bangalore,101.34
20-03-2025,Bangalore,107.12
21-03-2025,Bangalore,104.06
22-03-2025,Bangalore,107.4
23-03-2025,Bangalore,119.73
24-03-2025,Bangalore,112.29
25-03-2025,Bangalore,99.0
26-03-2025,Bangalore,80.04
27-03-2025,Bangalore,88.31
28-03-2025,Bangalore,93.7
29-03-2025,Bangalore,100.46
30-03-2025,Bangalore,89.18
31-03-2025,Bangalore,82.0
01-04-2025,Bangalore,77.89
02-04-2025,Bangalore,70.63
03-04-2025,Bangalore,91.55
04-04-2025,Bangalore,72.7
05-04-2025,Bangalore,79.41
06-04-2025,Bangalore,88.18
07-04-2025,Bangalore,73.72
08-04-2025,Bangalore,99.13
09-04-2025,Bangalore,104.2
10-04-2025,Bangalore,84.53
11-04-2025,Bangalore,85.88
12-04-2025,Bangalore,100.16
13-04-2025,Bangalore,81.06
14-04-2025,Bangalore,79.69
15-04-2025,Bangalore,109.05
16-04-2025,Bangalore,104.03
17-04-2025,Bangalore,99.46
18-04-2025,Bangalore,103.98
19-04-2025,Bangalore,60.11
20-04-2025,Bangalore,109.74
21-04-2025,Bangalore,94.98
22-04-2025,Bangalore,103.93
23-04-2025,Bangalore,94.24
24-04-2025,Bangalore,88.84
25-04-2025,Bangalore,83.64
26-04-2025,Bangalore,92.95
27-04-2025,Bangalore,82.44
28-04-2025,Bangalore,99.8
29-04-2025,Bangalore,62.66
30-04-2025,Bangalore,78.01
01-05-2025,Bangalore,116.48
02-05-2025,Bangalore,76.1
03-05-2025,Bangalore,81.59
04-05-2025,Bangalore,71.61
05-05-2025,Bangalore,89.57
06-05-2025,Bangalore,73.17
07-05-2025,Bangalore,81.12
08-05-2025,Bangalore,96.32
09-05-2025,Bangalore,72.8
10-05-2025,Bangalore,94.8
11-05-2025,Bangalore,95.0
12-05-2025,Bangalore,98.19
13-05-2025,Bangalore,84.18
14-05-2025,Bangalore,130.39
15-05-2025,Bangalore,97.29
16-05-2025,Bangalore,86.06
17-05-2025,Bangalore,67.76
18-05-2025,Bangalore,79.15
19-05-2025,Bangalore,101.72
20-05-2025,Bangalore,105.69
21-05-2025,Bangalore,101.95
22-05-2025,Bangalore,91.28
23-05-2025,Bangalore,60.39
24-05-2025,Bangalore,86.27
25-05-2025,Bangalore,60.08
26-05-2025,Bangalore,56.13
27-05-2025,Bangalore,81.77
28-05-2025,Bangalore,85.78
29-05-2025,Bangalore,91.24
30-05-2025,Bangalore,84.9
31-05-2025,Bangalore,85.18
01-06-2025,Bangalore,62.2
02-06-2025,Bangalore,75.16
03-06-2025,Bangalore,53.91
04-06-2025,Bangalore,46.24
05-06-2025,Bangalore,87.18
06-06-2025,Bangalore,64.56
07-06-2025,Bangalore,88.74
08-06-2025,Bangalore,92.07
09-06-2025,Bangalore,65.96
10-06-2025,Bangalore,83.9
11-06-2025,Bangalore,64.94
12-06-2025,Bangalore,46.99
13-06-2025,Bangalore,76.34
14-06-2025,Bangalore,67.25
15-06-2025,Bangalore,67.55
16-06-2025,Bangalore,103.61
17-06-2025,Bangalore,50.93
18-06-2025,Bangalore,79.41
19-06-2025,Bangalore,58.59
20-06-2025,Bangalore,87.0
21-06-2025,Bangalore,77.71
22-06-2025,Bangalore,78.79
23-06-2025,Bangalore,58.8
24-06-2025,Bangalore,61.36
25-06-2025,Bangalore,86.64
26-06-2025,Bangalore,99.18
27-06-2025,Bangalore,79.71
28-06-2025,Bangalore,58.95
29-06-2025,Bangalore,77.4
30-06-2025,Bangalore,108.63
01-07-2025,Bangalore,73.67
02-07-2025,Bangalore,93.99
03-07-2025,Bangalore,60.88
04-07-2025,Bangalore,71.29
05-07-2025,Bangalore,81.15
06-07-2025,Bangalore,77.76
07-07-2025,Bangalore,60.26
08-07-2025,Bangalore,59.57
09-07-2025,Bangalore,86.5
10-07-2025,Bangalore,89.51
11-07-2025,Bangalore,94.3
12-07-2025,Bangalore,98.65
13-07-2025,Bangalore,73.6
14-07-2025,Bangalore,66.9
15-07-2025,Bangalore,91.83
16-07-2025,Bangalore,82.27
17-07-2025,Bangalore,56.84
18-07-2025,Bangalore,56.09
19-07-2025,Bangalore,79.0
20-07-2025,Bangalore,68.98
21-07-2025,Bangalore,71.28
22-07-2025,Bangalore,87.8
23-07-2025,Bangalore,83.15
24-07-2025,Bangalore,91.76
25-07-2025,Bangalore,42.89
26-07-2025,Bangalore,75.73
27-07-2025,Bangalore,82.42
28-07-2025,Bangalore,49.17
29-07-2025,Bangalore,62.33
30-07-2025,Bangalore,59.63
31-07-2025,Bangalore,72.65
01-08-2025,Bangalore,96.84
02-08-2025,Bangalore,102.87
03-08-2025,Bangalore,60.42
04-08-2025,Bangalore,80.65
05-08-2025,Bangalore,81.25
06-08-2025,Bangalore,78.81
07-08-2025,Bangalore,79.11
08-08-2025,Bangalore,77.82
09-08-2025,Bangalore,98.72
10-08-2025,Bangalore,90.09
11-08-2025,Bangalore,57.8
12-08-2025,Bangalore,85.8
13-08-2025,Bangalore,87.41
14-08-2025,Bangalore,78.92
15-08-2025,Bangalore,91.34
16-08-2025,Bangalore,77.37
17-08-2025,Bangalore,77.74
18-08-2025,Bangalore,76.74
19-08-2025,Bangalore,44.84
20-08-2025,Bangalore,74.11
21-08-2025,Bangalore,65.5
22-08-2025,Bangalore,57.93
23-08-2025,Bangalore,97.45
24-08-2025,Bangalore,83.73
25-08-2025,Bangalore,75.94
26-08-2025,Bangalore,68.14
27-08-2025,Bangalore,81.29
28-08-2025,Bangalore,91.95
29-08-2025,Bangalore,64.92
30-08-2025,Bangalore,77.5
31-08-2025,Bangalore,90.84
01-09-2025,Bangalore,49.03
02-09-2025,Bangalore,77.47
03-09-2025,Bangalore,72.16
04-09-2025,Bangalore,76.85
05-09-2025,Bangalore,71.61
06-09-2025,Bangalore,81.47
07-09-2025,Bangalore,108.54
08-09-2025,Bangalore,75.11
09-09-2025,Bangalore,84.63
10-09-2025,Bangalore,110.46
11-09-2025,Bangalore,72.58
12-09-2025,Bangalore,108.35
13-09-2025,Bangalore,81.5
14-09-2025,Bangalore,108.45
15-09-2025,Bangalore,93.28
16-09-2025,Bangalore,86.95
17-09-2025,Bangalore,81.67
18-09-2025,Bangalore,73.6
19-09-2025,Bangalore,84.42
20-09-2025,Bangalore,97.06
21-09-2025,Bangalore,83.72
22-09-2025,Bangalore,79.5
23-09-2025,Bangalore,80.81
24-09-2025,Bangalore,99.79
25-09-2025,Bangalore,103.61
26-09-2025,Bangalore,75.56
27-09-2025,Bangalore,75.87
28-09-2025,Bangalore,91.93
29-09-2025,Bangalore,109.49
30-09-2025,Bangalore,104.11
01-10-2025,Bangalore,68.48
02-10-2025,Bangalore,83.64
03-10-2025,Bangalore,73.99
04-10-2025,Bangalore,84.28
05-10-2025,Bangalore,112.71
06-10-2025,Bangalore,67.65
07-10-2025,Bangalore,65.05
08-10-2025,Bangalore,77.26
09-10-2025,Bangalore,94.35
10-10-2025,Bangalore,99.7
11-10-2025,Bangalore,97.31
12-10-2025,Bangalore,108.73
13-10-2025,Bangalore,65.0
14-10-2025,Bangalore,109.63
15-10-2025,Bangalore,87.48
16-10-2025,Bangalore,103.48
17-10-2025,Bangalore,73.01
18-10-2025,Bangalore,93.29
19-10-2025,Bangalore,97.12
20-10-2025,Bangalore,111.26
21-10-2025,Bangalore,70.5
22-10-2025,Bangalore,95.09
23-10-2025,Bangalore,78.71
24-10-2025,Bangalore,102.92
25-10-2025,Bangalore,107.34
26-10-2025,Bangalore,115.34
27-10-2025,Bangalore,88.36
28-10-2025,Bangalore,110.64
29-10-2025,Bangalore,117.49
30-10-2025,Bangalore,72.77
31-10-2025,Bangalore,106.95
01-11-2025,Bangalore,112.48
02-11-2025,Bangalore,94.57
03-11-2025,Bangalore,80.62
04-11-2025,Bangalore,113.27
05-11-2025,Bangalore,81.46
06-11-2025,Bangalore,97.11
07-11-2025,Bangalore,99.52
08-11-2025,Bangalore,111.18
09-11-2025,Bangalore,91.37
10-11-2025,Bangalore,90.83
11-11-2025,Bangalore,102.9
12-11-2025,Bangalore,116.83
13-11-2025,Bangalore,136.37
14-11-2025,Bangalore,79.76
15-11-2025,Bangalore,107.41
16-11-2025,Bangalore,86.69
17-11-2025,Bangalore,118.57
18-11-2025,Bangalore,89.51
19-11-2025,Bangalore,93.77
20-11-2025,Bangalore,95.35
21-11-2025,Bangalore,103.33
22-11-2025,Bangalore,109.61
23-11-2025,Bangalore,112.31
24-11-2025,Bangalore,105.24
25-11-2025,Bangalore,85.66
26-11-2025,Bangalore,116.8
27-11-2025,Bangalore,105.36
28-11-2025,Bangalore,123.84
29-11-2025,Bangalore,96.06
30-11-2025,Bangalore,82.9
01-12-2025,Bangalore,106.68
02-12-2025,Bangalore,126.88
03-12-2025,Bangalore,110.1
04-12-2025,Bangalore,104.93
05-12-2025,Bangalore,95.11
06-12-2025,Bangalore,134.76
07-12-2025,Bangalore,93.18
08-12-2025,Bangalore,97.96
09-12-2025,Bangalore,117.61
10-12-2025,Bangalore,81.44
11-12-2025,Bangalore,128.6
12-12-2025,Bangalore,119.05
13-12-2025,Bangalore,123.38
14-12-2025,Bangalore,118.45
15-12-2025,Bangalore,107.85
16-12-2025,Bangalore,94.51
17-12-2025,Bangalore,108.53
18-12-2025,Bangalore,96.18
19-12-2025,Bangalore,118.26
20-12-2025,Bangalore,123.24
21-12-2025,Bangalore,133.44
22-12-2025,Bangalore,117.02
23-12-2025,Bangalore,125.46
24-12-2025,Bangalore,107.28
25-12-2025,Bangalore,104.69
26-12-2025,Bangalore,119.1
27-12-2025,Bangalore,106.33
28-12-2025,Bangalore,116.28
29-12-2025,Bangalore,96.44
30-12-2025,Bangalore,99.24
31-12-2025,Bangalore,122.1
01-01-2021,Kolkata,205.3
02-01-2021,Kolkata,149.32
03-01-2021,Kolkata,199.18
04-01-2021,Kolkata,163.24
05-01-2021,Kolkata,179.87
06-01-2021,Kolkata,222.02
07-01-2021,Kolkata,203.86
08-01-2021,Kolkata,203.62
09-01-2021,Kolkata,237.1
10-01-2021,Kolkata,158.81
11-01-2021,Kolkata,150.42
12-01-2021,Kolkata,158.39
13-01-2021,Kolkata,172.46
14-01-2021,Kolkata,109.49
15-01-2021,Kolkata,173.92
16-01-2021,Kolkata,163.81
17-01-2021,Kolkata,203.65
18-01-2021,Kolkata,190.68
19-01-2021,Kolkata,162.05
20-01-2021,Kolkata,197.72
21-01-2021,Kolkata,201.66
22-01-2021,Kolkata,156.83
23-01-2021,Kolkata,165.0
24-01-2021,Kolkata,112.93
25-01-2021,Kolkata,146.86
26-01-2021,Kolkata,157.17
27-01-2021,Kolkata,181.53
28-01-2021,Kolkata,150.79
29-01-2021,Kolkata,163.58
30-01-2021,Kolkata,142.04
31-01-2021,Kolkata,183.74
01-02-2021,Kolkata,191.17
02-02-2021,Kolkata,190.25
03-02-2021,Kolkata,178.32
04-02-2021,Kolkata,131.47
05-02-2021,Kolkata,158.85
06-02-2021,Kolkata,164.96
07-02-2021,Kolkata,164.79
08-02-2021,Kolkata,178.85
09-02-2021,Kolkata,219.06
10-02-2021,Kolkata,200.34
11-02-2021,Kolkata,146.02
12-02-2021,Kolkata,195.65
13-02-2021,Kolkata,194.15
14-02-2021,Kolkata,150.4
15-02-2021,Kolkata,199.67
16-02-2021,Kolkata,169.0
17-02-2021,Kolkata,131.11
18-02-2021,Kolkata,186.66
19-02-2021,Kolkata,179.09
20-02-2021,Kolkata,165.31
21-02-2021,Kolkata,170.57
22-02-2021,Kolkata,149.67
23-02-2021,Kolkata,189.08
24-02-2021,Kolkata,169.0
25-02-2021,Kolkata,174.81
26-02-2021,Kolkata,180.03
27-02-2021,Kolkata,134.17
28-02-2021,Kolkata,141.46
01-03-2021,Kolkata,101.47
02-03-2021,Kolkata,184.17
03-03-2021,Kolkata,130.32
04-03-2021,Kolkata,170.11
05-03-2021,Kolkata,176.7
06-03-2021,Kolkata,183.07
07-03-2021,Kolkata,128.29
08-03-2021,Kolkata,161.87
09-03-2021,Kolkata,213.34
10-03-2021,Kolkata,214.05
11-03-2021,Kolkata,191.63
12-03-2021,Kolkata,171.51
13-03-2021,Kolkata,130.6
14-03-2021,Kolkata,181.68
15-03-2021,Kolkata,154.73
16-03-2021,Kolkata,175.64
17-03-2021,Kolkata,139.18
18-03-2021,Kolkata,152.31
19-03-2021,Kolkata,161.76
20-03-2021,Kolkata,163.54
21-03-2021,Kolkata,170.28
22-03-2021,Kolkata,137.41
23-03-2021,Kolkata,113.79
24-03-2021,Kolkata,202.13
25-03-2021,Kolkata,227.36
26-03-2021,Kolkata,165.39
27-03-2021,Kolkata,111.54
28-03-2021,Kolkata,127.34
29-03-2021,Kolkata,165.09
30-03-2021,Kolkata,189.32
31-03-2021,Kolkata,111.97
01-04-2021,Kolkata,143.89
02-04-2021,Kolkata,152.76
03-04-2021,Kolkata,172.07
04-04-2021,Kolkata,135.08
05-04-2021,Kolkata,97.73
06-04-2021,Kolkata,162.53
07-04-2021,Kolkata,176.88
08-04-2021,Kolkata,139.91
09-04-2021,Kolkata,153.78
10-04-2021,Kolkata,126.63
11-04-2021,Kolkata,114.73
12-04-2021,Kolkata,170.14
13-04-2021,Kolkata,150.21
14-04-2021,Kolkata,152.53
15-04-2021,Kolkata,182.12
16-04-2021,Kolkata,104.65
17-04-2021,Kolkata,118.97
18-04-2021,Kolkata,139.5
19-04-2021,Kolkata,117.07
20-04-2021,Kolkata,156.73
21-04-2021,Kolkata,126.85
22-04-2021,Kolkata,101.94
23-04-2021,Kolkata,132.93
24-04-2021,Kolkata,135.31
25-04-2021,Kolkata,157.48
26-04-2021,Kolkata,140.48
27-04-2021,Kolkata,141.77
28-04-2021,Kolkata,136.79
29-04-2021,Kolkata,120.79
30-04-2021,Kolkata,104.21
01-05-2021,Kolkata,133.62
02-05-2021,Kolkata,114.22
03-05-2021,Kolkata,174.17
04-05-2021,Kolkata,163.01
05-05-2021,Kolkata,141.01
06-05-2021,Kolkata,132.65
07-05-2021,Kolkata,117.94
08-05-2021,Kolkata,82.03
09-05-2021,Kolkata,112.67
10-05-2021,Kolkata,121.5
11-05-2021,Kolkata,124.64
12-05-2021,Kolkata,131.15
13-05-2021,Kolkata,144.02
14-05-2021,Kolkata,94.93
15-05-2021,Kolkata,94.53
16-05-2021,Kolkata,157.88
17-05-2021,Kolkata,136.82
18-05-2021,Kolkata,101.31
19-05-2021,Kolkata,109.17
20-05-2021,Kolkata,108.67
21-05-2021,Kolkata,112.06
22-05-2021,Kolkata,124.67
23-05-2021,Kolkata,185.92
24-05-2021,Kolkata,114.95
25-05-2021,Kolkata,128.53
26-05-2021,Kolkata,57.46
27-05-2021,Kolkata,92.93
28-05-2021,Kolkata,143.76
29-05-2021,Kolkata,118.4
30-05-2021,Kolkata,10.0
31-05-2021,Kolkata,125.44
01-06-2021,Kolkata,162.22
02-06-2021,Kolkata,44.26
03-06-2021,Kolkata,149.2
04-06-2021,Kolkata,19.95
05-06-2021,Kolkata,130.74
06-06-2021,Kolkata,101.85
07-06-2021,Kolkata,31.13
08-06-2021,Kolkata,114.54
09-06-2021,Kolkata,135.22
10-06-2021,Kolkata,111.16
11-06-2021,Kolkata,117.34
12-06-2021,Kolkata,87.02
13-06-2021,Kolkata,43.11
14-06-2021,Kolkata,119.3
15-06-2021,Kolkata,150.64
16-06-2021,Kolkata,131.65
17-06-2021,Kolkata,37.75
18-06-2021,Kolkata,51.58
19-06-2021,Kolkata,71.3
20-06-2021,Kolkata,48.55
21-06-2021,Kolkata,97.34
22-06-2021,Kolkata,107.5
23-06-2021,Kolkata,52.49
24-06-2021,Kolkata,118.42
25-06-2021,Kolkata,112.86
26-06-2021,Kolkata,78.12
27-06-2021,Kolkata,89.13
28-06-2021,Kolkata,35.58
29-06-2021,Kolkata,83.87
30-06-2021,Kolkata,93.85
01-07-2021,Kolkata,98.49
02-07-2021,Kolkata,104.6
03-07-2021,Kolkata,100.39
04-07-2021,Kolkata,84.97
05-07-2021,Kolkata,101.33
06-07-2021,Kolkata,122.67
07-07-2021,Kolkata,89.62
08-07-2021,Kolkata,101.9
09-07-2021,Kolkata,86.69
10-07-2021,Kolkata,72.79
11-07-2021,Kolkata,107.81
12-07-2021,Kolkata,75.41
13-07-2021,Kolkata,103.6
14-07-2021,Kolkata,92.83
15-07-2021,Kolkata,82.85
16-07-2021,Kolkata,82.12
17-07-2021,Kolkata,76.73
18-07-2021,Kolkata,42.62
19-07-2021,Kolkata,103.51
20-07-2021,Kolkata,99.02
21-07-2021,Kolkata,117.63
22-07-2021,Kolkata,76.27
23-07-2021,Kolkata,149.16
24-07-2021,Kolkata,81.01
25-07-2021,Kolkata,66.26
26-07-2021,Kolkata,62.83
27-07-2021,Kolkata,40.77
28-07-2021,Kolkata,138.92
29-07-2021,Kolkata,134.24
30-07-2021,Kolkata,111.31
31-07-2021,Kolkata,66.6
01-08-2021,Kolkata,148.02
02-08-2021,Kolkata,83.35
03-08-2021,Kolkata,86.06
04-08-2021,Kolkata,137.5
05-08-2021,Kolkata,114.4
06-08-2021,Kolkata,160.94
07-08-2021,Kolkata,102.65
08-08-2021,Kolkata,83.57
09-08-2021,Kolkata,77.44
10-08-2021,Kolkata,40.7
11-08-2021,Kolkata,88.08
12-08-2021,Kolkata,131.12
13-08-2021,Kolkata,115.1
14-08-2021,Kolkata,98.11
15-08-2021,Kolkata,68.04
16-08-2021,Kolkata,105.08
17-08-2021,Kolkata,129.06
18-08-2021,Kolkata,112.01
19-08-2021,Kolkata,104.52
20-08-2021,Kolkata,76.04
21-08-2021,Kolkata,126.41
22-08-2021,Kolkata,10.0
23-08-2021,Kolkata,112.81
24-08-2021,Kolkata,178.91
25-08-2021,Kolkata,57.04
26-08-2021,Kolkata,95.55
27-08-2021,Kolkata,103.07
28-08-2021,Kolkata,89.95
29-08-2021,Kolkata,135.45
30-08-2021,Kolkata,119.07
31-08-2021,Kolkata,110.02
01-09-2021,Kolkata,129.92
02-09-2021,Kolkata,107.08
03-09-2021,Kolkata,202.55
04-09-2021,Kolkata,112.28
05-09-2021,Kolkata,114.19
06-09-2021,Kolkata,57.63
07-09-2021,Kolkata,93.25
08-09-2021,Kolkata,144.59
09-09-2021,Kolkata,70.74
10-09-2021,Kolkata,46.71
11-09-2021,Kolkata,113.05
12-09-2021,Kolkata,153.86
13-09-2021,Kolkata,114.67
14-09-2021,Kolkata,103.98
15-09-2021,Kolkata,58.98
16-09-2021,Kolkata,128.98
17-09-2021,Kolkata,135.94
18-09-2021,Kolkata,63.34
19-09-2021,Kolkata,151.53
20-09-2021,Kolkata,141.17
21-09-2021,Kolkata,152.88
22-09-2021,Kolkata,137.13
23-09-2021,Kolkata,139.96
24-09-2021,Kolkata,136.7
25-09-2021,Kolkata,147.86
26-09-2021,Kolkata,67.98
27-09-2021,Kolkata,78.26
28-09-2021,Kolkata,101.95
29-09-2021,Kolkata,120.89
30-09-2021,Kolkata,137.18
01-10-2021,Kolkata,136.03
02-10-2021,Kolkata,160.57
03-10-2021,Kolkata,162.27
04-10-2021,Kolkata,102.41
05-10-2021,Kolkata,136.51
06-10-2021,Kolkata,104.69
07-10-2021,Kolkata,125.25
08-10-2021,Kolkata,141.33
09-10-2021,Kolkata,30.19
10-10-2021,Kolkata,205.57
11-10-2021,Kolkata,151.0
12-10-2021,Kolkata,116.92
13-10-2021,Kolkata,193.4
14-10-2021,Kolkata,125.94
15-10-2021,Kolkata,141.12
16-10-2021,Kolkata,123.31
17-10-2021,Kolkata,188.27
18-10-2021,Kolkata,136.35
19-10-2021,Kolkata,144.76
20-10-2021,Kolkata,177.18
21-10-2021,Kolkata,159.4
22-10-2021,Kolkata,140.99
23-10-2021,Kolkata,176.72
24-10-2021,Kolkata,220.34
25-10-2021,Kolkata,154.48
26-10-2021,Kolkata,149.23
27-10-2021,Kolkata,151.62
28-10-2021,Kolkata,186.58
29-10-2021,Kolkata,130.06
30-10-2021,Kolkata,140.45
31-10-2021,Kolkata,103.44
01-11-2021,Kolkata,114.8
02-11-2021,Kolkata,135.54
03-11-2021,Kolkata,150.14
04-11-2021,Kolkata,205.64
05-11-2021,Kolkata,169.38
06-11-2021,Kolkata,126.68
07-11-2021,Kolkata,132.93
08-11-2021,Kolkata,196.74
09-11-2021,Kolkata,190.02
10-11-2021,Kolkata,157.78
11-11-2021,Kolkata,144.37
12-11-2021,Kolkata,192.1
13-11-2021,Kolkata,129.25
14-11-2021,Kolkata,171.5
15-11-2021,Kolkata,228.61
16-11-2021,Kolkata,167.27
17-11-2021,Kolkata,138.51
18-11-2021,Kolkata,174.76
19-11-2021,Kolkata,149.0
20-11-2021,Kolkata,121.93
21-11-2021,Kolkata,185.43
22-11-2021,Kolkata,198.57
23-11-2021,Kolkata,156.34
24-11-2021,Kolkata,154.97
25-11-2021,Kolkata,138.05
26-11-2021,Kolkata,163.0
27-11-2021,Kolkata,151.22
28-11-2021,Kolkata,138.35
29-11-2021,Kolkata,226.02
30-11-2021,Kolkata,183.82
01-12-2021,Kolkata,187.55
02-12-2021,Kolkata,197.43
03-12-2021,Kolkata,194.6
04-12-2021,Kolkata,159.61
05-12-2021,Kolkata,180.69
06-12-2021,Kolkata,164.96
07-12-2021,Kolkata,186.68
08-12-2021,Kolkata,184.27
09-12-2021,Kolkata,163.01
10-12-2021,Kolkata,135.08
11-12-2021,Kolkata,179.8
12-12-2021,Kolkata,169.73
13-12-2021,Kolkata,119.59
14-12-2021,Kolkata,191.95
15-12-2021,Kolkata,206.09
16-12-2021,Kolkata,253.38
17-12-2021,Kolkata,166.19
18-12-2021,Kolkata,162.14
19-12-2021,Kolkata,145.38
20-12-2021,Kolkata,185.28
21-12-2021,Kolkata,185.43
22-12-2021,Kolkata,155.35
23-12-2021,Kolkata,174.76
24-12-2021,Kolkata,120.95
25-12-2021,Kolkata,208.4
26-12-2021,Kolkata,157.77
27-12-2021,Kolkata,180.12
28-12-2021,Kolkata,138.61
29-12-2021,Kolkata,164.18
30-12-2021,Kolkata,173.5
31-12-2021,Kolkata,181.76
01-01-2022,Kolkata,196.74
02-01-2022,Kolkata,225.71
03-01-2022,Kolkata,204.7
04-01-2022,Kolkata,211.74
05-01-2022,Kolkata,226.41
06-01-2022,Kolkata,200.25
07-01-2022,Kolkata,182.18
08-01-2022,Kolkata,213.67
09-01-2022,Kolkata,215.68
10-01-2022,Kolkata,203.03
11-01-2022,Kolkata,140.0
12-01-2022,Kolkata,158.46
13-01-2022,Kolkata,175.5
14-01-2022,Kolkata,207.16
15-01-2022,Kolkata,183.15
16-01-2022,Kolkata,217.9
17-01-2022,Kolkata,223.24
18-01-2022,Kolkata,219.74
19-01-2022,Kolkata,219.89
20-01-2022,Kolkata,152.56
21-01-2022,Kolkata,198.09
22-01-2022,Kolkata,165.31
23-01-2022,Kolkata,133.97
24-01-2022,Kolkata,174.72
25-01-2022,Kolkata,222.97
26-01-2022,Kolkata,196.92
27-01-2022,Kolkata,243.49
28-01-2022,Kolkata,188.12
29-01-2022,Kolkata,256.07
30-01-2022,Kolkata,187.78
31-01-2022,Kolkata,182.93
01-02-2022,Kolkata,143.67
02-02-2022,Kolkata,215.15
03-02-2022,Kolkata,166.53
04-02-2022,Kolkata,161.94
05-02-2022,Kolkata,219.53
06-02-2022,Kolkata,215.57
07-02-2022,Kolkata,214.51
08-02-2022,Kolkata,169.38
09-02-2022,Kolkata,178.41
10-02-2022,Kolkata,177.83
11-02-2022,Kolkata,202.77
12-02-2022,Kolkata,225.56
13-02-2022,Kolkata,189.64
14-02-2022,Kolkata,237.48
15-02-2022,Kolkata,204.77
16-02-2022,Kolkata,170.42
17-02-2022,Kolkata,201.92
18-02-2022,Kolkata,227.83
19-02-2022,Kolkata,236.18
20-02-2022,Kolkata,211.4
21-02-2022,Kolkata,176.12
22-02-2022,Kolkata,168.39
23-02-2022,Kolkata,191.71
24-02-2022,Kolkata,224.17
25-02-2022,Kolkata,186.48
26-02-2022,Kolkata,186.6
27-02-2022,Kolkata,174.0
28-02-2022,Kolkata,162.11
01-03-2022,Kolkata,166.55
02-03-2022,Kolkata,174.94
03-03-2022,Kolkata,221.88
04-03-2022,Kolkata,162.59
05-03-2022,Kolkata,170.8
06-03-2022,Kolkata,142.68
07-03-2022,Kolkata,189.56
08-03-2022,Kolkata,208.48
09-03-2022,Kolkata,215.61
10-03-2022,Kolkata,172.37
11-03-2022,Kolkata,182.89
12-03-2022,Kolkata,160.43
13-03-2022,Kolkata,180.25
14-03-2022,Kolkata,173.19
15-03-2022,Kolkata,164.87
16-03-2022,Kolkata,166.61
17-03-2022,Kolkata,175.37
18-03-2022,Kolkata,152.33
19-03-2022,Kolkata,153.21
20-03-2022,Kolkata,211.02
21-03-2022,Kolkata,240.44
22-03-2022,Kolkata,122.3
23-03-2022,Kolkata,119.95
24-03-2022,Kolkata,128.32
25-03-2022,Kolkata,153.23
26-03-2022,Kolkata,182.49
27-03-2022,Kolkata,172.64
28-03-2022,Kolkata,159.35
29-03-2022,Kolkata,169.33
30-03-2022,Kolkata,131.97
31-03-2022,Kolkata,144.68
01-04-2022,Kolkata,150.66
02-04-2022,Kolkata,103.0
03-04-2022,Kolkata,114.95
04-04-2022,Kolkata,115.39
05-04-2022,Kolkata,171.22
06-04-2022,Kolkata,154.9
07-04-2022,Kolkata,165.12
08-04-2022,Kolkata,90.84
09-04-2022,Kolkata,100.77
10-04-2022,Kolkata,164.41
11-04-2022,Kolkata,60.4
12-04-2022,Kolkata,179.73
13-04-2022,Kolkata,87.53
14-04-2022,Kolkata,166.77
15-04-2022,Kolkata,114.05
16-04-2022,Kolkata,171.41
17-04-2022,Kolkata,235.42
18-04-2022,Kolkata,70.22
19-04-2022,Kolkata,158.51
20-04-2022,Kolkata,82.64
21-04-2022,Kolkata,148.93
22-04-2022,Kolkata,129.16
23-04-2022,Kolkata,138.5
24-04-2022,Kolkata,106.5
25-04-2022,Kolkata,156.51
26-04-2022,Kolkata,88.88
27-04-2022,Kolkata,168.83
28-04-2022,Kolkata,118.56
29-04-2022,Kolkata,88.01
30-04-2022,Kolkata,177.19
01-05-2022,Kolkata,126.58
02-05-2022,Kolkata,185.09
03-05-2022,Kolkata,163.77
04-05-2022,Kolkata,102.45
05-05-2022,Kolkata,123.12
06-05-2022,Kolkata,128.58
07-05-2022,Kolkata,170.02
08-05-2022,Kolkata,136.64
09-05-2022,Kolkata,128.1
10-05-2022,Kolkata,116.11
11-05-2022,Kolkata,119.89
12-05-2022,Kolkata,159.85
13-05-2022,Kolkata,120.14
14-05-2022,Kolkata,107.5
15-05-2022,Kolkata,101.74
16-05-2022,Kolkata,101.39
17-05-2022,Kolkata,75.28
18-05-2022,Kolkata,94.18
19-05-2022,Kolkata,160.99
20-05-2022,Kolkata,109.2
21-05-2022,Kolkata,135.9
22-05-2022,Kolkata,39.77
23-05-2022,Kolkata,130.57
24-05-2022,Kolkata,108.07
25-05-2022,Kolkata,97.86
26-05-2022,Kolkata,117.14
27-05-2022,Kolkata,96.25
28-05-2022,Kolkata,46.83
29-05-2022,Kolkata,137.64
30-05-2022,Kolkata,116.71
31-05-2022,Kolkata,99.45
01-06-2022,Kolkata,79.34
02-06-2022,Kolkata,63.7
03-06-2022,Kolkata,113.98
04-06-2022,Kolkata,155.16
05-06-2022,Kolkata,112.35
06-06-2022,Kolkata,64.28
07-06-2022,Kolkata,112.03
08-06-2022,Kolkata,103.2
09-06-2022,Kolkata,130.26
10-06-2022,Kolkata,122.09
11-06-2022,Kolkata,13.87
12-06-2022,Kolkata,119.38
13-06-2022,Kolkata,72.5
14-06-2022,Kolkata,59.54
15-06-2022,Kolkata,96.14
16-06-2022,Kolkata,113.74
17-06-2022,Kolkata,51.82
18-06-2022,Kolkata,121.81
19-06-2022,Kolkata,123.23
20-06-2022,Kolkata,101.4
21-06-2022,Kolkata,73.63
22-06-2022,Kolkata,69.97
23-06-2022,Kolkata,129.82
24-06-2022,Kolkata,53.42
25-06-2022,Kolkata,130.41
26-06-2022,Kolkata,93.26
27-06-2022,Kolkata,95.09
28-06-2022,Kolkata,46.48
29-06-2022,Kolkata,93.09
30-06-2022,Kolkata,115.69
01-07-2022,Kolkata,56.98
02-07-2022,Kolkata,111.85
03-07-2022,Kolkata,99.38
04-07-2022,Kolkata,77.23
05-07-2022,Kolkata,122.04
06-07-2022,Kolkata,30.19
07-07-2022,Kolkata,106.54
08-07-2022,Kolkata,144.61
09-07-2022,Kolkata,139.12
10-07-2022,Kolkata,107.54
11-07-2022,Kolkata,86.72
12-07-2022,Kolkata,76.64
13-07-2022,Kolkata,86.58
14-07-2022,Kolkata,111.95
15-07-2022,Kolkata,71.4
16-07-2022,Kolkata,118.34
17-07-2022,Kolkata,159.62
18-07-2022,Kolkata,93.79
19-07-2022,Kolkata,55.35
20-07-2022,Kolkata,55.38
21-07-2022,Kolkata,119.08
22-07-2022,Kolkata,94.07
23-07-2022,Kolkata,122.26
24-07-2022,Kolkata,80.04
25-07-2022,Kolkata,121.08
26-07-2022,Kolkata,91.54
27-07-2022,Kolkata,74.46
28-07-2022,Kolkata,84.56
29-07-2022,Kolkata,60.84
30-07-2022,Kolkata,156.62
31-07-2022,Kolkata,94.24
01-08-2022,Kolkata,116.67
02-08-2022,Kolkata,81.45
03-08-2022,Kolkata,66.23
04-08-2022,Kolkata,91.01
05-08-2022,Kolkata,131.32
06-08-2022,Kolkata,82.93
07-08-2022,Kolkata,72.72
08-08-2022,Kolkata,103.8
09-08-2022,Kolkata,114.41
10-08-2022,Kolkata,149.04
11-08-2022,Kolkata,110.7
12-08-2022,Kolkata,119.75
13-08-2022,Kolkata,122.37
14-08-2022,Kolkata,66.56
15-08-2022,Kolkata,72.63
16-08-2022,Kolkata,69.41
17-08-2022,Kolkata,62.36
18-08-2022,Kolkata,126.6
19-08-2022,Kolkata,111.87
20-08-2022,Kolkata,105.99
21-08-2022,Kolkata,26.27
22-08-2022,Kolkata,166.17
23-08-2022,Kolkata,78.15
24-08-2022,Kolkata,167.01
25-08-2022,Kolkata,62.47
26-08-2022,Kolkata,82.07
27-08-2022,Kolkata,40.87
28-08-2022,Kolkata,118.34
29-08-2022,Kolkata,74.97
30-08-2022,Kolkata,76.36
31-08-2022,Kolkata,67.92
01-09-2022,Kolkata,132.98
02-09-2022,Kolkata,131.57
03-09-2022,Kolkata,165.16
04-09-2022,Kolkata,90.82
05-09-2022,Kolkata,118.55
06-09-2022,Kolkata,73.91
07-09-2022,Kolkata,103.15
08-09-2022,Kolkata,98.26
09-09-2022,Kolkata,128.39
10-09-2022,Kolkata,145.6
11-09-2022,Kolkata,145.47
12-09-2022,Kolkata,91.1
13-09-2022,Kolkata,147.0
14-09-2022,Kolkata,116.39
15-09-2022,Kolkata,108.65
16-09-2022,Kolkata,97.81
17-09-2022,Kolkata,102.95
18-09-2022,Kolkata,172.72
19-09-2022,Kolkata,130.37
20-09-2022,Kolkata,127.09
21-09-2022,Kolkata,114.69
22-09-2022,Kolkata,196.66
23-09-2022,Kolkata,163.15
24-09-2022,Kolkata,103.1
25-09-2022,Kolkata,117.25
26-09-2022,Kolkata,119.77
27-09-2022,Kolkata,131.31
28-09-2022,Kolkata,106.65
29-09-2022,Kolkata,141.6
30-09-2022,Kolkata,172.75
01-10-2022,Kolkata,90.53
02-10-2022,Kolkata,96.86
03-10-2022,Kolkata,116.97
04-10-2022,Kolkata,119.13
05-10-2022,Kolkata,192.96
06-10-2022,Kolkata,163.83
07-10-2022,Kolkata,162.88
08-10-2022,Kolkata,127.39
09-10-2022,Kolkata,127.51
10-10-2022,Kolkata,93.33
11-10-2022,Kolkata,161.11
12-10-2022,Kolkata,153.18
13-10-2022,Kolkata,177.81
14-10-2022,Kolkata,133.69
15-10-2022,Kolkata,136.54
16-10-2022,Kolkata,146.68
17-10-2022,Kolkata,169.12
18-10-2022,Kolkata,99.04
19-10-2022,Kolkata,166.01
20-10-2022,Kolkata,144.1
21-10-2022,Kolkata,113.73
22-10-2022,Kolkata,83.74
23-10-2022,Kolkata,142.96
24-10-2022,Kolkata,191.26
25-10-2022,Kolkata,198.85
26-10-2022,Kolkata,160.04
27-10-2022,Kolkata,209.01
28-10-2022,Kolkata,149.63
29-10-2022,Kolkata,180.29
30-10-2022,Kolkata,138.91
31-10-2022,Kolkata,137.77
01-11-2022,Kolkata,133.64
02-11-2022,Kolkata,92.9
03-11-2022,Kolkata,194.08
04-11-2022,Kolkata,136.96
05-11-2022,Kolkata,132.91
06-11-2022,Kolkata,122.29
07-11-2022,Kolkata,152.29
08-11-2022,Kolkata,212.05
09-11-2022,Kolkata,222.68
10-11-2022,Kolkata,110.76
11-11-2022,Kolkata,150.66
12-11-2022,Kolkata,130.97
13-11-2022,Kolkata,192.35
14-11-2022,Kolkata,171.99
15-11-2022,Kolkata,144.98
16-11-2022,Kolkata,166.93
17-11-2022,Kolkata,151.11
18-11-2022,Kolkata,214.52
19-11-2022,Kolkata,183.16
20-11-2022,Kolkata,187.5
21-11-2022,Kolkata,88.04
22-11-2022,Kolkata,166.68
23-11-2022,Kolkata,231.81
24-11-2022,Kolkata,209.72
25-11-2022,Kolkata,115.13
26-11-2022,Kolkata,161.75
27-11-2022,Kolkata,135.7
28-11-2022,Kolkata,223.66
29-11-2022,Kolkata,180.23
30-11-2022,Kolkata,150.44
01-12-2022,Kolkata,175.06
02-12-2022,Kolkata,96.36
03-12-2022,Kolkata,142.57
04-12-2022,Kolkata,176.74
05-12-2022,Kolkata,201.54
06-12-2022,Kolkata,118.44
07-12-2022,Kolkata,165.74
08-12-2022,Kolkata,207.96
09-12-2022,Kolkata,134.6
10-12-2022,Kolkata,185.49
11-12-2022,Kolkata,181.05
12-12-2022,Kolkata,230.94
13-12-2022,Kolkata,173.04
14-12-2022,Kolkata,175.22
15-12-2022,Kolkata,206.43
16-12-2022,Kolkata,141.39
17-12-2022,Kolkata,174.95
18-12-2022,Kolkata,168.28
19-12-2022,Kolkata,178.15
20-12-2022,Kolkata,208.12
21-12-2022,Kolkata,199.64
22-12-2022,Kolkata,160.88
23-12-2022,Kolkata,187.76
24-12-2022,Kolkata,228.68
25-12-2022,Kolkata,159.32
26-12-2022,Kolkata,188.89
27-12-2022,Kolkata,179.01
28-12-2022,Kolkata,183.17
29-12-2022,Kolkata,136.38
30-12-2022,Kolkata,227.86
31-12-2022,Kolkata,162.52
01-01-2023,Kolkata,216.78
02-01-2023,Kolkata,167.55
03-01-2023,Kolkata,167.6
04-01-2023,Kolkata,222.92
05-01-2023,Kolkata,216.49
06-01-2023,Kolkata,193.07
07-01-2023,Kolkata,209.77
08-01-2023,Kolkata,178.39
09-01-2023,Kolkata,186.89
10-01-2023,Kolkata,167.37
11-01-2023,Kolkata,214.42
12-01-2023,Kolkata,166.55
13-01-2023,Kolkata,231.95
14-01-2023,Kolkata,177.95
15-01-2023,Kolkata,188.06
16-01-2023,Kolkata,210.21
17-01-2023,Kolkata,188.15
18-01-2023,Kolkata,178.47
19-01-2023,Kolkata,186.47
20-01-2023,Kolkata,214.14
21-01-2023,Kolkata,167.37
22-01-2023,Kolkata,183.4
23-01-2023,Kolkata,187.4
24-01-2023,Kolkata,212.93
25-01-2023,Kolkata,183.88
26-01-2023,Kolkata,241.0
27-01-2023,Kolkata,181.91
28-01-2023,Kolkata,179.32
29-01-2023,Kolkata,181.15
30-01-2023,Kolkata,146.6
31-01-2023,Kolkata,154.8
01-02-2023,Kolkata,169.78
02-02-2023,Kolkata,219.55
03-02-2023,Kolkata,184.25
04-02-2023,Kolkata,170.46
05-02-2023,Kolkata,221.54
06-02-2023,Kolkata,231.01
07-02-2023,Kolkata,221.85
08-02-2023,Kolkata,158.31
09-02-2023,Kolkata,168.73
10-02-2023,Kolkata,237.69
11-02-2023,Kolkata,190.18
12-02-2023,Kolkata,174.57
13-02-2023,Kolkata,203.8
14-02-2023,Kolkata,212.1
15-02-2023,Kolkata,164.36
16-02-2023,Kolkata,187.7
17-02-2023,Kolkata,208.51
18-02-2023,Kolkata,145.49
19-02-2023,Kolkata,180.25
20-02-2023,Kolkata,146.01
21-02-2023,Kolkata,149.49
22-02-2023,Kolkata,161.65
23-02-2023,Kolkata,192.39
24-02-2023,Kolkata,167.94
25-02-2023,Kolkata,157.66
26-02-2023,Kolkata,178.16
27-02-2023,Kolkata,141.7
28-02-2023,Kolkata,188.46
01-03-2023,Kolkata,209.01
02-03-2023,Kolkata,172.15
03-03-2023,Kolkata,167.91
04-03-2023,Kolkata,184.63
05-03-2023,Kolkata,112.01
06-03-2023,Kolkata,188.4
07-03-2023,Kolkata,264.77
08-03-2023,Kolkata,167.44
09-03-2023,Kolkata,166.95
10-03-2023,Kolkata,192.23
11-03-2023,Kolkata,218.67
12-03-2023,Kolkata,197.93
13-03-2023,Kolkata,103.39
14-03-2023,Kolkata,184.32
15-03-2023,Kolkata,243.93
16-03-2023,Kolkata,184.8
17-03-2023,Kolkata,130.83
18-03-2023,Kolkata,173.26
19-03-2023,Kolkata,125.71
20-03-2023,Kolkata,200.44
21-03-2023,Kolkata,134.09
22-03-2023,Kolkata,164.31
23-03-2023,Kolkata,135.65
24-03-2023,Kolkata,144.29
25-03-2023,Kolkata,204.57
26-03-2023,Kolkata,162.37
27-03-2023,Kolkata,141.78
28-03-2023,Kolkata,123.48
29-03-2023,Kolkata,100.96
30-03-2023,Kolkata,118.85
31-03-2023,Kolkata,159.01
01-04-2023,Kolkata,184.32
02-04-2023,Kolkata,137.37
03-04-2023,Kolkata,200.55
04-04-2023,Kolkata,131.17
05-04-2023,Kolkata,144.8
06-04-2023,Kolkata,118.8
07-04-2023,Kolkata,180.16
08-04-2023,Kolkata,212.61
09-04-2023,Kolkata,96.07
10-04-2023,Kolkata,137.78
11-04-2023,Kolkata,185.35
12-04-2023,Kolkata,103.24
13-04-2023,Kolkata,162.88
14-04-2023,Kolkata,181.76
15-04-2023,Kolkata,146.7
16-04-2023,Kolkata,160.1
17-04-2023,Kolkata,195.65
18-04-2023,Kolkata,200.52
19-04-2023,Kolkata,139.44
20-04-2023,Kolkata,124.57
21-04-2023,Kolkata,112.18
22-04-2023,Kolkata,168.32
23-04-2023,Kolkata,97.1
24-04-2023,Kolkata,129.92
25-04-2023,Kolkata,139.82
26-04-2023,Kolkata,120.9
27-04-2023,Kolkata,143.63
28-04-2023,Kolkata,211.42
29-04-2023,Kolkata,130.09
30-04-2023,Kolkata,119.93
01-05-2023,Kolkata,162.71
02-05-2023,Kolkata,138.7
03-05-2023,Kolkata,173.96
04-05-2023,Kolkata,134.99
05-05-2023,Kolkata,121.87
06-05-2023,Kolkata,75.09
07-05-2023,Kolkata,79.29
08-05-2023,Kolkata,72.1
09-05-2023,Kolkata,137.84
10-05-2023,Kolkata,84.89
11-05-2023,Kolkata,162.73
12-05-2023,Kolkata,125.27
13-05-2023,Kolkata,116.35
14-05-2023,Kolkata,97.68
15-05-2023,Kolkata,140.99
16-05-2023,Kolkata,97.52
17-05-2023,Kolkata,91.43
18-05-2023,Kolkata,155.99
19-05-2023,Kolkata,130.33
20-05-2023,Kolkata,112.0
21-05-2023,Kolkata,137.66
22-05-2023,Kolkata,118.05
23-05-2023,Kolkata,128.66
24-05-2023,Kolkata,92.05
25-05-2023,Kolkata,178.07
26-05-2023,Kolkata,97.97
27-05-2023,Kolkata,161.45
28-05-2023,Kolkata,108.53
29-05-2023,Kolkata,137.84
30-05-2023,Kolkata,135.09
31-05-2023,Kolkata,146.92
01-06-2023,Kolkata,86.75
02-06-2023,Kolkata,143.71
03-06-2023,Kolkata,166.31
04-06-2023,Kolkata,102.64
05-06-2023,Kolkata,110.94
06-06-2023,Kolkata,93.71
07-06-2023,Kolkata,98.53
08-06-2023,Kolkata,159.8
09-06-2023,Kolkata,77.86
10-06-2023,Kolkata,79.28
11-06-2023,Kolkata,155.43
12-06-2023,Kolkata,125.41
13-06-2023,Kolkata,169.86
14-06-2023,Kolkata,92.33
15-06-2023,Kolkata,109.24
16-06-2023,Kolkata,85.24
17-06-2023,Kolkata,108.99
18-06-2023,Kolkata,51.1
19-06-2023,Kolkata,124.52
20-06-2023,Kolkata,113.34
21-06-2023,Kolkata,101.59
22-06-2023,Kolkata,91.29
23-06-2023,Kolkata,75.85
24-06-2023,Kolkata,124.24
25-06-2023,Kolkata,67.0
26-06-2023,Kolkata,117.22
27-06-2023,Kolkata,163.84
28-06-2023,Kolkata,145.94
29-06-2023,Kolkata,55.99
30-06-2023,Kolkata,84.83
01-07-2023,Kolkata,113.37
02-07-2023,Kolkata,98.43
03-07-2023,Kolkata,58.38
04-07-2023,Kolkata,111.76
05-07-2023,Kolkata,99.75
06-07-2023,Kolkata,157.34
07-07-2023,Kolkata,92.19
08-07-2023,Kolkata,134.71
09-07-2023,Kolkata,61.56
10-07-2023,Kolkata,68.65
11-07-2023,Kolkata,121.07
12-07-2023,Kolkata,131.87
13-07-2023,Kolkata,70.6
14-07-2023,Kolkata,100.01
15-07-2023,Kolkata,57.82
16-07-2023,Kolkata,93.83
17-07-2023,Kolkata,124.38
18-07-2023,Kolkata,86.24
19-07-2023,Kolkata,91.86
20-07-2023,Kolkata,65.48
21-07-2023,Kolkata,79.99
22-07-2023,Kolkata,152.26
23-07-2023,Kolkata,101.79
24-07-2023,Kolkata,69.63
25-07-2023,Kolkata,90.37
26-07-2023,Kolkata,52.02
27-07-2023,Kolkata,69.66
28-07-2023,Kolkata,141.05
29-07-2023,Kolkata,96.13
30-07-2023,Kolkata,157.31
31-07-2023,Kolkata,97.92
01-08-2023,Kolkata,99.91
02-08-2023,Kolkata,120.43
03-08-2023,Kolkata,21.26
04-08-2023,Kolkata,107.83
05-08-2023,Kolkata,100.47
06-08-2023,Kolkata,146.79
07-08-2023,Kolkata,131.43
08-08-2023,Kolkata,68.77
09-08-2023,Kolkata,140.35
10-08-2023,Kolkata,95.54
11-08-2023,Kolkata,76.61
12-08-2023,Kolkata,110.0
13-08-2023,Kolkata,98.36
14-08-2023,Kolkata,150.96
15-08-2023,Kolkata,115.4
16-08-2023,Kolkata,111.74
17-08-2023,Kolkata,133.0
18-08-2023,Kolkata,139.18
19-08-2023,Kolkata,130.32
20-08-2023,Kolkata,149.83
21-08-2023,Kolkata,125.96
22-08-2023,Kolkata,113.19
23-08-2023,Kolkata,145.8
24-08-2023,Kolkata,106.38
25-08-2023,Kolkata,110.59
26-08-2023,Kolkata,161.74
27-08-2023,Kolkata,159.26
28-08-2023,Kolkata,110.88
29-08-2023,Kolkata,98.05
30-08-2023,Kolkata,156.09
31-08-2023,Kolkata,136.76
01-09-2023,Kolkata,122.77
02-09-2023,Kolkata,104.22
03-09-2023,Kolkata,124.4
04-09-2023,Kolkata,114.39
05-09-2023,Kolkata,95.7
06-09-2023,Kolkata,120.11
07-09-2023,Kolkata,124.81
08-09-2023,Kolkata,106.21
09-09-2023,Kolkata,145.22
10-09-2023,Kolkata,157.4
11-09-2023,Kolkata,148.48
12-09-2023,Kolkata,111.75
13-09-2023,Kolkata,143.37
14-09-2023,Kolkata,123.7
15-09-2023,Kolkata,84.96
16-09-2023,Kolkata,142.9
17-09-2023,Kolkata,127.79
18-09-2023,Kolkata,201.9
19-09-2023,Kolkata,168.51
20-09-2023,Kolkata,146.84
21-09-2023,Kolkata,133.69
22-09-2023,Kolkata,131.84
23-09-2023,Kolkata,97.54
24-09-2023,Kolkata,76.21
25-09-2023,Kolkata,102.93
26-09-2023,Kolkata,128.42
27-09-2023,Kolkata,67.42
28-09-2023,Kolkata,115.0
29-09-2023,Kolkata,124.65
30-09-2023,Kolkata,126.37
01-10-2023,Kolkata,113.74
02-10-2023,Kolkata,124.11
03-10-2023,Kolkata,186.83
04-10-2023,Kolkata,155.75
05-10-2023,Kolkata,119.84
06-10-2023,Kolkata,135.37
07-10-2023,Kolkata,137.35
08-10-2023,Kolkata,115.94
09-10-2023,Kolkata,116.68
10-10-2023,Kolkata,170.85
11-10-2023,Kolkata,128.72
12-10-2023,Kolkata,109.25
13-10-2023,Kolkata,141.58
14-10-2023,Kolkata,147.2
15-10-2023,Kolkata,85.26
16-10-2023,Kolkata,144.01
17-10-2023,Kolkata,172.05
18-10-2023,Kolkata,160.33
19-10-2023,Kolkata,214.47
20-10-2023,Kolkata,185.9
21-10-2023,Kolkata,192.61
22-10-2023,Kolkata,233.93
23-10-2023,Kolkata,173.45
24-10-2023,Kolkata,156.37
25-10-2023,Kolkata,181.47
26-10-2023,Kolkata,136.25
27-10-2023,Kolkata,157.03
28-10-2023,Kolkata,135.14
29-10-2023,Kolkata,167.28
30-10-2023,Kolkata,136.54
31-10-2023,Kolkata,136.25
01-11-2023,Kolkata,170.02
02-11-2023,Kolkata,154.24
03-11-2023,Kolkata,101.29
04-11-2023,Kolkata,116.2
05-11-2023,Kolkata,126.19
06-11-2023,Kolkata,134.85
07-11-2023,Kolkata,174.5
08-11-2023,Kolkata,169.37
09-11-2023,Kolkata,195.48
10-11-2023,Kolkata,186.82
11-11-2023,Kolkata,197.1
12-11-2023,Kolkata,183.9
13-11-2023,Kolkata,172.64
14-11-2023,Kolkata,200.02
15-11-2023,Kolkata,195.31
16-11-2023,Kolkata,179.69
17-11-2023,Kolkata,207.21
18-11-2023,Kolkata,99.37
19-11-2023,Kolkata,161.69
20-11-2023,Kolkata,161.88
21-11-2023,Kolkata,206.28
22-11-2023,Kolkata,219.48
23-11-2023,Kolkata,129.46
24-11-2023,Kolkata,215.92
25-11-2023,Kolkata,139.05
26-11-2023,Kolkata,140.56
27-11-2023,Kolkata,168.36
28-11-2023,Kolkata,166.43
29-11-2023,Kolkata,129.8
30-11-2023,Kolkata,196.62
01-12-2023,Kolkata,198.06
02-12-2023,Kolkata,209.85
03-12-2023,Kolkata,165.77
04-12-2023,Kolkata,178.11
05-12-2023,Kolkata,178.91
06-12-2023,Kolkata,230.97
07-12-2023,Kolkata,95.8
08-12-2023,Kolkata,152.61
09-12-2023,Kolkata,181.96
10-12-2023,Kolkata,149.69
11-12-2023,Kolkata,174.97
12-12-2023,Kolkata,179.38
13-12-2023,Kolkata,163.87
14-12-2023,Kolkata,185.95
15-12-2023,Kolkata,203.28
16-12-2023,Kolkata,177.75
17-12-2023,Kolkata,171.63
18-12-2023,Kolkata,180.63
19-12-2023,Kolkata,185.74
20-12-2023,Kolkata,134.11
21-12-2023,Kolkata,200.51
22-12-2023,Kolkata,173.46
23-12-2023,Kolkata,225.15
24-12-2023,Kolkata,205.35
25-12-2023,Kolkata,223.01
26-12-2023,Kolkata,157.86
27-12-2023,Kolkata,177.31
28-12-2023,Kolkata,151.44
29-12-2023,Kolkata,167.8
30-12-2023,Kolkata,226.75
31-12-2023,Kolkata,234.03
01-01-2024,Kolkata,155.21
02-01-2024,Kolkata,176.09
03-01-2024,Kolkata,187.73
04-01-2024,Kolkata,207.74
05-01-2024,Kolkata,137.53
06-01-2024,Kolkata,142.37
07-01-2024,Kolkata,205.27
08-01-2024,Kolkata,132.22
09-01-2024,Kolkata,177.39
10-01-2024,Kolkata,195.74
11-01-2024,Kolkata,203.41
12-01-2024,Kolkata,186.75
13-01-2024,Kolkata,180.07
14-01-2024,Kolkata,216.41
15-01-2024,Kolkata,199.65
16-01-2024,Kolkata,171.68
17-01-2024,Kolkata,192.22
18-01-2024,Kolkata,202.56
19-01-2024,Kolkata,242.57
20-01-2024,Kolkata,214.56
21-01-2024,Kolkata,227.35
22-01-2024,Kolkata,172.52
23-01-2024,Kolkata,175.02
24-01-2024,Kolkata,183.58
25-01-2024,Kolkata,186.22
26-01-2024,Kolkata,160.16
27-01-2024,Kolkata,228.23
28-01-2024,Kolkata,216.6
29-01-2024,Kolkata,180.76
30-01-2024,Kolkata,209.0
31-01-2024,Kolkata,196.24
01-02-2024,Kolkata,210.94
02-02-2024,Kolkata,148.8
03-02-2024,Kolkata,184.53
04-02-2024,Kolkata,186.91
05-02-2024,Kolkata,207.1
06-02-2024,Kolkata,169.27
07-02-2024,Kolkata,112.85
08-02-2024,Kolkata,155.1
09-02-2024,Kolkata,185.41
10-02-2024,Kolkata,188.84
11-02-2024,Kolkata,237.11
12-02-2024,Kolkata,203.73
13-02-2024,Kolkata,188.34
14-02-2024,Kolkata,184.56
15-02-2024,Kolkata,218.28
16-02-2024,Kolkata,167.06
17-02-2024,Kolkata,180.15
18-02-2024,Kolkata,151.27
19-02-2024,Kolkata,226.09
20-02-2024,Kolkata,194.87
21-02-2024,Kolkata,161.42
22-02-2024,Kolkata,178.76
23-02-2024,Kolkata,197.02
24-02-2024,Kolkata,173.73
25-02-2024,Kolkata,164.73
26-02-2024,Kolkata,160.64
27-02-2024,Kolkata,189.93
28-02-2024,Kolkata,168.5
29-02-2024,Kolkata,165.1
01-03-2024,Kolkata,138.1
02-03-2024,Kolkata,179.97
03-03-2024,Kolkata,171.64
04-03-2024,Kolkata,166.87
05-03-2024,Kolkata,181.91
06-03-2024,Kolkata,197.8
07-03-2024,Kolkata,195.82
08-03-2024,Kolkata,190.76
09-03-2024,Kolkata,166.35
10-03-2024,Kolkata,155.95
11-03-2024,Kolkata,141.02
12-03-2024,Kolkata,153.91
13-03-2024,Kolkata,171.66
14-03-2024,Kolkata,146.84
15-03-2024,Kolkata,172.66
16-03-2024,Kolkata,140.15
17-03-2024,Kolkata,118.62
18-03-2024,Kolkata,192.36
19-03-2024,Kolkata,152.87
20-03-2024,Kolkata,141.31
21-03-2024,Kolkata,132.92
22-03-2024,Kolkata,177.73
23-03-2024,Kolkata,205.58
24-03-2024,Kolkata,151.54
25-03-2024,Kolkata,156.45
26-03-2024,Kolkata,194.36
27-03-2024,Kolkata,107.17
28-03-2024,Kolkata,219.77
29-03-2024,Kolkata,233.36
30-03-2024,Kolkata,78.11
31-03-2024,Kolkata,155.64
01-04-2024,Kolkata,136.26
02-04-2024,Kolkata,149.14
03-04-2024,Kolkata,143.79
04-04-2024,Kolkata,179.94
05-04-2024,Kolkata,151.46
06-04-2024,Kolkata,126.76
07-04-2024,Kolkata,148.17
08-04-2024,Kolkata,168.02
09-04-2024,Kolkata,116.31
10-04-2024,Kolkata,101.67
11-04-2024,Kolkata,210.08
12-04-2024,Kolkata,130.26
13-04-2024,Kolkata,144.65
14-04-2024,Kolkata,136.07
15-04-2024,Kolkata,163.68
16-04-2024,Kolkata,199.66
17-04-2024,Kolkata,163.11
18-04-2024,Kolkata,99.4
19-04-2024,Kolkata,102.66
20-04-2024,Kolkata,131.46
21-04-2024,Kolkata,134.62
22-04-2024,Kolkata,90.25
23-04-2024,Kolkata,165.73
24-04-2024,Kolkata,107.8
25-04-2024,Kolkata,184.43
26-04-2024,Kolkata,193.5
27-04-2024,Kolkata,130.69
28-04-2024,Kolkata,150.56
29-04-2024,Kolkata,99.68
30-04-2024,Kolkata,154.61
01-05-2024,Kolkata,120.22
02-05-2024,Kolkata,101.81
03-05-2024,Kolkata,125.02
04-05-2024,Kolkata,119.0
05-05-2024,Kolkata,122.49
06-05-2024,Kolkata,160.02
07-05-2024,Kolkata,107.26
08-05-2024,Kolkata,182.16
09-05-2024,Kolkata,89.65
10-05-2024,Kolkata,177.17
11-05-2024,Kolkata,97.52
12-05-2024,Kolkata,127.3
13-05-2024,Kolkata,111.94
14-05-2024,Kolkata,115.66
15-05-2024,Kolkata,149.35
16-05-2024,Kolkata,169.64
17-05-2024,Kolkata,159.7
18-05-2024,Kolkata,111.19
19-05-2024,Kolkata,128.23
20-05-2024,Kolkata,98.6
21-05-2024,Kolkata,91.69
22-05-2024,Kolkata,86.43
23-05-2024,Kolkata,107.08
24-05-2024,Kolkata,127.09
25-05-2024,Kolkata,61.65
26-05-2024,Kolkata,117.03
27-05-2024,Kolkata,163.33
28-05-2024,Kolkata,150.93
29-05-2024,Kolkata,99.16
30-05-2024,Kolkata,74.26
31-05-2024,Kolkata,129.42
01-06-2024,Kolkata,45.57
02-06-2024,Kolkata,147.87
03-06-2024,Kolkata,107.65
04-06-2024,Kolkata,168.49
05-06-2024,Kolkata,61.25
06-06-2024,Kolkata,140.12
07-06-2024,Kolkata,109.09
08-06-2024,Kolkata,101.71
09-06-2024,Kolkata,70.09
10-06-2024,Kolkata,128.62
11-06-2024,Kolkata,130.6
12-06-2024,Kolkata,163.45
13-06-2024,Kolkata,139.73
14-06-2024,Kolkata,91.28
15-06-2024,Kolkata,78.6
16-06-2024,Kolkata,67.28
17-06-2024,Kolkata,152.17
18-06-2024,Kolkata,84.28
19-06-2024,Kolkata,151.69
20-06-2024,Kolkata,122.71
21-06-2024,Kolkata,116.54
22-06-2024,Kolkata,97.14
23-06-2024,Kolkata,125.88
24-06-2024,Kolkata,105.31
25-06-2024,Kolkata,94.44
26-06-2024,Kolkata,126.14
27-06-2024,Kolkata,100.7
28-06-2024,Kolkata,80.84
29-06-2024,Kolkata,122.57
30-06-2024,Kolkata,102.46
01-07-2024,Kolkata,118.85
02-07-2024,Kolkata,90.39
03-07-2024,Kolkata,67.57
04-07-2024,Kolkata,155.75
05-07-2024,Kolkata,149.96
06-07-2024,Kolkata,129.95
07-07-2024,Kolkata,91.69
08-07-2024,Kolkata,94.22
09-07-2024,Kolkata,144.61
10-07-2024,Kolkata,92.46
11-07-2024,Kolkata,84.04
12-07-2024,Kolkata,159.13
13-07-2024,Kolkata,101.51
14-07-2024,Kolkata,155.97
15-07-2024,Kolkata,60.96
16-07-2024,Kolkata,118.47
17-07-2024,Kolkata,165.08
18-07-2024,Kolkata,103.87
19-07-2024,Kolkata,95.11
20-07-2024,Kolkata,68.05
21-07-2024,Kolkata,135.63
22-07-2024,Kolkata,80.15
23-07-2024,Kolkata,100.51
24-07-2024,Kolkata,66.43
25-07-2024,Kolkata,150.3
26-07-2024,Kolkata,138.38
27-07-2024,Kolkata,102.94
28-07-2024,Kolkata,69.43
29-07-2024,Kolkata,150.31
30-07-2024,Kolkata,93.45
31-07-2024,Kolkata,71.48
01-08-2024,Kolkata,51.99
02-08-2024,Kolkata,85.71
03-08-2024,Kolkata,61.69
04-08-2024,Kolkata,86.9
05-08-2024,Kolkata,128.19
06-08-2024,Kolkata,94.88
07-08-2024,Kolkata,117.1
08-08-2024,Kolkata,85.04
09-08-2024,Kolkata,109.01
10-08-2024,Kolkata,165.02
11-08-2024,Kolkata,97.28
12-08-2024,Kolkata,119.62
13-08-2024,Kolkata,61.49
14-08-2024,Kolkata,154.44
15-08-2024,Kolkata,94.91
16-08-2024,Kolkata,141.14
17-08-2024,Kolkata,106.34
18-08-2024,Kolkata,128.81
19-08-2024,Kolkata,131.03
20-08-2024,Kolkata,97.77
21-08-2024,Kolkata,144.56
22-08-2024,Kolkata,89.51
23-08-2024,Kolkata,136.09
24-08-2024,Kolkata,101.54
25-08-2024,Kolkata,124.23
26-08-2024,Kolkata,100.4
27-08-2024,Kolkata,116.28
28-08-2024,Kolkata,83.07
29-08-2024,Kolkata,123.27
30-08-2024,Kolkata,117.72
31-08-2024,Kolkata,100.75
01-09-2024,Kolkata,115.87
02-09-2024,Kolkata,122.12
03-09-2024,Kolkata,100.2
04-09-2024,Kolkata,115.42
05-09-2024,Kolkata,89.72
06-09-2024,Kolkata,190.87
07-09-2024,Kolkata,152.9
08-09-2024,Kolkata,129.94
09-09-2024,Kolkata,157.55
10-09-2024,Kolkata,63.66
11-09-2024,Kolkata,46.96
12-09-2024,Kolkata,112.37
13-09-2024,Kolkata,83.66
14-09-2024,Kolkata,118.59
15-09-2024,Kolkata,132.54
16-09-2024,Kolkata,154.67
17-09-2024,Kolkata,93.6
18-09-2024,Kolkata,140.43
19-09-2024,Kolkata,129.58
20-09-2024,Kolkata,140.29
21-09-2024,Kolkata,114.99
22-09-2024,Kolkata,172.8
23-09-2024,Kolkata,128.92
24-09-2024,Kolkata,185.99
25-09-2024,Kolkata,109.79
26-09-2024,Kolkata,156.52
27-09-2024,Kolkata,133.19
28-09-2024,Kolkata,125.9
29-09-2024,Kolkata,155.46
30-09-2024,Kolkata,128.27
01-10-2024,Kolkata,58.14
02-10-2024,Kolkata,46.88
03-10-2024,Kolkata,177.71
04-10-2024,Kolkata,177.21
05-10-2024,Kolkata,197.69
06-10-2024,Kolkata,141.32
07-10-2024,Kolkata,103.85
08-10-2024,Kolkata,130.81
09-10-2024,Kolkata,144.52
10-10-2024,Kolkata,114.75
11-10-2024,Kolkata,195.2
12-10-2024,Kolkata,213.71
13-10-2024,Kolkata,161.66
14-10-2024,Kolkata,147.77
15-10-2024,Kolkata,110.03
16-10-2024,Kolkata,196.06
17-10-2024,Kolkata,152.74
18-10-2024,Kolkata,142.55
19-10-2024,Kolkata,166.45
20-10-2024,Kolkata,135.22
21-10-2024,Kolkata,157.98
22-10-2024,Kolkata,111.08
23-10-2024,Kolkata,187.74
24-10-2024,Kolkata,152.77
25-10-2024,Kolkata,191.44
26-10-2024,Kolkata,151.42
27-10-2024,Kolkata,154.13
28-10-2024,Kolkata,122.62
29-10-2024,Kolkata,182.54
30-10-2024,Kolkata,134.23
31-10-2024,Kolkata,146.67
01-11-2024,Kolkata,162.05
02-11-2024,Kolkata,166.41
03-11-2024,Kolkata,112.33
04-11-2024,Kolkata,157.33
05-11-2024,Kolkata,188.85
06-11-2024,Kolkata,154.37
07-11-2024,Kolkata,159.71
08-11-2024,Kolkata,172.04
09-11-2024,Kolkata,164.11
10-11-2024,Kolkata,137.68
11-11-2024,Kolkata,168.21
12-11-2024,Kolkata,199.82
13-11-2024,Kolkata,139.16
14-11-2024,Kolkata,160.14
15-11-2024,Kolkata,130.61
16-11-2024,Kolkata,200.97
17-11-2024,Kolkata,170.63
18-11-2024,Kolkata,148.55
19-11-2024,Kolkata,177.47
20-11-2024,Kolkata,139.24
21-11-2024,Kolkata,144.98
22-11-2024,Kolkata,132.81
23-11-2024,Kolkata,145.23
24-11-2024,Kolkata,218.57
25-11-2024,Kolkata,156.46
26-11-2024,Kolkata,193.03
27-11-2024,Kolkata,154.54
28-11-2024,Kolkata,202.99
29-11-2024,Kolkata,149.99
30-11-2024,Kolkata,182.51
01-12-2024,Kolkata,183.47
02-12-2024,Kolkata,252.25
03-12-2024,Kolkata,201.86
04-12-2024,Kolkata,165.68
05-12-2024,Kolkata,204.53
06-12-2024,Kolkata,248.62
07-12-2024,Kolkata,136.08
08-12-2024,Kolkata,160.17
09-12-2024,Kolkata,178.8
10-12-2024,Kolkata,173.85
11-12-2024,Kolkata,176.83
12-12-2024,Kolkata,148.12
13-12-2024,Kolkata,229.79
14-12-2024,Kolkata,145.4
15-12-2024,Kolkata,182.48
16-12-2024,Kolkata,220.25
17-12-2024,Kolkata,188.34
18-12-2024,Kolkata,160.23
19-12-2024,Kolkata,149.51
20-12-2024,Kolkata,183.41
21-12-2024,Kolkata,167.93
22-12-2024,Kolkata,197.12
23-12-2024,Kolkata,149.22
24-12-2024,Kolkata,215.95
25-12-2024,Kolkata,195.3
26-12-2024,Kolkata,197.8
27-12-2024,Kolkata,235.59
28-12-2024,Kolkata,179.47
29-12-2024,Kolkata,171.06
30-12-2024,Kolkata,176.62
31-12-2024,Kolkata,187.48
01-01-2025,Kolkata,190.58
02-01-2025,Kolkata,168.58
03-01-2025,Kolkata,132.98
04-01-2025,Kolkata,177.01
05-01-2025,Kolkata,204.78
06-01-2025,Kolkata,198.21
07-01-2025,Kolkata,230.23
08-01-2025,Kolkata,253.02
09-01-2025,Kolkata,217.23
10-01-2025,Kolkata,236.01
11-01-2025,Kolkata,217.61
12-01-2025,Kolkata,245.96
13-01-2025,Kolkata,250.23
14-01-2025,Kolkata,223.27
15-01-2025,Kolkata,215.94
16-01-2025,Kolkata,188.6
17-01-2025,Kolkata,193.5
18-01-2025,Kolkata,184.58
19-01-2025,Kolkata,213.32
20-01-2025,Kolkata,173.02
21-01-2025,Kolkata,188.84
22-01-2025,Kolkata,123.84
23-01-2025,Kolkata,246.1
24-01-2025,Kolkata,187.69
25-01-2025,Kolkata,207.85
26-01-2025,Kolkata,237.79
27-01-2025,Kolkata,202.92
28-01-2025,Kolkata,237.09
29-01-2025,Kolkata,156.34
30-01-2025,Kolkata,265.33
31-01-2025,Kolkata,225.83
01-02-2025,Kolkata,199.29
02-02-2025,Kolkata,235.54
03-02-2025,Kolkata,157.5
04-02-2025,Kolkata,183.65
05-02-2025,Kolkata,235.38
06-02-2025,Kolkata,135.77
07-02-2025,Kolkata,208.32
08-02-2025,Kolkata,207.17
09-02-2025,Kolkata,249.98
10-02-2025,Kolkata,143.09
11-02-2025,Kolkata,238.54
12-02-2025,Kolkata,173.13
13-02-2025,Kolkata,176.15
14-02-2025,Kolkata,152.53
15-02-2025,Kolkata,156.18
16-02-2025,Kolkata,200.53
17-02-2025,Kolkata,154.65
18-02-2025,Kolkata,209.82
19-02-2025,Kolkata,167.3
20-02-2025,Kolkata,150.36
21-02-2025,Kolkata,170.47
22-02-2025,Kolkata,195.95
23-02-2025,Kolkata,177.07
24-02-2025,Kolkata,185.94
25-02-2025,Kolkata,205.31
26-02-2025,Kolkata,216.4
27-02-2025,Kolkata,174.12
28-02-2025,Kolkata,151.58
01-03-2025,Kolkata,184.66
02-03-2025,Kolkata,195.96
03-03-2025,Kolkata,137.47
04-03-2025,Kolkata,154.02
05-03-2025,Kolkata,158.6
06-03-2025,Kolkata,173.37
07-03-2025,Kolkata,156.19
08-03-2025,Kolkata,199.65
09-03-2025,Kolkata,129.68
10-03-2025,Kolkata,129.84
11-03-2025,Kolkata,166.6
12-03-2025,Kolkata,170.73
13-03-2025,Kolkata,131.73
14-03-2025,Kolkata,156.53
15-03-2025,Kolkata,162.05
16-03-2025,Kolkata,161.64
17-03-2025,Kolkata,177.33
18-03-2025,Kolkata,152.26
19-03-2025,Kolkata,215.78
20-03-2025,Kolkata,185.41
21-03-2025,Kolkata,145.87
22-03-2025,Kolkata,172.23
23-03-2025,Kolkata,172.42
24-03-2025,Kolkata,204.44
25-03-2025,Kolkata,149.28
26-03-2025,Kolkata,189.6
27-03-2025,Kolkata,167.12
28-03-2025,Kolkata,209.89
29-03-2025,Kolkata,203.15
30-03-2025,Kolkata,169.6
31-03-2025,Kolkata,155.09
01-04-2025,Kolkata,177.43
02-04-2025,Kolkata,156.07
03-04-2025,Kolkata,211.15
04-04-2025,Kolkata,162.35
05-04-2025,Kolkata,147.08
06-04-2025,Kolkata,144.71
07-04-2025,Kolkata,121.36
08-04-2025,Kolkata,173.69
09-04-2025,Kolkata,131.64
10-04-2025,Kolkata,188.42
11-04-2025,Kolkata,115.93
12-04-2025,Kolkata,157.77
13-04-2025,Kolkata,187.7
14-04-2025,Kolkata,87.86
15-04-2025,Kolkata,212.21
16-04-2025,Kolkata,138.14
17-04-2025,Kolkata,154.37
18-04-2025,Kolkata,166.52
19-04-2025,Kolkata,170.39
20-04-2025,Kolkata,156.06
21-04-2025,Kolkata,177.01
22-04-2025,Kolkata,161.9
23-04-2025,Kolkata,198.39
24-04-2025,Kolkata,160.48
25-04-2025,Kolkata,202.99
26-04-2025,Kolkata,170.33
27-04-2025,Kolkata,88.37
28-04-2025,Kolkata,220.13
29-04-2025,Kolkata,123.82
30-04-2025,Kolkata,185.17
01-05-2025,Kolkata,140.36
02-05-2025,Kolkata,170.66
03-05-2025,Kolkata,117.43
04-05-2025,Kolkata,156.13
05-05-2025,Kolkata,129.04
06-05-2025,Kolkata,183.28
07-05-2025,Kolkata,148.35
08-05-2025,Kolkata,162.56
09-05-2025,Kolkata,68.85
10-05-2025,Kolkata,130.5
11-05-2025,Kolkata,144.69
12-05-2025,Kolkata,138.38
13-05-2025,Kolkata,159.82
14-05-2025,Kolkata,119.33
15-05-2025,Kolkata,131.1
16-05-2025,Kolkata,164.4
17-05-2025,Kolkata,59.94
18-05-2025,Kolkata,145.33
19-05-2025,Kolkata,116.98
20-05-2025,Kolkata,98.99
21-05-2025,Kolkata,135.82
22-05-2025,Kolkata,161.92
23-05-2025,Kolkata,155.65
24-05-2025,Kolkata,119.81
25-05-2025,Kolkata,149.54
26-05-2025,Kolkata,148.71
27-05-2025,Kolkata,119.46
28-05-2025,Kolkata,100.71
29-05-2025,Kolkata,101.88
30-05-2025,Kolkata,145.51
31-05-2025,Kolkata,118.56
01-06-2025,Kolkata,87.9
02-06-2025,Kolkata,68.2
03-06-2025,Kolkata,143.18
04-06-2025,Kolkata,101.31
05-06-2025,Kolkata,127.12
06-06-2025,Kolkata,153.91
07-06-2025,Kolkata,76.97
08-06-2025,Kolkata,114.41
09-06-2025,Kolkata,110.18
10-06-2025,Kolkata,126.24
11-06-2025,Kolkata,151.58
12-06-2025,Kolkata,74.1
13-06-2025,Kolkata,130.65
14-06-2025,Kolkata,144.1
15-06-2025,Kolkata,107.17
16-06-2025,Kolkata,108.25
17-06-2025,Kolkata,124.55
18-06-2025,Kolkata,121.98
19-06-2025,Kolkata,128.76
20-06-2025,Kolkata,127.79
21-06-2025,Kolkata,81.16
22-06-2025,Kolkata,140.02
23-06-2025,Kolkata,145.01
24-06-2025,Kolkata,115.3
25-06-2025,Kolkata,64.61
26-06-2025,Kolkata,105.73
27-06-2025,Kolkata,114.75
28-06-2025,Kolkata,74.34
29-06-2025,Kolkata,97.65
30-06-2025,Kolkata,65.96
01-07-2025,Kolkata,126.25
02-07-2025,Kolkata,112.83
03-07-2025,Kolkata,58.3
04-07-2025,Kolkata,118.05
05-07-2025,Kolkata,105.66
06-07-2025,Kolkata,122.71
07-07-2025,Kolkata,95.35
08-07-2025,Kolkata,82.94
09-07-2025,Kolkata,83.76
10-07-2025,Kolkata,90.66
11-07-2025,Kolkata,107.3
12-07-2025,Kolkata,111.11
13-07-2025,Kolkata,100.91
14-07-2025,Kolkata,93.9
15-07-2025,Kolkata,96.04
16-07-2025,Kolkata,181.8
17-07-2025,Kolkata,83.46
18-07-2025,Kolkata,89.86
19-07-2025,Kolkata,205.45
20-07-2025,Kolkata,119.32
21-07-2025,Kolkata,65.35
22-07-2025,Kolkata,132.1
23-07-2025,Kolkata,79.61
24-07-2025,Kolkata,134.28
25-07-2025,Kolkata,100.8
26-07-2025,Kolkata,94.06
27-07-2025,Kolkata,155.67
28-07-2025,Kolkata,124.54
29-07-2025,Kolkata,136.91
30-07-2025,Kolkata,120.94
31-07-2025,Kolkata,94.76
01-08-2025,Kolkata,126.64
02-08-2025,Kolkata,144.79
03-08-2025,Kolkata,112.79
04-08-2025,Kolkata,163.04
05-08-2025,Kolkata,134.76
06-08-2025,Kolkata,115.88
07-08-2025,Kolkata,117.34
08-08-2025,Kolkata,114.21
09-08-2025,Kolkata,72.86
10-08-2025,Kolkata,108.02
11-08-2025,Kolkata,117.69
12-08-2025,Kolkata,98.91
13-08-2025,Kolkata,121.88
14-08-2025,Kolkata,112.75
15-08-2025,Kolkata,135.7
16-08-2025,Kolkata,132.78
17-08-2025,Kolkata,118.3
18-08-2025,Kolkata,72.68
19-08-2025,Kolkata,167.85
20-08-2025,Kolkata,110.3
21-08-2025,Kolkata,112.58
22-08-2025,Kolkata,105.19
23-08-2025,Kolkata,101.28
24-08-2025,Kolkata,162.74
25-08-2025,Kolkata,158.49
26-08-2025,Kolkata,130.74
27-08-2025,Kolkata,114.69
28-08-2025,Kolkata,137.01
29-08-2025,Kolkata,121.18
30-08-2025,Kolkata,113.8
31-08-2025,Kolkata,130.2
01-09-2025,Kolkata,107.38
02-09-2025,Kolkata,128.75
03-09-2025,Kolkata,127.89
04-09-2025,Kolkata,140.44
05-09-2025,Kolkata,104.37
06-09-2025,Kolkata,144.85
07-09-2025,Kolkata,96.97
08-09-2025,Kolkata,107.61
09-09-2025,Kolkata,109.54
10-09-2025,Kolkata,93.89
11-09-2025,Kolkata,157.16
12-09-2025,Kolkata,98.27
13-09-2025,Kolkata,107.04
14-09-2025,Kolkata,166.33
15-09-2025,Kolkata,112.23
16-09-2025,Kolkata,124.38
17-09-2025,Kolkata,100.35
18-09-2025,Kolkata,156.39
19-09-2025,Kolkata,157.51
20-09-2025,Kolkata,154.98
21-09-2025,Kolkata,149.65
22-09-2025,Kolkata,136.45
23-09-2025,Kolkata,119.23
24-09-2025,Kolkata,111.24
25-09-2025,Kolkata,175.12
26-09-2025,Kolkata,160.1
27-09-2025,Kolkata,117.1
28-09-2025,Kolkata,139.84
29-09-2025,Kolkata,130.39
30-09-2025,Kolkata,106.3
01-10-2025,Kolkata,146.23
02-10-2025,Kolkata,129.2
03-10-2025,Kolkata,113.85
04-10-2025,Kolkata,98.82
05-10-2025,Kolkata,97.05
06-10-2025,Kolkata,133.59
07-10-2025,Kolkata,142.96
08-10-2025,Kolkata,120.03
09-10-2025,Kolkata,166.58
10-10-2025,Kolkata,145.88
11-10-2025,Kolkata,165.93
12-10-2025,Kolkata,143.92
13-10-2025,Kolkata,126.57
14-10-2025,Kolkata,154.39
15-10-2025,Kolkata,113.87
16-10-2025,Kolkata,168.72
17-10-2025,Kolkata,125.21
18-10-2025,Kolkata,181.65
19-10-2025,Kolkata,144.74
20-10-2025,Kolkata,187.55
21-10-2025,Kolkata,122.78
22-10-2025,Kolkata,136.9
23-10-2025,Kolkata,169.44
24-10-2025,Kolkata,193.91
25-10-2025,Kolkata,209.57
26-10-2025,Kolkata,161.58
27-10-2025,Kolkata,216.24
28-10-2025,Kolkata,153.19
29-10-2025,Kolkata,195.61
30-10-2025,Kolkata,135.14
31-10-2025,Kolkata,176.78
01-11-2025,Kolkata,94.68
02-11-2025,Kolkata,132.03
03-11-2025,Kolkata,180.43
04-11-2025,Kolkata,127.8
05-11-2025,Kolkata,180.72
06-11-2025,Kolkata,195.84
07-11-2025,Kolkata,154.34
08-11-2025,Kolkata,141.04
09-11-2025,Kolkata,156.6
10-11-2025,Kolkata,142.57
11-11-2025,Kolkata,169.22
12-11-2025,Kolkata,176.02
13-11-2025,Kolkata,164.48
14-11-2025,Kolkata,224.58
15-11-2025,Kolkata,153.46
16-11-2025,Kolkata,217.46
17-11-2025,Kolkata,145.15
18-11-2025,Kolkata,179.24
19-11-2025,Kolkata,213.21
20-11-2025,Kolkata,212.31
21-11-2025,Kolkata,166.4
22-11-2025,Kolkata,196.3
23-11-2025,Kolkata,192.91
24-11-2025,Kolkata,164.7
25-11-2025,Kolkata,199.98
26-11-2025,Kolkata,237.98
27-11-2025,Kolkata,196.85
28-11-2025,Kolkata,200.28
29-11-2025,Kolkata,204.03
30-11-2025,Kolkata,140.6
01-12-2025,Kolkata,198.8
02-12-2025,Kolkata,155.04
03-12-2025,Kolkata,168.38
04-12-2025,Kolkata,251.47
05-12-2025,Kolkata,179.53
06-12-2025,Kolkata,165.43
07-12-2025,Kolkata,222.71
08-12-2025,Kolkata,160.19
09-12-2025,Kolkata,175.68
10-12-2025,Kolkata,227.04
11-12-2025,Kolkata,191.31
12-12-2025,Kolkata,143.62
13-12-2025,Kolkata,207.23
14-12-2025,Kolkata,179.44
15-12-2025,Kolkata,237.94
16-12-2025,Kolkata,173.96
17-12-2025,Kolkata,224.07
18-12-2025,Kolkata,246.18
19-12-2025,Kolkata,167.75
20-12-2025,Kolkata,187.83
21-12-2025,Kolkata,205.63
22-12-2025,Kolkata,168.58
23-12-2025,Kolkata,202.73
24-12-2025,Kolkata,188.18
25-12-2025,Kolkata,187.86
26-12-2025,Kolkata,196.97
27-12-2025,Kolkata,197.9
28-12-2025,Kolkata,200.94
29-12-2025,Kolkata,178.3
30-12-2025,Kolkata,179.84
31-12-2025,Kolkata,193.15
01-01-2021,Chennai,113.38
02-01-2021,Chennai,105.61
03-01-2021,Chennai,120.97
04-01-2021,Chennai,78.29
05-01-2021,Chennai,100.06
06-01-2021,Chennai,109.15
07-01-2021,Chennai,97.7
08-01-2021,Chennai,147.47
09-01-2021,Chennai,115.32
10-01-2021,Chennai,118.53
11-01-2021,Chennai,105.38
12-01-2021,Chennai,114.76
13-01-2021,Chennai,90.8
14-01-2021,Chennai,111.73
15-01-2021,Chennai,96.4
16-01-2021,Chennai,109.6
17-01-2021,Chennai,63.95
18-01-2021,Chennai,92.58
19-01-2021,Chennai,144.4
20-01-2021,Chennai,131.71
21-01-2021,Chennai,141.45
22-01-2021,Chennai,142.78
23-01-2021,Chennai,128.44
24-01-2021,Chennai,105.87
25-01-2021,Chennai,94.13
26-01-2021,Chennai,137.74
27-01-2021,Chennai,116.02
28-01-2021,Chennai,164.53
29-01-2021,Chennai,107.26
30-01-2021,Chennai,153.92
31-01-2021,Chennai,111.22
01-02-2021,Chennai,140.97
02-02-2021,Chennai,148.06
03-02-2021,Chennai,93.55
04-02-2021,Chennai,104.17
05-02-2021,Chennai,93.08
06-02-2021,Chennai,88.99
07-02-2021,Chennai,126.78
08-02-2021,Chennai,109.35
09-02-2021,Chennai,114.16
10-02-2021,Chennai,124.07
11-02-2021,Chennai,75.61
12-02-2021,Chennai,138.31
13-02-2021,Chennai,105.4
14-02-2021,Chennai,122.83
15-02-2021,Chennai,124.39
16-02-2021,Chennai,139.18
17-02-2021,Chennai,109.45
18-02-2021,Chennai,68.85
19-02-2021,Chennai,112.24
20-02-2021,Chennai,114.87
21-02-2021,Chennai,89.93
22-02-2021,Chennai,113.32
23-02-2021,Chennai,102.89
24-02-2021,Chennai,83.0
25-02-2021,Chennai,123.02
26-02-2021,Chennai,98.04
27-02-2021,Chennai,100.91
28-02-2021,Chennai,99.5
01-03-2021,Chennai,133.18
02-03-2021,Chennai,107.35
03-03-2021,Chennai,109.46
04-03-2021,Chennai,98.76
05-03-2021,Chennai,116.52
06-03-2021,Chennai,133.94
07-03-2021,Chennai,119.59
08-03-2021,Chennai,120.04
09-03-2021,Chennai,118.1
10-03-2021,Chennai,78.04
11-03-2021,Chennai,87.79
12-03-2021,Chennai,100.87
13-03-2021,Chennai,90.11
14-03-2021,Chennai,82.98
15-03-2021,Chennai,66.48
16-03-2021,Chennai,76.63
17-03-2021,Chennai,98.07
18-03-2021,Chennai,101.45
19-03-2021,Chennai,86.61
20-03-2021,Chennai,103.68
21-03-2021,Chennai,93.05
22-03-2021,Chennai,123.16
23-03-2021,Chennai,97.73
24-03-2021,Chennai,114.51
25-03-2021,Chennai,104.26
26-03-2021,Chennai,71.76
27-03-2021,Chennai,97.6
28-03-2021,Chennai,74.3
29-03-2021,Chennai,96.45
30-03-2021,Chennai,83.31
31-03-2021,Chennai,105.45
01-04-2021,Chennai,70.56
02-04-2021,Chennai,97.3
03-04-2021,Chennai,108.04
04-04-2021,Chennai,114.34
05-04-2021,Chennai,80.49
06-04-2021,Chennai,95.72
07-04-2021,Chennai,98.63
08-04-2021,Chennai,125.48
09-04-2021,Chennai,64.49
10-04-2021,Chennai,75.48
11-04-2021,Chennai,149.37
12-04-2021,Chennai,87.4
13-04-2021,Chennai,54.62
14-04-2021,Chennai,80.37
15-04-2021,Chennai,36.23
16-04-2021,Chennai,96.0
17-04-2021,Chennai,106.96
18-04-2021,Chennai,72.11
19-04-2021,Chennai,80.51
20-04-2021,Chennai,107.98
21-04-2021,Chennai,54.08
22-04-2021,Chennai,62.24
23-04-2021,Chennai,83.69
24-04-2021,Chennai,72.79
25-04-2021,Chennai,81.54
26-04-2021,Chennai,61.73
27-04-2021,Chennai,90.88
28-04-2021,Chennai,83.19
29-04-2021,Chennai,96.75
30-04-2021,Chennai,89.37
01-05-2021,Chennai,89.08
02-05-2021,Chennai,55.62
03-05-2021,Chennai,93.99
04-05-2021,Chennai,77.12
05-05-2021,Chennai,80.01
06-05-2021,Chennai,103.91
07-05-2021,Chennai,68.16
08-05-2021,Chennai,109.18
09-05-2021,Chennai,110.66
10-05-2021,Chennai,96.44
11-05-2021,Chennai,61.39
12-05-2021,Chennai,36.89
13-05-2021,Chennai,101.82
14-05-2021,Chennai,82.1
15-05-2021,Chennai,64.59
16-05-2021,Chennai,102.6
17-05-2021,Chennai,61.54
18-05-2021,Chennai,69.92
19-05-2021,Chennai,88.55
20-05-2021,Chennai,55.43
21-05-2021,Chennai,75.16
22-05-2021,Chennai,98.79
23-05-2021,Chennai,80.89
24-05-2021,Chennai,101.28
25-05-2021,Chennai,98.68
26-05-2021,Chennai,75.83
27-05-2021,Chennai,28.62
28-05-2021,Chennai,52.92
29-05-2021,Chennai,89.99
30-05-2021,Chennai,43.42
31-05-2021,Chennai,67.59
01-06-2021,Chennai,80.59
02-06-2021,Chennai,102.92
03-06-2021,Chennai,61.75
04-06-2021,Chennai,60.1
05-06-2021,Chennai,71.64
06-06-2021,Chennai,79.44
07-06-2021,Chennai,69.07
08-06-2021,Chennai,92.88
09-06-2021,Chennai,55.66
10-06-2021,Chennai,73.8
11-06-2021,Chennai,80.06
12-06-2021,Chennai,62.92
13-06-2021,Chennai,87.49
14-06-2021,Chennai,73.45
15-06-2021,Chennai,86.04
16-06-2021,Chennai,73.93
17-06-2021,Chennai,77.37
18-06-2021,Chennai,57.0
19-06-2021,Chennai,56.84
20-06-2021,Chennai,93.76
21-06-2021,Chennai,81.81
22-06-2021,Chennai,48.47
23-06-2021,Chennai,72.38
24-06-2021,Chennai,21.13
25-06-2021,Chennai,56.98
26-06-2021,Chennai,87.54
27-06-2021,Chennai,65.68
28-06-2021,Chennai,70.41
29-06-2021,Chennai,10.0
30-06-2021,Chennai,59.97
01-07-2021,Chennai,74.47
02-07-2021,Chennai,76.91
03-07-2021,Chennai,86.76
04-07-2021,Chennai,63.22
05-07-2021,Chennai,64.04
06-07-2021,Chennai,40.63
07-07-2021,Chennai,63.12
08-07-2021,Chennai,41.92
09-07-2021,Chennai,30.15
10-07-2021,Chennai,45.36
11-07-2021,Chennai,97.2
12-07-2021,Chennai,61.59
13-07-2021,Chennai,71.38
14-07-2021,Chennai,56.7
15-07-2021,Chennai,31.15
16-07-2021,Chennai,85.68
17-07-2021,Chennai,23.53
18-07-2021,Chennai,55.89
19-07-2021,Chennai,65.92
20-07-2021,Chennai,71.65
21-07-2021,Chennai,52.55
22-07-2021,Chennai,30.37
23-07-2021,Chennai,51.16
24-07-2021,Chennai,52.27
25-07-2021,Chennai,51.85
26-07-2021,Chennai,86.79
27-07-2021,Chennai,43.2
28-07-2021,Chennai,73.58
29-07-2021,Chennai,70.82
30-07-2021,Chennai,86.97
31-07-2021,Chennai,65.21
01-08-2021,Chennai,83.81
02-08-2021,Chennai,64.67
03-08-2021,Chennai,76.94
04-08-2021,Chennai,38.33
05-08-2021,Chennai,15.77
06-08-2021,Chennai,76.24
07-08-2021,Chennai,77.47
08-08-2021,Chennai,78.53
09-08-2021,Chennai,58.7
10-08-2021,Chennai,99.17
11-08-2021,Chennai,60.37
12-08-2021,Chennai,78.18
13-08-2021,Chennai,81.85
14-08-2021,Chennai,104.54
15-08-2021,Chennai,64.04
16-08-2021,Chennai,57.54
17-08-2021,Chennai,40.87
18-08-2021,Chennai,102.12
19-08-2021,Chennai,79.74
20-08-2021,Chennai,80.62
21-08-2021,Chennai,134.14
22-08-2021,Chennai,78.57
23-08-2021,Chennai,46.29
24-08-2021,Chennai,68.68
25-08-2021,Chennai,53.38
26-08-2021,Chennai,65.24
27-08-2021,Chennai,65.4
28-08-2021,Chennai,62.0
29-08-2021,Chennai,46.18
30-08-2021,Chennai,106.2
31-08-2021,Chennai,80.63
01-09-2021,Chennai,70.46
02-09-2021,Chennai,90.45
03-09-2021,Chennai,85.04
04-09-2021,Chennai,81.46
05-09-2021,Chennai,89.98
06-09-2021,Chennai,79.3
07-09-2021,Chennai,90.37
08-09-2021,Chennai,92.38
09-09-2021,Chennai,80.93
10-09-2021,Chennai,73.62
11-09-2021,Chennai,109.0
12-09-2021,Chennai,69.2
13-09-2021,Chennai,86.96
14-09-2021,Chennai,87.78
15-09-2021,Chennai,67.69
16-09-2021,Chennai,64.11
17-09-2021,Chennai,73.58
18-09-2021,Chennai,71.2
19-09-2021,Chennai,52.27
20-09-2021,Chennai,68.8
21-09-2021,Chennai,87.56
22-09-2021,Chennai,107.95
23-09-2021,Chennai,94.13
24-09-2021,Chennai,31.46
25-09-2021,Chennai,96.69
26-09-2021,Chennai,73.11
27-09-2021,Chennai,93.75
28-09-2021,Chennai,84.82
29-09-2021,Chennai,81.67
30-09-2021,Chennai,83.91
01-10-2021,Chennai,85.93
02-10-2021,Chennai,113.69
03-10-2021,Chennai,86.84
04-10-2021,Chennai,109.37
05-10-2021,Chennai,106.89
06-10-2021,Chennai,101.87
07-10-2021,Chennai,53.23
08-10-2021,Chennai,111.73
09-10-2021,Chennai,80.68
10-10-2021,Chennai,104.59
11-10-2021,Chennai,71.26
12-10-2021,Chennai,67.45
13-10-2021,Chennai,131.12
14-10-2021,Chennai,72.89
15-10-2021,Chennai,115.39
16-10-2021,Chennai,95.28
17-10-2021,Chennai,84.94
18-10-2021,Chennai,92.89
19-10-2021,Chennai,68.2
20-10-2021,Chennai,94.39
21-10-2021,Chennai,73.45
22-10-2021,Chennai,87.63
23-10-2021,Chennai,114.49
24-10-2021,Chennai,101.5
25-10-2021,Chennai,67.21
26-10-2021,Chennai,114.32
27-10-2021,Chennai,97.58
28-10-2021,Chennai,87.31
29-10-2021,Chennai,113.51
30-10-2021,Chennai,95.66
31-10-2021,Chennai,76.12
01-11-2021,Chennai,136.82
02-11-2021,Chennai,99.94
03-11-2021,Chennai,99.08
04-11-2021,Chennai,93.02
05-11-2021,Chennai,125.14
06-11-2021,Chennai,91.45
07-11-2021,Chennai,71.46
08-11-2021,Chennai,89.2
09-11-2021,Chennai,129.71
10-11-2021,Chennai,120.22
11-11-2021,Chennai,98.88
12-11-2021,Chennai,131.84
13-11-2021,Chennai,119.72
14-11-2021,Chennai,99.82
15-11-2021,Chennai,102.22
16-11-2021,Chennai,112.51
17-11-2021,Chennai,89.66
18-11-2021,Chennai,106.76
19-11-2021,Chennai,113.22
20-11-2021,Chennai,73.67
21-11-2021,Chennai,103.99
22-11-2021,Chennai,102.07
23-11-2021,Chennai,129.05
24-11-2021,Chennai,71.94
25-11-2021,Chennai,101.55
26-11-2021,Chennai,99.88
27-11-2021,Chennai,129.05
28-11-2021,Chennai,109.31
29-11-2021,Chennai,146.43
30-11-2021,Chennai,124.07
01-12-2021,Chennai,102.94
02-12-2021,Chennai,116.24
03-12-2021,Chennai,104.67
04-12-2021,Chennai,129.24
05-12-2021,Chennai,85.7
06-12-2021,Chennai,96.16
07-12-2021,Chennai,122.03
08-12-2021,Chennai,137.71
09-12-2021,Chennai,69.42
10-12-2021,Chennai,141.21
11-12-2021,Chennai,111.18
12-12-2021,Chennai,76.56
13-12-2021,Chennai,54.45
14-12-2021,Chennai,84.13
15-12-2021,Chennai,114.56
16-12-2021,Chennai,113.86
17-12-2021,Chennai,128.07
18-12-2021,Chennai,104.63
19-12-2021,Chennai,93.66
20-12-2021,Chennai,107.76
21-12-2021,Chennai,116.89
22-12-2021,Chennai,121.02
23-12-2021,Chennai,100.8
24-12-2021,Chennai,134.79
25-12-2021,Chennai,104.5
26-12-2021,Chennai,99.69
27-12-2021,Chennai,106.39
28-12-2021,Chennai,138.88
29-12-2021,Chennai,114.87
30-12-2021,Chennai,103.77
31-12-2021,Chennai,136.31
01-01-2022,Chennai,160.78
02-01-2022,Chennai,122.23
03-01-2022,Chennai,142.82
04-01-2022,Chennai,138.96
05-01-2022,Chennai,106.21
06-01-2022,Chennai,118.93
07-01-2022,Chennai,92.82
08-01-2022,Chennai,114.44
09-01-2022,Chennai,106.07
10-01-2022,Chennai,110.59
11-01-2022,Chennai,103.69
12-01-2022,Chennai,112.98
13-01-2022,Chennai,129.4
14-01-2022,Chennai,116.39
15-01-2022,Chennai,81.5
16-01-2022,Chennai,103.87
17-01-2022,Chennai,88.41
18-01-2022,Chennai,123.67
19-01-2022,Chennai,128.84
20-01-2022,Chennai,123.88
21-01-2022,Chennai,102.97
22-01-2022,Chennai,123.62
23-01-2022,Chennai,109.23
24-01-2022,Chennai,95.82
25-01-2022,Chennai,133.36
26-01-2022,Chennai,134.81
27-01-2022,Chennai,137.36
28-01-2022,Chennai,106.13
29-01-2022,Chennai,141.8
30-01-2022,Chennai,108.24
31-01-2022,Chennai,131.08
01-02-2022,Chennai,107.68
02-02-2022,Chennai,113.3
03-02-2022,Chennai,69.23
04-02-2022,Chennai,111.49
05-02-2022,Chennai,119.21
06-02-2022,Chennai,109.04
07-02-2022,Chennai,152.21
08-02-2022,Chennai,93.68
09-02-2022,Chennai,105.49
10-02-2022,Chennai,98.49
11-02-2022,Chennai,105.14
12-02-2022,Chennai,136.85
13-02-2022,Chennai,145.59
14-02-2022,Chennai,101.82
15-02-2022,Chennai,101.17
16-02-2022,Chennai,92.27
17-02-2022,Chennai,141.32
18-02-2022,Chennai,137.39
19-02-2022,Chennai,112.62
20-02-2022,Chennai,86.59
21-02-2022,Chennai,88.13
22-02-2022,Chennai,117.43
23-02-2022,Chennai,124.75
24-02-2022,Chennai,72.18
25-02-2022,Chennai,106.81
26-02-2022,Chennai,145.33
27-02-2022,Chennai,108.34
28-02-2022,Chennai,142.2
01-03-2022,Chennai,125.1
02-03-2022,Chennai,90.14
03-03-2022,Chennai,105.67
04-03-2022,Chennai,108.65
05-03-2022,Chennai,91.86
06-03-2022,Chennai,91.2
07-03-2022,Chennai,140.42
08-03-2022,Chennai,90.41
09-03-2022,Chennai,131.2
10-03-2022,Chennai,100.57
11-03-2022,Chennai,108.45
12-03-2022,Chennai,119.86
13-03-2022,Chennai,96.3
14-03-2022,Chennai,119.28
15-03-2022,Chennai,66.64
16-03-2022,Chennai,116.01
17-03-2022,Chennai,57.48
18-03-2022,Chennai,101.95
19-03-2022,Chennai,123.21
20-03-2022,Chennai,118.19
21-03-2022,Chennai,79.41
22-03-2022,Chennai,81.6
23-03-2022,Chennai,90.84
24-03-2022,Chennai,107.95
25-03-2022,Chennai,63.2
26-03-2022,Chennai,103.19
27-03-2022,Chennai,109.29
28-03-2022,Chennai,97.0
29-03-2022,Chennai,112.77
30-03-2022,Chennai,106.34
31-03-2022,Chennai,90.63
01-04-2022,Chennai,62.34
02-04-2022,Chennai,103.32
03-04-2022,Chennai,81.18
04-04-2022,Chennai,88.27
05-04-2022,Chennai,109.01
06-04-2022,Chennai,127.36
07-04-2022,Chennai,97.84
08-04-2022,Chennai,109.26
09-04-2022,Chennai,68.88
10-04-2022,Chennai,102.26
11-04-2022,Chennai,95.73
12-04-2022,Chennai,121.1
13-04-2022,Chennai,85.28
14-04-2022,Chennai,90.84
15-04-2022,Chennai,116.43
16-04-2022,Chennai,92.99
17-04-2022,Chennai,72.24
18-04-2022,Chennai,145.03
19-04-2022,Chennai,72.0
20-04-2022,Chennai,91.86
21-04-2022,Chennai,99.67
22-04-2022,Chennai,97.67
23-04-2022,Chennai,88.11
24-04-2022,Chennai,87.79
25-04-2022,Chennai,86.37
26-04-2022,Chennai,68.33
27-04-2022,Chennai,133.24
28-04-2022,Chennai,85.43
29-04-2022,Chennai,101.36
30-04-2022,Chennai,82.31
01-05-2022,Chennai,81.51
02-05-2022,Chennai,79.09
03-05-2022,Chennai,56.79
04-05-2022,Chennai,84.18
05-05-2022,Chennai,78.85
06-05-2022,Chennai,110.02
07-05-2022,Chennai,62.27
08-05-2022,Chennai,74.26
09-05-2022,Chennai,67.45
10-05-2022,Chennai,113.88
11-05-2022,Chennai,67.26
12-05-2022,Chennai,95.51
13-05-2022,Chennai,103.29
14-05-2022,Chennai,80.6
15-05-2022,Chennai,55.61
16-05-2022,Chennai,55.5
17-05-2022,Chennai,99.61
18-05-2022,Chennai,56.85
19-05-2022,Chennai,89.54
20-05-2022,Chennai,83.64
21-05-2022,Chennai,88.54
22-05-2022,Chennai,90.09
23-05-2022,Chennai,61.65
24-05-2022,Chennai,60.47
25-05-2022,Chennai,93.95
26-05-2022,Chennai,66.74
27-05-2022,Chennai,24.0
28-05-2022,Chennai,91.66
29-05-2022,Chennai,57.65
30-05-2022,Chennai,87.41
31-05-2022,Chennai,105.63
01-06-2022,Chennai,77.81
02-06-2022,Chennai,97.1
03-06-2022,Chennai,79.97
04-06-2022,Chennai,108.36
05-06-2022,Chennai,55.1
06-06-2022,Chennai,75.91
07-06-2022,Chennai,89.27
08-06-2022,Chennai,71.74
09-06-2022,Chennai,98.34
10-06-2022,Chennai,66.41
11-06-2022,Chennai,116.2
12-06-2022,Chennai,117.02
13-06-2022,Chennai,79.99
14-06-2022,Chennai,85.18
15-06-2022,Chennai,97.74
16-06-2022,Chennai,49.96
17-06-2022,Chennai,47.26
18-06-2022,Chennai,98.43
19-06-2022,Chennai,78.59
20-06-2022,Chennai,68.4
21-06-2022,Chennai,72.97
22-06-2022,Chennai,24.86
23-06-2022,Chennai,68.61
24-06-2022,Chennai,57.2
25-06-2022,Chennai,90.47
26-06-2022,Chennai,91.87
27-06-2022,Chennai,83.36
28-06-2022,Chennai,79.61
29-06-2022,Chennai,41.63
30-06-2022,Chennai,83.28
01-07-2022,Chennai,83.95
02-07-2022,Chennai,96.16
03-07-2022,Chennai,113.53
04-07-2022,Chennai,37.23
05-07-2022,Chennai,63.23
06-07-2022,Chennai,56.08
07-07-2022,Chennai,74.31
08-07-2022,Chennai,71.07
09-07-2022,Chennai,66.07
10-07-2022,Chennai,91.26
11-07-2022,Chennai,48.65
12-07-2022,Chennai,49.83
13-07-2022,Chennai,50.14
14-07-2022,Chennai,63.41
15-07-2022,Chennai,46.04
16-07-2022,Chennai,69.64
17-07-2022,Chennai,67.31
18-07-2022,Chennai,54.91
19-07-2022,Chennai,88.14
20-07-2022,Chennai,69.5
21-07-2022,Chennai,91.98
22-07-2022,Chennai,66.88
23-07-2022,Chennai,70.35
24-07-2022,Chennai,59.64
25-07-2022,Chennai,70.82
26-07-2022,Chennai,85.28
27-07-2022,Chennai,62.89
28-07-2022,Chennai,81.58
29-07-2022,Chennai,55.05
30-07-2022,Chennai,86.59
31-07-2022,Chennai,59.92
01-08-2022,Chennai,88.67
02-08-2022,Chennai,72.98
03-08-2022,Chennai,102.32
04-08-2022,Chennai,48.96
05-08-2022,Chennai,42.66
06-08-2022,Chennai,60.02
07-08-2022,Chennai,44.81
08-08-2022,Chennai,45.01
09-08-2022,Chennai,85.28
10-08-2022,Chennai,72.94
11-08-2022,Chennai,63.62
12-08-2022,Chennai,65.67
13-08-2022,Chennai,61.67
14-08-2022,Chennai,106.83
15-08-2022,Chennai,59.32
16-08-2022,Chennai,47.81
17-08-2022,Chennai,90.4
18-08-2022,Chennai,70.4
19-08-2022,Chennai,115.73
20-08-2022,Chennai,64.68
21-08-2022,Chennai,92.38
22-08-2022,Chennai,97.36
23-08-2022,Chennai,65.55
24-08-2022,Chennai,61.39
25-08-2022,Chennai,91.36
26-08-2022,Chennai,88.31
27-08-2022,Chennai,48.89
28-08-2022,Chennai,54.82
29-08-2022,Chennai,26.96
30-08-2022,Chennai,89.9
31-08-2022,Chennai,73.07
01-09-2022,Chennai,75.38
02-09-2022,Chennai,45.11
03-09-2022,Chennai,57.31
04-09-2022,Chennai,70.04
05-09-2022,Chennai,66.49
06-09-2022,Chennai,82.63
07-09-2022,Chennai,92.29
08-09-2022,Chennai,126.36
09-09-2022,Chennai,80.92
10-09-2022,Chennai,103.99
11-09-2022,Chennai,65.44
12-09-2022,Chennai,48.91
13-09-2022,Chennai,75.73
14-09-2022,Chennai,51.2
15-09-2022,Chennai,83.83
16-09-2022,Chennai,68.31
17-09-2022,Chennai,45.22
18-09-2022,Chennai,119.41
19-09-2022,Chennai,74.33
20-09-2022,Chennai,52.73
21-09-2022,Chennai,103.84
22-09-2022,Chennai,71.71
23-09-2022,Chennai,108.49
24-09-2022,Chennai,72.43
25-09-2022,Chennai,76.69
26-09-2022,Chennai,94.82
27-09-2022,Chennai,100.2
28-09-2022,Chennai,104.13
29-09-2022,Chennai,87.38
30-09-2022,Chennai,100.17
01-10-2022,Chennai,104.94
02-10-2022,Chennai,94.46
03-10-2022,Chennai,88.03
04-10-2022,Chennai,62.41
05-10-2022,Chennai,103.73
06-10-2022,Chennai,93.02
07-10-2022,Chennai,84.34
08-10-2022,Chennai,118.6
09-10-2022,Chennai,64.93
10-10-2022,Chennai,126.8
11-10-2022,Chennai,93.91
12-10-2022,Chennai,101.15
13-10-2022,Chennai,87.34
14-10-2022,Chennai,62.34
15-10-2022,Chennai,93.32
16-10-2022,Chennai,103.25
17-10-2022,Chennai,110.52
18-10-2022,Chennai,93.48
19-10-2022,Chennai,54.03
20-10-2022,Chennai,67.48
21-10-2022,Chennai,139.79
22-10-2022,Chennai,77.34
23-10-2022,Chennai,128.17
24-10-2022,Chennai,81.38
25-10-2022,Chennai,96.85
26-10-2022,Chennai,113.44
27-10-2022,Chennai,84.96
28-10-2022,Chennai,133.64
29-10-2022,Chennai,103.75
30-10-2022,Chennai,111.88
31-10-2022,Chennai,97.73
01-11-2022,Chennai,116.68
02-11-2022,Chennai,135.51
03-11-2022,Chennai,101.73
04-11-2022,Chennai,139.37
05-11-2022,Chennai,92.96
06-11-2022,Chennai,120.88
07-11-2022,Chennai,115.79
08-11-2022,Chennai,85.05
09-11-2022,Chennai,111.1
10-11-2022,Chennai,107.37
11-11-2022,Chennai,90.56
12-11-2022,Chennai,115.18
13-11-2022,Chennai,111.34
14-11-2022,Chennai,107.35
15-11-2022,Chennai,107.82
16-11-2022,Chennai,107.77
17-11-2022,Chennai,102.6
18-11-2022,Chennai,113.12
19-11-2022,Chennai,97.82
20-11-2022,Chennai,164.2
21-11-2022,Chennai,83.24
22-11-2022,Chennai,100.09
23-11-2022,Chennai,102.02
24-11-2022,Chennai,153.29
25-11-2022,Chennai,86.42
26-11-2022,Chennai,121.69
27-11-2022,Chennai,118.47
28-11-2022,Chennai,120.5
29-11-2022,Chennai,138.88
30-11-2022,Chennai,138.79
01-12-2022,Chennai,105.77
02-12-2022,Chennai,118.98
03-12-2022,Chennai,78.12
04-12-2022,Chennai,117.68
05-12-2022,Chennai,100.12
06-12-2022,Chennai,112.56
07-12-2022,Chennai,82.86
08-12-2022,Chennai,124.94
09-12-2022,Chennai,83.18
10-12-2022,Chennai,120.34
11-12-2022,Chennai,93.1
12-12-2022,Chennai,100.89
13-12-2022,Chennai,141.23
14-12-2022,Chennai,130.13
15-12-2022,Chennai,141.59
16-12-2022,Chennai,150.03
17-12-2022,Chennai,103.59
18-12-2022,Chennai,149.25
19-12-2022,Chennai,90.16
20-12-2022,Chennai,134.6
21-12-2022,Chennai,110.0
22-12-2022,Chennai,101.45
23-12-2022,Chennai,132.53
24-12-2022,Chennai,139.31
25-12-2022,Chennai,138.88
26-12-2022,Chennai,125.04
27-12-2022,Chennai,123.53
28-12-2022,Chennai,131.58
29-12-2022,Chennai,127.25
30-12-2022,Chennai,132.14
31-12-2022,Chennai,125.51
01-01-2023,Chennai,138.43
02-01-2023,Chennai,89.14
03-01-2023,Chennai,119.16
04-01-2023,Chennai,94.21
05-01-2023,Chennai,127.51
06-01-2023,Chennai,154.89
07-01-2023,Chennai,112.64
08-01-2023,Chennai,124.73
09-01-2023,Chennai,137.38
10-01-2023,Chennai,80.94
11-01-2023,Chennai,111.9
12-01-2023,Chennai,129.67
13-01-2023,Chennai,64.47
14-01-2023,Chennai,102.89
15-01-2023,Chennai,144.46
16-01-2023,Chennai,142.51
17-01-2023,Chennai,129.93
18-01-2023,Chennai,140.08
19-01-2023,Chennai,126.72
20-01-2023,Chennai,133.51
21-01-2023,Chennai,116.05
22-01-2023,Chennai,124.65
23-01-2023,Chennai,109.64
24-01-2023,Chennai,147.5
25-01-2023,Chennai,152.6
26-01-2023,Chennai,149.7
27-01-2023,Chennai,113.87
28-01-2023,Chennai,102.87
29-01-2023,Chennai,147.4
30-01-2023,Chennai,132.64
31-01-2023,Chennai,128.23
01-02-2023,Chennai,108.88
02-02-2023,Chennai,129.94
03-02-2023,Chennai,99.6
04-02-2023,Chennai,133.86
05-02-2023,Chennai,148.61
06-02-2023,Chennai,153.51
07-02-2023,Chennai,134.91
08-02-2023,Chennai,92.94
09-02-2023,Chennai,124.36
10-02-2023,Chennai,163.03
11-02-2023,Chennai,102.69
12-02-2023,Chennai,118.69
13-02-2023,Chennai,147.95
14-02-2023,Chennai,131.83
15-02-2023,Chennai,168.88
16-02-2023,Chennai,104.41
17-02-2023,Chennai,99.05
18-02-2023,Chennai,143.11
19-02-2023,Chennai,94.48
20-02-2023,Chennai,114.22
21-02-2023,Chennai,116.6
22-02-2023,Chennai,138.39
23-02-2023,Chennai,129.7
24-02-2023,Chennai,126.29
25-02-2023,Chennai,108.84
26-02-2023,Chennai,140.91
27-02-2023,Chennai,196.85
28-02-2023,Chennai,129.88
01-03-2023,Chennai,117.76
02-03-2023,Chennai,89.52
03-03-2023,Chennai,102.42
04-03-2023,Chennai,110.6
05-03-2023,Chennai,103.87
06-03-2023,Chennai,113.93
07-03-2023,Chennai,149.49
08-03-2023,Chennai,138.55
09-03-2023,Chennai,110.1
10-03-2023,Chennai,88.78
11-03-2023,Chennai,139.36
12-03-2023,Chennai,111.29
13-03-2023,Chennai,77.39
14-03-2023,Chennai,125.82
15-03-2023,Chennai,131.74
16-03-2023,Chennai,62.35
17-03-2023,Chennai,94.01
18-03-2023,Chennai,107.93
19-03-2023,Chennai,124.46
20-03-2023,Chennai,99.08
21-03-2023,Chennai,92.38
22-03-2023,Chennai,123.19
23-03-2023,Chennai,98.9
24-03-2023,Chennai,118.72
25-03-2023,Chennai,85.26
26-03-2023,Chennai,80.06
27-03-2023,Chennai,121.81
28-03-2023,Chennai,111.36
29-03-2023,Chennai,124.36
30-03-2023,Chennai,94.86
31-03-2023,Chennai,89.21
01-04-2023,Chennai,131.92
02-04-2023,Chennai,73.84
03-04-2023,Chennai,128.92
04-04-2023,Chennai,129.9
05-04-2023,Chennai,120.28
06-04-2023,Chennai,88.91
07-04-2023,Chennai,85.92
08-04-2023,Chennai,97.63
09-04-2023,Chennai,75.52
10-04-2023,Chennai,81.77
11-04-2023,Chennai,113.48
12-04-2023,Chennai,113.15
13-04-2023,Chennai,78.75
14-04-2023,Chennai,112.85
15-04-2023,Chennai,107.99
16-04-2023,Chennai,128.68
17-04-2023,Chennai,109.45
18-04-2023,Chennai,118.82
19-04-2023,Chennai,106.77
20-04-2023,Chennai,116.4
21-04-2023,Chennai,70.64
22-04-2023,Chennai,93.53
23-04-2023,Chennai,94.77
24-04-2023,Chennai,90.26
25-04-2023,Chennai,103.6
26-04-2023,Chennai,106.99
27-04-2023,Chennai,101.73
28-04-2023,Chennai,89.94
29-04-2023,Chennai,78.35
30-04-2023,Chennai,114.6
01-05-2023,Chennai,99.25
02-05-2023,Chennai,71.47
03-05-2023,Chennai,87.57
04-05-2023,Chennai,56.17
05-05-2023,Chennai,91.35
06-05-2023,Chennai,86.28
07-05-2023,Chennai,78.36
08-05-2023,Chennai,121.15
09-05-2023,Chennai,65.95
10-05-2023,Chennai,102.81
11-05-2023,Chennai,132.03
12-05-2023,Chennai,109.46
13-05-2023,Chennai,86.91
14-05-2023,Chennai,64.49
15-05-2023,Chennai,59.56
16-05-2023,Chennai,78.2
17-05-2023,Chennai,72.33
18-05-2023,Chennai,71.32
19-05-2023,Chennai,78.83
20-05-2023,Chennai,82.95
21-05-2023,Chennai,94.36
22-05-2023,Chennai,59.55
23-05-2023,Chennai,70.32
24-05-2023,Chennai,80.44
25-05-2023,Chennai,79.39
26-05-2023,Chennai,119.71
27-05-2023,Chennai,87.3
28-05-2023,Chennai,50.07
29-05-2023,Chennai,90.39
30-05-2023,Chennai,92.63
31-05-2023,Chennai,78.92
01-06-2023,Chennai,56.85
02-06-2023,Chennai,115.99
03-06-2023,Chennai,59.15
04-06-2023,Chennai,93.48
05-06-2023,Chennai,83.99
06-06-2023,Chennai,91.74
07-06-2023,Chennai,113.59
08-06-2023,Chennai,90.43
09-06-2023,Chennai,67.77
10-06-2023,Chennai,100.82
11-06-2023,Chennai,65.84
12-06-2023,Chennai,81.5
13-06-2023,Chennai,52.14
14-06-2023,Chennai,57.11
15-06-2023,Chennai,78.59
16-06-2023,Chennai,84.71
17-06-2023,Chennai,43.1
18-06-2023,Chennai,86.9
19-06-2023,Chennai,60.37
20-06-2023,Chennai,102.17
21-06-2023,Chennai,69.36
22-06-2023,Chennai,53.76
23-06-2023,Chennai,77.58
24-06-2023,Chennai,57.59
25-06-2023,Chennai,101.14
26-06-2023,Chennai,75.63
27-06-2023,Chennai,72.45
28-06-2023,Chennai,87.19
29-06-2023,Chennai,55.13
30-06-2023,Chennai,49.33
01-07-2023,Chennai,83.17
02-07-2023,Chennai,52.91
03-07-2023,Chennai,52.81
04-07-2023,Chennai,91.46
05-07-2023,Chennai,85.15
06-07-2023,Chennai,49.5
07-07-2023,Chennai,62.13
08-07-2023,Chennai,56.38
09-07-2023,Chennai,109.93
10-07-2023,Chennai,92.48
11-07-2023,Chennai,65.91
12-07-2023,Chennai,85.82
13-07-2023,Chennai,47.15
14-07-2023,Chennai,60.81
15-07-2023,Chennai,76.36
16-07-2023,Chennai,83.31
17-07-2023,Chennai,72.32
18-07-2023,Chennai,79.25
19-07-2023,Chennai,75.88
20-07-2023,Chennai,71.07
21-07-2023,Chennai,68.46
22-07-2023,Chennai,65.9
23-07-2023,Chennai,79.12
24-07-2023,Chennai,82.76
25-07-2023,Chennai,78.58
26-07-2023,Chennai,51.11
27-07-2023,Chennai,54.79
28-07-2023,Chennai,82.83
29-07-2023,Chennai,104.39
30-07-2023,Chennai,78.11
31-07-2023,Chennai,66.94
01-08-2023,Chennai,79.78
02-08-2023,Chennai,52.68
03-08-2023,Chennai,101.73
04-08-2023,Chennai,79.42
05-08-2023,Chennai,62.45
06-08-2023,Chennai,72.65
07-08-2023,Chennai,65.61
08-08-2023,Chennai,102.55
09-08-2023,Chennai,72.45
10-08-2023,Chennai,79.78
11-08-2023,Chennai,88.34
12-08-2023,Chennai,62.24
13-08-2023,Chennai,81.14
14-08-2023,Chennai,82.96
15-08-2023,Chennai,46.6
16-08-2023,Chennai,82.96
17-08-2023,Chennai,77.22
18-08-2023,Chennai,80.97
19-08-2023,Chennai,79.32
20-08-2023,Chennai,84.04
21-08-2023,Chennai,105.85
22-08-2023,Chennai,55.78
23-08-2023,Chennai,72.79
24-08-2023,Chennai,93.23
25-08-2023,Chennai,89.8
26-08-2023,Chennai,89.65
27-08-2023,Chennai,135.82
28-08-2023,Chennai,93.33
29-08-2023,Chennai,103.96
30-08-2023,Chennai,75.51
31-08-2023,Chennai,62.1
01-09-2023,Chennai,75.99
02-09-2023,Chennai,96.83
03-09-2023,Chennai,91.05
04-09-2023,Chennai,91.31
05-09-2023,Chennai,79.3
06-09-2023,Chennai,76.45
07-09-2023,Chennai,80.67
08-09-2023,Chennai,99.11
09-09-2023,Chennai,101.79
10-09-2023,Chennai,65.21
11-09-2023,Chennai,100.94
12-09-2023,Chennai,73.05
13-09-2023,Chennai,95.81
14-09-2023,Chennai,82.97
15-09-2023,Chennai,118.5
16-09-2023,Chennai,79.21
17-09-2023,Chennai,91.53
18-09-2023,Chennai,100.47
19-09-2023,Chennai,71.26
20-09-2023,Chennai,87.67
21-09-2023,Chennai,84.2
22-09-2023,Chennai,79.66
23-09-2023,Chennai,81.55
24-09-2023,Chennai,112.99
25-09-2023,Chennai,79.19
26-09-2023,Chennai,102.9
27-09-2023,Chennai,98.28
28-09-2023,Chennai,64.47
29-09-2023,Chennai,103.21
30-09-2023,Chennai,64.98
01-10-2023,Chennai,106.24
02-10-2023,Chennai,83.96
03-10-2023,Chennai,94.7
04-10-2023,Chennai,69.08
05-10-2023,Chennai,97.84
06-10-2023,Chennai,114.37
07-10-2023,Chennai,80.12
08-10-2023,Chennai,84.55
09-10-2023,Chennai,106.23
10-10-2023,Chennai,107.16
11-10-2023,Chennai,49.33
12-10-2023,Chennai,138.76
13-10-2023,Chennai,109.46
14-10-2023,Chennai,113.27
15-10-2023,Chennai,96.9
16-10-2023,Chennai,63.1
17-10-2023,Chennai,114.14
18-10-2023,Chennai,89.78
19-10-2023,Chennai,112.41
20-10-2023,Chennai,97.59
21-10-2023,Chennai,107.17
22-10-2023,Chennai,87.34
23-10-2023,Chennai,120.57
24-10-2023,Chennai,79.95
25-10-2023,Chennai,149.06
26-10-2023,Chennai,149.34
27-10-2023,Chennai,137.67
28-10-2023,Chennai,130.96
29-10-2023,Chennai,104.19
30-10-2023,Chennai,129.64
31-10-2023,Chennai,104.81
01-11-2023,Chennai,76.09
02-11-2023,Chennai,137.65
03-11-2023,Chennai,130.58
04-11-2023,Chennai,107.8
05-11-2023,Chennai,84.33
06-11-2023,Chennai,97.53
07-11-2023,Chennai,73.24
08-11-2023,Chennai,128.97
09-11-2023,Chennai,78.41
10-11-2023,Chennai,116.61
11-11-2023,Chennai,94.4
12-11-2023,Chennai,83.14
13-11-2023,Chennai,116.83
14-11-2023,Chennai,105.78
15-11-2023,Chennai,129.6
16-11-2023,Chennai,87.87
17-11-2023,Chennai,98.45
18-11-2023,Chennai,66.22
19-11-2023,Chennai,70.66
20-11-2023,Chennai,150.68
21-11-2023,Chennai,156.75
22-11-2023,Chennai,117.29
23-11-2023,Chennai,99.31
24-11-2023,Chennai,110.16
25-11-2023,Chennai,133.95
26-11-2023,Chennai,106.53
27-11-2023,Chennai,121.9
28-11-2023,Chennai,117.23
29-11-2023,Chennai,106.43
30-11-2023,Chennai,107.6
01-12-2023,Chennai,124.31
02-12-2023,Chennai,99.21
03-12-2023,Chennai,128.09
04-12-2023,Chennai,109.92
05-12-2023,Chennai,122.19
06-12-2023,Chennai,147.61
07-12-2023,Chennai,116.85
08-12-2023,Chennai,138.89
09-12-2023,Chennai,84.92
10-12-2023,Chennai,111.62
11-12-2023,Chennai,121.84
12-12-2023,Chennai,160.0
13-12-2023,Chennai,82.58
14-12-2023,Chennai,120.1
15-12-2023,Chennai,151.39
16-12-2023,Chennai,106.78
17-12-2023,Chennai,118.44
18-12-2023,Chennai,129.55
19-12-2023,Chennai,126.81
20-12-2023,Chennai,154.64
21-12-2023,Chennai,132.49
22-12-2023,Chennai,150.26
23-12-2023,Chennai,116.69
24-12-2023,Chennai,109.25
25-12-2023,Chennai,119.71
26-12-2023,Chennai,101.21
27-12-2023,Chennai,134.21
28-12-2023,Chennai,116.97
29-12-2023,Chennai,111.39
30-12-2023,Chennai,134.93
31-12-2023,Chennai,102.21
01-01-2024,Chennai,140.64
02-01-2024,Chennai,115.77
03-01-2024,Chennai,148.62
04-01-2024,Chennai,117.68
05-01-2024,Chennai,138.26
06-01-2024,Chennai,129.29
07-01-2024,Chennai,140.65
08-01-2024,Chennai,128.04
09-01-2024,Chennai,92.63
10-01-2024,Chennai,146.12
11-01-2024,Chennai,124.24
12-01-2024,Chennai,141.82
13-01-2024,Chennai,139.86
14-01-2024,Chennai,110.61
15-01-2024,Chennai,107.79
16-01-2024,Chennai,139.2
17-01-2024,Chennai,120.03
18-01-2024,Chennai,144.82
19-01-2024,Chennai,122.51
20-01-2024,Chennai,146.52
21-01-2024,Chennai,134.48
22-01-2024,Chennai,131.74
23-01-2024,Chennai,118.45
24-01-2024,Chennai,130.53
25-01-2024,Chennai,149.68
26-01-2024,Chennai,124.67
27-01-2024,Chennai,136.3
28-01-2024,Chennai,126.52
29-01-2024,Chennai,128.0
30-01-2024,Chennai,159.88
31-01-2024,Chennai,149.34
01-02-2024,Chennai,126.79
02-02-2024,Chennai,129.37
03-02-2024,Chennai,110.92
04-02-2024,Chennai,121.37
05-02-2024,Chennai,130.87
06-02-2024,Chennai,141.55
07-02-2024,Chennai,139.37
08-02-2024,Chennai,102.04
09-02-2024,Chennai,143.6
10-02-2024,Chennai,122.12
11-02-2024,Chennai,103.97
12-02-2024,Chennai,150.25
13-02-2024,Chennai,152.6
14-02-2024,Chennai,128.41
15-02-2024,Chennai,137.1
16-02-2024,Chennai,138.07
17-02-2024,Chennai,150.41
18-02-2024,Chennai,136.84
19-02-2024,Chennai,95.49
20-02-2024,Chennai,162.0
21-02-2024,Chennai,142.88
22-02-2024,Chennai,111.13
23-02-2024,Chennai,100.47
24-02-2024,Chennai,130.9
25-02-2024,Chennai,114.97
26-02-2024,Chennai,126.86
27-02-2024,Chennai,134.85
28-02-2024,Chennai,108.38
29-02-2024,Chennai,97.09
01-03-2024,Chennai,126.84
02-03-2024,Chennai,108.16
03-03-2024,Chennai,121.44
04-03-2024,Chennai,91.35
05-03-2024,Chennai,112.85
06-03-2024,Chennai,131.88
07-03-2024,Chennai,129.38
08-03-2024,Chennai,101.16
09-03-2024,Chennai,93.23
10-03-2024,Chennai,116.58
11-03-2024,Chennai,127.14
12-03-2024,Chennai,123.68
13-03-2024,Chennai,104.98
14-03-2024,Chennai,120.83
15-03-2024,Chennai,144.56
16-03-2024,Chennai,118.26
17-03-2024,Chennai,81.13
18-03-2024,Chennai,117.48
19-03-2024,Chennai,153.93
20-03-2024,Chennai,86.93
21-03-2024,Chennai,112.89
22-03-2024,Chennai,107.39
23-03-2024,Chennai,113.45
24-03-2024,Chennai,115.03
25-03-2024,Chennai,133.55
26-03-2024,Chennai,112.05
27-03-2024,Chennai,135.51
28-03-2024,Chennai,107.21
29-03-2024,Chennai,102.16
30-03-2024,Chennai,95.38
31-03-2024,Chennai,72.02
01-04-2024,Chennai,113.47
02-04-2024,Chennai,148.63
03-04-2024,Chennai,116.3
04-04-2024,Chennai,120.46
05-04-2024,Chennai,98.05
06-04-2024,Chennai,101.01
07-04-2024,Chennai,125.18
08-04-2024,Chennai,145.24
09-04-2024,Chennai,134.41
10-04-2024,Chennai,120.34
11-04-2024,Chennai,104.52
12-04-2024,Chennai,107.59
13-04-2024,Chennai,87.9
14-04-2024,Chennai,73.59
15-04-2024,Chennai,79.6
16-04-2024,Chennai,102.71
17-04-2024,Chennai,95.45
18-04-2024,Chennai,71.49
19-04-2024,Chennai,99.71
20-04-2024,Chennai,93.67
21-04-2024,Chennai,76.16
22-04-2024,Chennai,91.8
23-04-2024,Chennai,92.36
24-04-2024,Chennai,86.03
25-04-2024,Chennai,116.49
26-04-2024,Chennai,59.48
27-04-2024,Chennai,57.41
28-04-2024,Chennai,96.78
29-04-2024,Chennai,98.23
30-04-2024,Chennai,103.98
01-05-2024,Chennai,84.72
02-05-2024,Chennai,76.73
03-05-2024,Chennai,94.54
04-05-2024,Chennai,85.46
05-05-2024,Chennai,124.92
06-05-2024,Chennai,87.02
07-05-2024,Chennai,92.04
08-05-2024,Chennai,142.23
09-05-2024,Chennai,88.44
10-05-2024,Chennai,103.07
11-05-2024,Chennai,104.5
12-05-2024,Chennai,105.82
13-05-2024,Chennai,96.61
14-05-2024,Chennai,94.32
15-05-2024,Chennai,92.09
16-05-2024,Chennai,78.2
17-05-2024,Chennai,95.87
18-05-2024,Chennai,129.57
19-05-2024,Chennai,112.86
20-05-2024,Chennai,94.38
21-05-2024,Chennai,105.07
22-05-2024,Chennai,70.24
23-05-2024,Chennai,82.07
24-05-2024,Chennai,105.91
25-05-2024,Chennai,116.37
26-05-2024,Chennai,70.89
27-05-2024,Chennai,76.32
28-05-2024,Chennai,129.31
29-05-2024,Chennai,87.3
30-05-2024,Chennai,121.54
31-05-2024,Chennai,88.91
01-06-2024,Chennai,89.41
02-06-2024,Chennai,78.09
03-06-2024,Chennai,102.77
04-06-2024,Chennai,110.8
05-06-2024,Chennai,62.67
06-06-2024,Chennai,76.06
07-06-2024,Chennai,101.15
08-06-2024,Chennai,80.01
09-06-2024,Chennai,72.48
10-06-2024,Chennai,102.3
11-06-2024,Chennai,103.94
12-06-2024,Chennai,72.65
13-06-2024,Chennai,85.67
14-06-2024,Chennai,57.04
15-06-2024,Chennai,63.09
16-06-2024,Chennai,83.28
17-06-2024,Chennai,81.23
18-06-2024,Chennai,61.07
19-06-2024,Chennai,65.91
20-06-2024,Chennai,58.75
21-06-2024,Chennai,88.98
22-06-2024,Chennai,40.36
23-06-2024,Chennai,59.33
24-06-2024,Chennai,42.15
25-06-2024,Chennai,87.65
26-06-2024,Chennai,43.08
27-06-2024,Chennai,79.64
28-06-2024,Chennai,111.67
29-06-2024,Chennai,112.23
30-06-2024,Chennai,42.54
01-07-2024,Chennai,84.53
02-07-2024,Chennai,58.68
03-07-2024,Chennai,54.51
04-07-2024,Chennai,76.03
05-07-2024,Chennai,102.79
06-07-2024,Chennai,90.16
07-07-2024,Chennai,63.8
08-07-2024,Chennai,92.16
09-07-2024,Chennai,33.14
10-07-2024,Chennai,62.92
11-07-2024,Chennai,61.47
12-07-2024,Chennai,79.5
13-07-2024,Chennai,73.86
14-07-2024,Chennai,75.08
15-07-2024,Chennai,74.42
16-07-2024,Chennai,78.37
17-07-2024,Chennai,88.74
18-07-2024,Chennai,80.95
19-07-2024,Chennai,72.31
20-07-2024,Chennai,86.07
21-07-2024,Chennai,94.6
22-07-2024,Chennai,67.01
23-07-2024,Chennai,77.0
24-07-2024,Chennai,101.5
25-07-2024,Chennai,56.28
26-07-2024,Chennai,114.51
27-07-2024,Chennai,51.72
28-07-2024,Chennai,71.7
29-07-2024,Chennai,59.71
30-07-2024,Chennai,122.58
31-07-2024,Chennai,68.87
01-08-2024,Chennai,69.05
02-08-2024,Chennai,71.78
03-08-2024,Chennai,81.25
04-08-2024,Chennai,72.92
05-08-2024,Chennai,76.98
06-08-2024,Chennai,10.0
07-08-2024,Chennai,81.11
08-08-2024,Chennai,80.5
09-08-2024,Chennai,101.1
10-08-2024,Chennai,106.7
11-08-2024,Chennai,76.96
12-08-2024,Chennai,97.24
13-08-2024,Chennai,59.09
14-08-2024,Chennai,96.68
15-08-2024,Chennai,70.11
16-08-2024,Chennai,58.09
17-08-2024,Chennai,78.31
18-08-2024,Chennai,110.27
19-08-2024,Chennai,86.13
20-08-2024,Chennai,112.69
21-08-2024,Chennai,68.04
22-08-2024,Chennai,104.24
23-08-2024,Chennai,70.51
24-08-2024,Chennai,88.34
25-08-2024,Chennai,88.45
26-08-2024,Chennai,97.63
27-08-2024,Chennai,89.71
28-08-2024,Chennai,70.21
29-08-2024,Chennai,102.9
30-08-2024,Chennai,120.24
31-08-2024,Chennai,74.25
01-09-2024,Chennai,49.54
02-09-2024,Chennai,96.55
03-09-2024,Chennai,80.27
04-09-2024,Chennai,84.61
05-09-2024,Chennai,98.7
06-09-2024,Chennai,78.79
07-09-2024,Chennai,82.89
08-09-2024,Chennai,86.62
09-09-2024,Chennai,118.38
10-09-2024,Chennai,89.94
11-09-2024,Chennai,65.0
12-09-2024,Chennai,66.16
13-09-2024,Chennai,93.24
14-09-2024,Chennai,68.25
15-09-2024,Chennai,59.97
16-09-2024,Chennai,104.31
17-09-2024,Chennai,105.68
18-09-2024,Chennai,85.02
19-09-2024,Chennai,98.65
20-09-2024,Chennai,96.94
21-09-2024,Chennai,105.63
22-09-2024,Chennai,106.08
23-09-2024,Chennai,42.28
24-09-2024,Chennai,90.0
25-09-2024,Chennai,105.58
26-09-2024,Chennai,87.43
27-09-2024,Chennai,96.78
28-09-2024,Chennai,111.49
29-09-2024,Chennai,98.52
30-09-2024,Chennai,127.48
01-10-2024,Chennai,120.29
02-10-2024,Chennai,95.81
03-10-2024,Chennai,94.65
04-10-2024,Chennai,42.04
05-10-2024,Chennai,92.95
06-10-2024,Chennai,72.85
07-10-2024,Chennai,104.77
08-10-2024,Chennai,103.84
09-10-2024,Chennai,115.14
10-10-2024,Chennai,129.59
11-10-2024,Chennai,101.57
12-10-2024,Chennai,148.15
13-10-2024,Chennai,107.63
14-10-2024,Chennai,77.21
15-10-2024,Chennai,92.62
16-10-2024,Chennai,96.84
17-10-2024,Chennai,116.58
18-10-2024,Chennai,86.23
19-10-2024,Chennai,99.66
20-10-2024,Chennai,102.83
21-10-2024,Chennai,97.53
22-10-2024,Chennai,123.16
23-10-2024,Chennai,120.19
24-10-2024,Chennai,131.13
25-10-2024,Chennai,101.62
26-10-2024,Chennai,132.72
27-10-2024,Chennai,81.82
28-10-2024,Chennai,81.76
29-10-2024,Chennai,85.68
30-10-2024,Chennai,110.57
31-10-2024,Chennai,134.86
01-11-2024,Chennai,99.19
02-11-2024,Chennai,102.12
03-11-2024,Chennai,107.75
04-11-2024,Chennai,123.94
05-11-2024,Chennai,103.35
06-11-2024,Chennai,102.64
07-11-2024,Chennai,86.81
08-11-2024,Chennai,102.69
09-11-2024,Chennai,138.08
10-11-2024,Chennai,116.75
11-11-2024,Chennai,100.53
12-11-2024,Chennai,140.44
13-11-2024,Chennai,104.4
14-11-2024,Chennai,144.89
15-11-2024,Chennai,144.94
16-11-2024,Chennai,118.37
17-11-2024,Chennai,87.65
18-11-2024,Chennai,163.78
19-11-2024,Chennai,126.11
20-11-2024,Chennai,112.25
21-11-2024,Chennai,138.2
22-11-2024,Chennai,133.48
23-11-2024,Chennai,146.0
24-11-2024,Chennai,106.88
25-11-2024,Chennai,126.84
26-11-2024,Chennai,97.08
27-11-2024,Chennai,134.46
28-11-2024,Chennai,121.0
29-11-2024,Chennai,127.4
30-11-2024,Chennai,119.16
01-12-2024,Chennai,117.38
02-12-2024,Chennai,105.34
03-12-2024,Chennai,138.81
04-12-2024,Chennai,153.09
05-12-2024,Chennai,112.45
06-12-2024,Chennai,134.94
07-12-2024,Chennai,132.78
08-12-2024,Chennai,124.57
09-12-2024,Chennai,94.14
10-12-2024,Chennai,98.9
11-12-2024,Chennai,109.57
12-12-2024,Chennai,82.65
13-12-2024,Chennai,153.83
14-12-2024,Chennai,133.26
15-12-2024,Chennai,125.53
16-12-2024,Chennai,82.55
17-12-2024,Chennai,90.09
18-12-2024,Chennai,126.73
19-12-2024,Chennai,166.38
20-12-2024,Chennai,113.2
21-12-2024,Chennai,144.63
22-12-2024,Chennai,117.94
23-12-2024,Chennai,128.82
24-12-2024,Chennai,152.17
25-12-2024,Chennai,121.12
26-12-2024,Chennai,114.39
27-12-2024,Chennai,156.7
28-12-2024,Chennai,129.39
29-12-2024,Chennai,150.43
30-12-2024,Chennai,115.03
31-12-2024,Chennai,156.99
01-01-2025,Chennai,134.36
02-01-2025,Chennai,137.69
03-01-2025,Chennai,131.73
04-01-2025,Chennai,119.08
05-01-2025,Chennai,129.25
06-01-2025,Chennai,120.51
07-01-2025,Chennai,148.62
08-01-2025,Chennai,125.44
09-01-2025,Chennai,99.63
10-01-2025,Chennai,96.02
11-01-2025,Chennai,95.12
12-01-2025,Chennai,142.05
13-01-2025,Chennai,106.69
14-01-2025,Chennai,135.74
15-01-2025,Chennai,132.48
16-01-2025,Chennai,128.46
17-01-2025,Chennai,138.52
18-01-2025,Chennai,132.91
19-01-2025,Chennai,75.54
20-01-2025,Chennai,123.24
21-01-2025,Chennai,138.18
22-01-2025,Chennai,162.44
23-01-2025,Chennai,163.32
24-01-2025,Chennai,102.28
25-01-2025,Chennai,122.49
26-01-2025,Chennai,98.09
27-01-2025,Chennai,159.74
28-01-2025,Chennai,149.51
29-01-2025,Chennai,136.18
30-01-2025,Chennai,132.39
31-01-2025,Chennai,156.58
01-02-2025,Chennai,153.09
02-02-2025,Chennai,151.9
03-02-2025,Chennai,137.75
04-02-2025,Chennai,121.5
05-02-2025,Chennai,143.69
06-02-2025,Chennai,144.52
07-02-2025,Chennai,124.24
08-02-2025,Chennai,120.86
09-02-2025,Chennai,150.39
10-02-2025,Chennai,160.83
11-02-2025,Chennai,112.38
12-02-2025,Chennai,121.92
13-02-2025,Chennai,134.01
14-02-2025,Chennai,136.53
15-02-2025,Chennai,116.14
16-02-2025,Chennai,164.05
17-02-2025,Chennai,134.6
18-02-2025,Chennai,136.56
19-02-2025,Chennai,160.88
20-02-2025,Chennai,116.49
21-02-2025,Chennai,123.46
22-02-2025,Chennai,99.91
23-02-2025,Chennai,121.27
24-02-2025,Chennai,94.68
25-02-2025,Chennai,139.15
26-02-2025,Chennai,132.32
27-02-2025,Chennai,118.11
28-02-2025,Chennai,121.36
01-03-2025,Chennai,138.31
02-03-2025,Chennai,100.07
03-03-2025,Chennai,126.57
04-03-2025,Chennai,136.17
05-03-2025,Chennai,86.23
06-03-2025,Chennai,135.26
07-03-2025,Chennai,87.76
08-03-2025,Chennai,118.57
09-03-2025,Chennai,97.32
10-03-2025,Chennai,148.88
11-03-2025,Chennai,96.78
12-03-2025,Chennai,86.58
13-03-2025,Chennai,121.9
14-03-2025,Chennai,110.61
15-03-2025,Chennai,88.44
16-03-2025,Chennai,128.69
17-03-2025,Chennai,77.98
18-03-2025,Chennai,96.72
19-03-2025,Chennai,105.58
20-03-2025,Chennai,132.75
21-03-2025,Chennai,142.24
22-03-2025,Chennai,138.01
23-03-2025,Chennai,112.51
24-03-2025,Chennai,66.64
25-03-2025,Chennai,122.62
26-03-2025,Chennai,143.82
27-03-2025,Chennai,138.69
28-03-2025,Chennai,122.88
29-03-2025,Chennai,89.44
30-03-2025,Chennai,102.32
31-03-2025,Chennai,151.1
01-04-2025,Chennai,83.68
02-04-2025,Chennai,88.66
03-04-2025,Chennai,130.06
04-04-2025,Chennai,102.17
05-04-2025,Chennai,86.75
06-04-2025,Chennai,140.53
07-04-2025,Chennai,118.78
08-04-2025,Chennai,101.51
09-04-2025,Chennai,85.81
10-04-2025,Chennai,149.26
11-04-2025,Chennai,107.4
12-04-2025,Chennai,135.42
13-04-2025,Chennai,124.93
14-04-2025,Chennai,96.22
15-04-2025,Chennai,95.96
16-04-2025,Chennai,134.72
17-04-2025,Chennai,134.62
18-04-2025,Chennai,67.42
19-04-2025,Chennai,115.53
20-04-2025,Chennai,101.69
21-04-2025,Chennai,83.03
22-04-2025,Chennai,108.51
23-04-2025,Chennai,75.87
24-04-2025,Chennai,93.11
25-04-2025,Chennai,86.06
26-04-2025,Chennai,91.62
27-04-2025,Chennai,99.77
28-04-2025,Chennai,80.48
29-04-2025,Chennai,131.84
30-04-2025,Chennai,109.83
01-05-2025,Chennai,135.45
02-05-2025,Chennai,95.95
03-05-2025,Chennai,87.78
04-05-2025,Chennai,133.52
05-05-2025,Chennai,86.39
06-05-2025,Chennai,93.99
07-05-2025,Chennai,111.56
08-05-2025,Chennai,72.01
09-05-2025,Chennai,110.6
10-05-2025,Chennai,107.66
11-05-2025,Chennai,121.0
12-05-2025,Chennai,113.03
13-05-2025,Chennai,120.85
14-05-2025,Chennai,92.27
15-05-2025,Chennai,76.85
16-05-2025,Chennai,135.94
17-05-2025,Chennai,62.84
18-05-2025,Chennai,64.49
19-05-2025,Chennai,103.96
20-05-2025,Chennai,124.81
21-05-2025,Chennai,95.75
22-05-2025,Chennai,111.6
23-05-2025,Chennai,51.36
24-05-2025,Chennai,80.95
25-05-2025,Chennai,53.13
26-05-2025,Chennai,105.9
27-05-2025,Chennai,59.02
28-05-2025,Chennai,64.09
29-05-2025,Chennai,99.62
30-05-2025,Chennai,110.27
31-05-2025,Chennai,85.55
01-06-2025,Chennai,99.84
02-06-2025,Chennai,98.9
03-06-2025,Chennai,83.55
04-06-2025,Chennai,65.68
05-06-2025,Chennai,98.6
06-06-2025,Chennai,99.29
07-06-2025,Chennai,104.65
08-06-2025,Chennai,92.75
09-06-2025,Chennai,62.89
10-06-2025,Chennai,99.82
11-06-2025,Chennai,85.74
12-06-2025,Chennai,75.88
13-06-2025,Chennai,79.41
14-06-2025,Chennai,71.28
15-06-2025,Chennai,102.65
16-06-2025,Chennai,56.3
17-06-2025,Chennai,64.59
18-06-2025,Chennai,77.68
19-06-2025,Chennai,116.35
20-06-2025,Chennai,104.97
21-06-2025,Chennai,50.89
22-06-2025,Chennai,110.57
23-06-2025,Chennai,110.36
24-06-2025,Chennai,59.74
25-06-2025,Chennai,32.64
26-06-2025,Chennai,81.48
27-06-2025,Chennai,105.24
28-06-2025,Chennai,114.49
29-06-2025,Chennai,65.12
30-06-2025,Chennai,117.47
01-07-2025,Chennai,37.76
02-07-2025,Chennai,74.86
03-07-2025,Chennai,73.78
04-07-2025,Chennai,105.08
05-07-2025,Chennai,107.92
06-07-2025,Chennai,100.97
07-07-2025,Chennai,54.81
08-07-2025,Chennai,99.02
09-07-2025,Chennai,91.9
10-07-2025,Chennai,48.25
11-07-2025,Chennai,40.3
12-07-2025,Chennai,102.37
13-07-2025,Chennai,77.99
14-07-2025,Chennai,55.87
15-07-2025,Chennai,77.41
16-07-2025,Chennai,88.85
17-07-2025,Chennai,79.92
18-07-2025,Chennai,50.56
19-07-2025,Chennai,119.33
20-07-2025,Chennai,101.74
21-07-2025,Chennai,74.98
22-07-2025,Chennai,75.83
23-07-2025,Chennai,88.98
24-07-2025,Chennai,59.26
25-07-2025,Chennai,88.37
26-07-2025,Chennai,55.38
27-07-2025,Chennai,80.67
28-07-2025,Chennai,58.8
29-07-2025,Chennai,59.9
30-07-2025,Chennai,115.28
31-07-2025,Chennai,83.67
01-08-2025,Chennai,86.75
02-08-2025,Chennai,42.5
03-08-2025,Chennai,70.92
04-08-2025,Chennai,92.22
05-08-2025,Chennai,87.03
06-08-2025,Chennai,40.22
07-08-2025,Chennai,87.6
08-08-2025,Chennai,90.96
09-08-2025,Chennai,109.48
10-08-2025,Chennai,70.88
11-08-2025,Chennai,39.33
12-08-2025,Chennai,64.43
13-08-2025,Chennai,62.63
14-08-2025,Chennai,99.51
15-08-2025,Chennai,30.66
16-08-2025,Chennai,76.25
17-08-2025,Chennai,113.96
18-08-2025,Chennai,85.82
19-08-2025,Chennai,103.84
20-08-2025,Chennai,53.33
21-08-2025,Chennai,54.38
22-08-2025,Chennai,115.42
23-08-2025,Chennai,88.97
24-08-2025,Chennai,89.28
25-08-2025,Chennai,65.13
26-08-2025,Chennai,89.79
27-08-2025,Chennai,65.14
28-08-2025,Chennai,112.09
29-08-2025,Chennai,143.21
30-08-2025,Chennai,98.64
31-08-2025,Chennai,76.57
01-09-2025,Chennai,38.91
02-09-2025,Chennai,56.21
03-09-2025,Chennai,121.33
04-09-2025,Chennai,69.97
05-09-2025,Chennai,83.48
06-09-2025,Chennai,104.34
07-09-2025,Chennai,121.22
08-09-2025,Chennai,87.94
09-09-2025,Chennai,84.19
10-09-2025,Chennai,94.07
11-09-2025,Chennai,80.45
12-09-2025,Chennai,81.89
13-09-2025,Chennai,101.98
14-09-2025,Chennai,97.82
15-09-2025,Chennai,137.13
16-09-2025,Chennai,103.65
17-09-2025,Chennai,118.29
18-09-2025,Chennai,74.23
19-09-2025,Chennai,106.55
20-09-2025,Chennai,81.98
21-09-2025,Chennai,104.75
22-09-2025,Chennai,111.01
23-09-2025,Chennai,98.65
24-09-2025,Chennai,146.2
25-09-2025,Chennai,127.03
26-09-2025,Chennai,122.43
27-09-2025,Chennai,114.58
28-09-2025,Chennai,134.98
29-09-2025,Chennai,71.4
30-09-2025,Chennai,127.97
01-10-2025,Chennai,81.16
02-10-2025,Chennai,90.13
03-10-2025,Chennai,113.07
04-10-2025,Chennai,126.94
05-10-2025,Chennai,79.63
06-10-2025,Chennai,92.89
07-10-2025,Chennai,105.52
08-10-2025,Chennai,100.28
09-10-2025,Chennai,121.52
10-10-2025,Chennai,173.6
11-10-2025,Chennai,113.71
12-10-2025,Chennai,91.05
13-10-2025,Chennai,80.27
14-10-2025,Chennai,100.13
15-10-2025,Chennai,88.27
16-10-2025,Chennai,116.87
17-10-2025,Chennai,117.0
18-10-2025,Chennai,99.13
19-10-2025,Chennai,148.54
20-10-2025,Chennai,94.57
21-10-2025,Chennai,107.33
22-10-2025,Chennai,122.94
23-10-2025,Chennai,128.43
24-10-2025,Chennai,136.58
25-10-2025,Chennai,120.03
26-10-2025,Chennai,132.91
27-10-2025,Chennai,99.03
28-10-2025,Chennai,131.12
29-10-2025,Chennai,131.29
30-10-2025,Chennai,143.88
31-10-2025,Chennai,80.68
01-11-2025,Chennai,96.33
02-11-2025,Chennai,131.36
03-11-2025,Chennai,62.29
04-11-2025,Chennai,125.57
05-11-2025,Chennai,137.34
06-11-2025,Chennai,105.03
07-11-2025,Chennai,108.37
08-11-2025,Chennai,95.9
09-11-2025,Chennai,107.35
10-11-2025,Chennai,108.34
11-11-2025,Chennai,104.93
12-11-2025,Chennai,104.23
13-11-2025,Chennai,113.96
14-11-2025,Chennai,114.1
15-11-2025,Chennai,157.63
16-11-2025,Chennai,112.65
17-11-2025,Chennai,127.79
18-11-2025,Chennai,109.75
19-11-2025,Chennai,109.86
20-11-2025,Chennai,87.93
21-11-2025,Chennai,90.96
22-11-2025,Chennai,98.6
23-11-2025,Chennai,126.77
24-11-2025,Chennai,144.97
25-11-2025,Chennai,88.05
26-11-2025,Chennai,113.15
27-11-2025,Chennai,97.12
28-11-2025,Chennai,119.51
29-11-2025,Chennai,146.63
30-11-2025,Chennai,116.5
01-12-2025,Chennai,124.8
02-12-2025,Chennai,155.16
03-12-2025,Chennai,135.52
04-12-2025,Chennai,111.46
05-12-2025,Chennai,130.13
06-12-2025,Chennai,110.69
07-12-2025,Chennai,135.93
08-12-2025,Chennai,138.11
09-12-2025,Chennai,100.73
10-12-2025,Chennai,131.84
11-12-2025,Chennai,126.24
12-12-2025,Chennai,139.74
13-12-2025,Chennai,145.72
14-12-2025,Chennai,138.88
15-12-2025,Chennai,123.5
16-12-2025,Chennai,148.46
17-12-2025,Chennai,112.55
18-12-2025,Chennai,103.82
19-12-2025,Chennai,66.53
20-12-2025,Chennai,129.23
21-12-2025,Chennai,114.4
22-12-2025,Chennai,138.97
23-12-2025,Chennai,91.77
24-12-2025,Chennai,118.43
25-12-2025,Chennai,140.94
26-12-2025,Chennai,111.1
27-12-2025,Chennai,140.04
28-12-2025,Chennai,120.86
29-12-2025,Chennai,131.48
30-12-2025,Chennai,144.17
31-12-2025,Chennai,151.45
01-01-2021,Hyderabad,136.17
02-01-2021,Hyderabad,116.35
03-01-2021,Hyderabad,124.31
04-01-2021,Hyderabad,148.51
05-01-2021,Hyderabad,112.13
06-01-2021,Hyderabad,130.77
07-01-2021,Hyderabad,126.29
08-01-2021,Hyderabad,132.58
09-01-2021,Hyderabad,112.72
10-01-2021,Hyderabad,94.24
11-01-2021,Hyderabad,146.49
12-01-2021,Hyderabad,156.28
13-01-2021,Hyderabad,95.67
14-01-2021,Hyderabad,143.24
15-01-2021,Hyderabad,158.97
16-01-2021,Hyderabad,148.26
17-01-2021,Hyderabad,125.98
18-01-2021,Hyderabad,114.37
19-01-2021,Hyderabad,136.89
20-01-2021,Hyderabad,140.53
21-01-2021,Hyderabad,137.15
22-01-2021,Hyderabad,131.03
23-01-2021,Hyderabad,111.12
24-01-2021,Hyderabad,144.17
25-01-2021,Hyderabad,145.16
26-01-2021,Hyderabad,139.13
27-01-2021,Hyderabad,137.06
28-01-2021,Hyderabad,171.47
29-01-2021,Hyderabad,120.68
30-01-2021,Hyderabad,162.49
31-01-2021,Hyderabad,118.02
01-02-2021,Hyderabad,158.43
02-02-2021,Hyderabad,161.03
03-02-2021,Hyderabad,127.29
04-02-2021,Hyderabad,170.12
05-02-2021,Hyderabad,143.73
06-02-2021,Hyderabad,113.94
07-02-2021,Hyderabad,124.82
08-02-2021,Hyderabad,157.78
09-02-2021,Hyderabad,152.97
10-02-2021,Hyderabad,109.17
11-02-2021,Hyderabad,129.17
12-02-2021,Hyderabad,136.48
13-02-2021,Hyderabad,120.61
14-02-2021,Hyderabad,183.4
15-02-2021,Hyderabad,136.43
16-02-2021,Hyderabad,129.67
17-02-2021,Hyderabad,156.96
18-02-2021,Hyderabad,122.46
19-02-2021,Hyderabad,152.38
20-02-2021,Hyderabad,93.24
21-02-2021,Hyderabad,119.66
22-02-2021,Hyderabad,152.41
23-02-2021,Hyderabad,163.57
24-02-2021,Hyderabad,111.7
25-02-2021,Hyderabad,108.82
26-02-2021,Hyderabad,140.55
27-02-2021,Hyderabad,114.02
28-02-2021,Hyderabad,121.48
01-03-2021,Hyderabad,146.32
02-03-2021,Hyderabad,114.72
03-03-2021,Hyderabad,83.09
04-03-2021,Hyderabad,97.34
05-03-2021,Hyderabad,125.81
06-03-2021,Hyderabad,84.22
07-03-2021,Hyderabad,118.29
08-03-2021,Hyderabad,93.81
09-03-2021,Hyderabad,160.12
10-03-2021,Hyderabad,171.27
11-03-2021,Hyderabad,99.95
12-03-2021,Hyderabad,128.47
13-03-2021,Hyderabad,101.28
14-03-2021,Hyderabad,115.18
15-03-2021,Hyderabad,161.24
16-03-2021,Hyderabad,110.86
17-03-2021,Hyderabad,114.4
18-03-2021,Hyderabad,99.52
19-03-2021,Hyderabad,145.03
20-03-2021,Hyderabad,47.57
21-03-2021,Hyderabad,109.17
22-03-2021,Hyderabad,117.44
23-03-2021,Hyderabad,103.45
24-03-2021,Hyderabad,136.53
25-03-2021,Hyderabad,143.51
26-03-2021,Hyderabad,85.53
27-03-2021,Hyderabad,162.18
28-03-2021,Hyderabad,84.33
29-03-2021,Hyderabad,143.51
30-03-2021,Hyderabad,117.98
31-03-2021,Hyderabad,103.12
01-04-2021,Hyderabad,104.71
02-04-2021,Hyderabad,112.48
03-04-2021,Hyderabad,117.32
04-04-2021,Hyderabad,91.99
05-04-2021,Hyderabad,106.59
06-04-2021,Hyderabad,94.29
07-04-2021,Hyderabad,84.01
08-04-2021,Hyderabad,92.26
09-04-2021,Hyderabad,84.44
10-04-2021,Hyderabad,100.0
11-04-2021,Hyderabad,118.25
12-04-2021,Hyderabad,110.89
13-04-2021,Hyderabad,151.16
14-04-2021,Hyderabad,58.59
15-04-2021,Hyderabad,117.04
16-04-2021,Hyderabad,106.35
17-04-2021,Hyderabad,123.65
18-04-2021,Hyderabad,120.96
19-04-2021,Hyderabad,101.06
20-04-2021,Hyderabad,107.99
21-04-2021,Hyderabad,87.31
22-04-2021,Hyderabad,116.68
23-04-2021,Hyderabad,61.34
24-04-2021,Hyderabad,119.26
25-04-2021,Hyderabad,101.16
26-04-2021,Hyderabad,90.46
27-04-2021,Hyderabad,95.56
28-04-2021,Hyderabad,96.68
29-04-2021,Hyderabad,128.22
30-04-2021,Hyderabad,170.33
01-05-2021,Hyderabad,125.54
02-05-2021,Hyderabad,85.77
03-05-2021,Hyderabad,111.58
04-05-2021,Hyderabad,112.06
05-05-2021,Hyderabad,76.41
06-05-2021,Hyderabad,68.55
07-05-2021,Hyderabad,94.42
08-05-2021,Hyderabad,113.11
09-05-2021,Hyderabad,59.41
10-05-2021,Hyderabad,78.54
11-05-2021,Hyderabad,106.54
12-05-2021,Hyderabad,94.4
13-05-2021,Hyderabad,124.18
14-05-2021,Hyderabad,61.53
15-05-2021,Hyderabad,143.88
16-05-2021,Hyderabad,57.85
17-05-2021,Hyderabad,46.61
18-05-2021,Hyderabad,89.52
19-05-2021,Hyderabad,65.43
20-05-2021,Hyderabad,89.11
21-05-2021,Hyderabad,87.92
22-05-2021,Hyderabad,84.82
23-05-2021,Hyderabad,70.19
24-05-2021,Hyderabad,97.83
25-05-2021,Hyderabad,80.93
26-05-2021,Hyderabad,111.8
27-05-2021,Hyderabad,83.17
28-05-2021,Hyderabad,65.53
29-05-2021,Hyderabad,49.25
30-05-2021,Hyderabad,82.22
31-05-2021,Hyderabad,57.72
01-06-2021,Hyderabad,55.59
02-06-2021,Hyderabad,96.54
03-06-2021,Hyderabad,45.48
04-06-2021,Hyderabad,115.32
05-06-2021,Hyderabad,87.43
06-06-2021,Hyderabad,82.63
07-06-2021,Hyderabad,60.51
08-06-2021,Hyderabad,99.78
09-06-2021,Hyderabad,82.59
10-06-2021,Hyderabad,67.27
11-06-2021,Hyderabad,86.47
12-06-2021,Hyderabad,44.76
13-06-2021,Hyderabad,45.53
14-06-2021,Hyderabad,56.6
15-06-2021,Hyderabad,88.67
16-06-2021,Hyderabad,80.66
17-06-2021,Hyderabad,103.56
18-06-2021,Hyderabad,60.0
19-06-2021,Hyderabad,92.66
20-06-2021,Hyderabad,77.29
21-06-2021,Hyderabad,58.83
22-06-2021,Hyderabad,87.85
23-06-2021,Hyderabad,77.72
24-06-2021,Hyderabad,65.14
25-06-2021,Hyderabad,79.73
26-06-2021,Hyderabad,75.78
27-06-2021,Hyderabad,75.08
28-06-2021,Hyderabad,69.23
29-06-2021,Hyderabad,49.45
30-06-2021,Hyderabad,79.66
01-07-2021,Hyderabad,60.23
02-07-2021,Hyderabad,55.32
03-07-2021,Hyderabad,72.35
04-07-2021,Hyderabad,93.69
05-07-2021,Hyderabad,81.53
06-07-2021,Hyderabad,65.67
07-07-2021,Hyderabad,64.71
08-07-2021,Hyderabad,91.2
09-07-2021,Hyderabad,24.42
10-07-2021,Hyderabad,94.64
11-07-2021,Hyderabad,35.82
12-07-2021,Hyderabad,45.88
13-07-2021,Hyderabad,65.67
14-07-2021,Hyderabad,124.71
15-07-2021,Hyderabad,113.86
16-07-2021,Hyderabad,92.5
17-07-2021,Hyderabad,84.81
18-07-2021,Hyderabad,36.02
19-07-2021,Hyderabad,80.46
20-07-2021,Hyderabad,64.97
21-07-2021,Hyderabad,59.13
22-07-2021,Hyderabad,80.55
23-07-2021,Hyderabad,66.85
24-07-2021,Hyderabad,96.41
25-07-2021,Hyderabad,34.77
26-07-2021,Hyderabad,79.1
27-07-2021,Hyderabad,58.21
28-07-2021,Hyderabad,68.64
29-07-2021,Hyderabad,84.47
30-07-2021,Hyderabad,53.31
31-07-2021,Hyderabad,81.64
01-08-2021,Hyderabad,73.49
02-08-2021,Hyderabad,63.78
03-08-2021,Hyderabad,68.12
04-08-2021,Hyderabad,75.24
05-08-2021,Hyderabad,61.92
06-08-2021,Hyderabad,79.15
07-08-2021,Hyderabad,73.07
08-08-2021,Hyderabad,65.94
09-08-2021,Hyderabad,114.57
10-08-2021,Hyderabad,88.94
11-08-2021,Hyderabad,71.61
12-08-2021,Hyderabad,83.47
13-08-2021,Hyderabad,57.92
14-08-2021,Hyderabad,71.14
15-08-2021,Hyderabad,73.97
16-08-2021,Hyderabad,53.84
17-08-2021,Hyderabad,90.07
18-08-2021,Hyderabad,70.7
19-08-2021,Hyderabad,74.29
20-08-2021,Hyderabad,69.89
21-08-2021,Hyderabad,147.81
22-08-2021,Hyderabad,68.44
23-08-2021,Hyderabad,37.82
24-08-2021,Hyderabad,48.45
25-08-2021,Hyderabad,100.69
26-08-2021,Hyderabad,113.72
27-08-2021,Hyderabad,69.66
28-08-2021,Hyderabad,113.15
29-08-2021,Hyderabad,101.69
30-08-2021,Hyderabad,81.57
31-08-2021,Hyderabad,80.37
01-09-2021,Hyderabad,90.46
02-09-2021,Hyderabad,106.17
03-09-2021,Hyderabad,95.99
04-09-2021,Hyderabad,72.76
05-09-2021,Hyderabad,84.21
06-09-2021,Hyderabad,132.04
07-09-2021,Hyderabad,94.39
08-09-2021,Hyderabad,108.41
09-09-2021,Hyderabad,101.58
10-09-2021,Hyderabad,96.15
11-09-2021,Hyderabad,92.96
12-09-2021,Hyderabad,110.75
13-09-2021,Hyderabad,107.26
14-09-2021,Hyderabad,97.7
15-09-2021,Hyderabad,77.08
16-09-2021,Hyderabad,101.29
17-09-2021,Hyderabad,91.79
18-09-2021,Hyderabad,86.95
19-09-2021,Hyderabad,153.13
20-09-2021,Hyderabad,60.81
21-09-2021,Hyderabad,116.24
22-09-2021,Hyderabad,76.65
23-09-2021,Hyderabad,99.0
24-09-2021,Hyderabad,153.11
25-09-2021,Hyderabad,75.92
26-09-2021,Hyderabad,81.67
27-09-2021,Hyderabad,97.7
28-09-2021,Hyderabad,79.95
29-09-2021,Hyderabad,118.54
30-09-2021,Hyderabad,87.84
01-10-2021,Hyderabad,114.49
02-10-2021,Hyderabad,71.37
03-10-2021,Hyderabad,61.38
04-10-2021,Hyderabad,96.6
05-10-2021,Hyderabad,67.65
06-10-2021,Hyderabad,136.08
07-10-2021,Hyderabad,69.54
08-10-2021,Hyderabad,80.89
09-10-2021,Hyderabad,113.34
10-10-2021,Hyderabad,91.86
11-10-2021,Hyderabad,71.88
12-10-2021,Hyderabad,150.69
13-10-2021,Hyderabad,84.3
14-10-2021,Hyderabad,102.54
15-10-2021,Hyderabad,102.78
16-10-2021,Hyderabad,123.54
17-10-2021,Hyderabad,118.61
18-10-2021,Hyderabad,90.77
19-10-2021,Hyderabad,102.32
20-10-2021,Hyderabad,105.02
21-10-2021,Hyderabad,127.02
22-10-2021,Hyderabad,85.36
23-10-2021,Hyderabad,155.98
24-10-2021,Hyderabad,95.41
25-10-2021,Hyderabad,112.44
26-10-2021,Hyderabad,87.63
27-10-2021,Hyderabad,85.11
28-10-2021,Hyderabad,94.94
29-10-2021,Hyderabad,93.34
30-10-2021,Hyderabad,106.09
31-10-2021,Hyderabad,94.18
01-11-2021,Hyderabad,131.53
02-11-2021,Hyderabad,99.5
03-11-2021,Hyderabad,97.57
04-11-2021,Hyderabad,109.09
05-11-2021,Hyderabad,140.07
06-11-2021,Hyderabad,123.45
07-11-2021,Hyderabad,117.02
08-11-2021,Hyderabad,88.18
09-11-2021,Hyderabad,95.05
10-11-2021,Hyderabad,92.54
11-11-2021,Hyderabad,149.89
12-11-2021,Hyderabad,133.29
13-11-2021,Hyderabad,103.13
14-11-2021,Hyderabad,110.14
15-11-2021,Hyderabad,104.86
16-11-2021,Hyderabad,103.98
17-11-2021,Hyderabad,134.05
18-11-2021,Hyderabad,118.04
19-11-2021,Hyderabad,170.6
20-11-2021,Hyderabad,152.76
21-11-2021,Hyderabad,154.49
22-11-2021,Hyderabad,140.88
23-11-2021,Hyderabad,117.23
24-11-2021,Hyderabad,140.1
25-11-2021,Hyderabad,119.68
26-11-2021,Hyderabad,163.63
27-11-2021,Hyderabad,137.06
28-11-2021,Hyderabad,134.33
29-11-2021,Hyderabad,131.74
30-11-2021,Hyderabad,167.61
01-12-2021,Hyderabad,98.16
02-12-2021,Hyderabad,170.51
03-12-2021,Hyderabad,126.34
04-12-2021,Hyderabad,99.85
05-12-2021,Hyderabad,114.59
06-12-2021,Hyderabad,95.16
07-12-2021,Hyderabad,146.2
08-12-2021,Hyderabad,109.3
09-12-2021,Hyderabad,136.18
10-12-2021,Hyderabad,157.74
11-12-2021,Hyderabad,118.31
12-12-2021,Hyderabad,127.49
13-12-2021,Hyderabad,105.01
14-12-2021,Hyderabad,125.43
15-12-2021,Hyderabad,190.88
16-12-2021,Hyderabad,151.63
17-12-2021,Hyderabad,128.96
18-12-2021,Hyderabad,121.58
19-12-2021,Hyderabad,134.35
20-12-2021,Hyderabad,138.38
21-12-2021,Hyderabad,126.53
22-12-2021,Hyderabad,147.64
23-12-2021,Hyderabad,115.22
24-12-2021,Hyderabad,115.31
25-12-2021,Hyderabad,144.74
26-12-2021,Hyderabad,111.08
27-12-2021,Hyderabad,153.01
28-12-2021,Hyderabad,136.83
29-12-2021,Hyderabad,97.09
30-12-2021,Hyderabad,139.87
31-12-2021,Hyderabad,100.54
01-01-2022,Hyderabad,153.04
02-01-2022,Hyderabad,132.44
03-01-2022,Hyderabad,178.76
04-01-2022,Hyderabad,161.71
05-01-2022,Hyderabad,114.91
06-01-2022,Hyderabad,93.88
07-01-2022,Hyderabad,121.81
08-01-2022,Hyderabad,111.64
09-01-2022,Hyderabad,178.74
10-01-2022,Hyderabad,138.4
11-01-2022,Hyderabad,159.21
12-01-2022,Hyderabad,132.45
13-01-2022,Hyderabad,134.8
14-01-2022,Hyderabad,138.06
15-01-2022,Hyderabad,163.13
16-01-2022,Hyderabad,145.65
17-01-2022,Hyderabad,115.53
18-01-2022,Hyderabad,174.48
19-01-2022,Hyderabad,132.32
20-01-2022,Hyderabad,128.71
21-01-2022,Hyderabad,76.44
22-01-2022,Hyderabad,152.6
23-01-2022,Hyderabad,140.81
24-01-2022,Hyderabad,140.72
25-01-2022,Hyderabad,129.59
26-01-2022,Hyderabad,125.71
27-01-2022,Hyderabad,130.14
28-01-2022,Hyderabad,148.36
29-01-2022,Hyderabad,152.12
30-01-2022,Hyderabad,132.86
31-01-2022,Hyderabad,158.7
01-02-2022,Hyderabad,135.95
02-02-2022,Hyderabad,126.45
03-02-2022,Hyderabad,141.76
04-02-2022,Hyderabad,107.33
05-02-2022,Hyderabad,142.18
06-02-2022,Hyderabad,102.96
07-02-2022,Hyderabad,114.09
08-02-2022,Hyderabad,92.1
09-02-2022,Hyderabad,132.46
10-02-2022,Hyderabad,171.51
11-02-2022,Hyderabad,133.31
12-02-2022,Hyderabad,149.82
13-02-2022,Hyderabad,187.17
14-02-2022,Hyderabad,144.07
15-02-2022,Hyderabad,118.1
16-02-2022,Hyderabad,120.87
17-02-2022,Hyderabad,134.43
18-02-2022,Hyderabad,120.22
19-02-2022,Hyderabad,121.59
20-02-2022,Hyderabad,155.25
21-02-2022,Hyderabad,155.86
22-02-2022,Hyderabad,96.75
23-02-2022,Hyderabad,114.68
24-02-2022,Hyderabad,122.16
25-02-2022,Hyderabad,145.22
26-02-2022,Hyderabad,156.86
27-02-2022,Hyderabad,190.82
28-02-2022,Hyderabad,120.79
01-03-2022,Hyderabad,121.55
02-03-2022,Hyderabad,143.29
03-03-2022,Hyderabad,114.97
04-03-2022,Hyderabad,126.51
05-03-2022,Hyderabad,120.11
06-03-2022,Hyderabad,71.18
07-03-2022,Hyderabad,131.19
08-03-2022,Hyderabad,124.07
09-03-2022,Hyderabad,155.66
10-03-2022,Hyderabad,127.41
11-03-2022,Hyderabad,99.28
12-03-2022,Hyderabad,120.8
13-03-2022,Hyderabad,80.05
14-03-2022,Hyderabad,99.0
15-03-2022,Hyderabad,139.19
16-03-2022,Hyderabad,119.34
17-03-2022,Hyderabad,144.64
18-03-2022,Hyderabad,80.63
19-03-2022,Hyderabad,118.13
20-03-2022,Hyderabad,112.55
21-03-2022,Hyderabad,143.59
22-03-2022,Hyderabad,136.9
23-03-2022,Hyderabad,135.77
24-03-2022,Hyderabad,155.09
25-03-2022,Hyderabad,112.62
26-03-2022,Hyderabad,149.62
27-03-2022,Hyderabad,96.8
28-03-2022,Hyderabad,95.52
29-03-2022,Hyderabad,135.38
30-03-2022,Hyderabad,85.23
31-03-2022,Hyderabad,130.45
01-04-2022,Hyderabad,119.59
02-04-2022,Hyderabad,140.45
03-04-2022,Hyderabad,115.07
04-04-2022,Hyderabad,117.12
05-04-2022,Hyderabad,126.6
06-04-2022,Hyderabad,100.32
07-04-2022,Hyderabad,98.86
08-04-2022,Hyderabad,124.33
09-04-2022,Hyderabad,112.75
10-04-2022,Hyderabad,103.93
11-04-2022,Hyderabad,110.57
12-04-2022,Hyderabad,146.96
13-04-2022,Hyderabad,101.63
14-04-2022,Hyderabad,100.49
15-04-2022,Hyderabad,72.8
16-04-2022,Hyderabad,108.93
17-04-2022,Hyderabad,123.81
18-04-2022,Hyderabad,127.25
19-04-2022,Hyderabad,110.72
20-04-2022,Hyderabad,128.87
21-04-2022,Hyderabad,123.42
22-04-2022,Hyderabad,131.31
23-04-2022,Hyderabad,127.98
24-04-2022,Hyderabad,140.36
25-04-2022,Hyderabad,101.59
26-04-2022,Hyderabad,75.63
27-04-2022,Hyderabad,118.93
28-04-2022,Hyderabad,121.0
29-04-2022,Hyderabad,137.87
30-04-2022,Hyderabad,131.03
01-05-2022,Hyderabad,145.15
02-05-2022,Hyderabad,115.5
03-05-2022,Hyderabad,106.41
04-05-2022,Hyderabad,70.42
05-05-2022,Hyderabad,107.19
06-05-2022,Hyderabad,87.78
07-05-2022,Hyderabad,104.11
08-05-2022,Hyderabad,100.18
09-05-2022,Hyderabad,108.89
10-05-2022,Hyderabad,95.91
11-05-2022,Hyderabad,118.16
12-05-2022,Hyderabad,37.22
13-05-2022,Hyderabad,100.86
14-05-2022,Hyderabad,122.68
15-05-2022,Hyderabad,136.92
16-05-2022,Hyderabad,111.44
17-05-2022,Hyderabad,131.97
18-05-2022,Hyderabad,98.18
19-05-2022,Hyderabad,94.1
20-05-2022,Hyderabad,105.26
21-05-2022,Hyderabad,93.12
22-05-2022,Hyderabad,75.57
23-05-2022,Hyderabad,81.03
24-05-2022,Hyderabad,67.5
25-05-2022,Hyderabad,103.19
26-05-2022,Hyderabad,91.42
27-05-2022,Hyderabad,82.86
28-05-2022,Hyderabad,77.94
29-05-2022,Hyderabad,101.14
30-05-2022,Hyderabad,106.83
31-05-2022,Hyderabad,64.42
01-06-2022,Hyderabad,60.61
02-06-2022,Hyderabad,109.58
03-06-2022,Hyderabad,57.99
04-06-2022,Hyderabad,99.94
05-06-2022,Hyderabad,123.14
06-06-2022,Hyderabad,122.87
07-06-2022,Hyderabad,103.16
08-06-2022,Hyderabad,102.21
09-06-2022,Hyderabad,135.85
10-06-2022,Hyderabad,34.65
11-06-2022,Hyderabad,75.5
12-06-2022,Hyderabad,104.1
13-06-2022,Hyderabad,77.74
14-06-2022,Hyderabad,112.17
15-06-2022,Hyderabad,83.77
16-06-2022,Hyderabad,87.28
17-06-2022,Hyderabad,78.09
18-06-2022,Hyderabad,72.4
19-06-2022,Hyderabad,71.63
20-06-2022,Hyderabad,89.41
21-06-2022,Hyderabad,66.19
22-06-2022,Hyderabad,103.99
23-06-2022,Hyderabad,97.19
24-06-2022,Hyderabad,106.82
25-06-2022,Hyderabad,57.62
26-06-2022,Hyderabad,44.89
27-06-2022,Hyderabad,82.02
28-06-2022,Hyderabad,145.73
29-06-2022,Hyderabad,109.66
30-06-2022,Hyderabad,69.47
01-07-2022,Hyderabad,90.88
02-07-2022,Hyderabad,97.42
03-07-2022,Hyderabad,51.2
04-07-2022,Hyderabad,111.33
05-07-2022,Hyderabad,77.41
06-07-2022,Hyderabad,79.01
07-07-2022,Hyderabad,81.45
08-07-2022,Hyderabad,106.04
09-07-2022,Hyderabad,64.18
10-07-2022,Hyderabad,43.19
11-07-2022,Hyderabad,87.81
12-07-2022,Hyderabad,35.7
13-07-2022,Hyderabad,74.01
14-07-2022,Hyderabad,106.73
15-07-2022,Hyderabad,93.35
16-07-2022,Hyderabad,103.54
17-07-2022,Hyderabad,94.27
18-07-2022,Hyderabad,133.67
19-07-2022,Hyderabad,67.72
20-07-2022,Hyderabad,89.46
21-07-2022,Hyderabad,71.11
22-07-2022,Hyderabad,101.85
23-07-2022,Hyderabad,79.51
24-07-2022,Hyderabad,118.75
25-07-2022,Hyderabad,69.33
26-07-2022,Hyderabad,112.06
27-07-2022,Hyderabad,94.25
28-07-2022,Hyderabad,80.59
29-07-2022,Hyderabad,93.35
30-07-2022,Hyderabad,87.29
31-07-2022,Hyderabad,89.5
01-08-2022,Hyderabad,77.26
02-08-2022,Hyderabad,66.53
03-08-2022,Hyderabad,74.75
04-08-2022,Hyderabad,45.26
05-08-2022,Hyderabad,100.98
06-08-2022,Hyderabad,55.47
07-08-2022,Hyderabad,78.05
08-08-2022,Hyderabad,97.29
09-08-2022,Hyderabad,101.71
10-08-2022,Hyderabad,44.42
11-08-2022,Hyderabad,81.66
12-08-2022,Hyderabad,94.03
13-08-2022,Hyderabad,85.3
14-08-2022,Hyderabad,113.97
15-08-2022,Hyderabad,66.58
16-08-2022,Hyderabad,39.84
17-08-2022,Hyderabad,103.02
18-08-2022,Hyderabad,73.66
19-08-2022,Hyderabad,47.07
20-08-2022,Hyderabad,82.57
21-08-2022,Hyderabad,113.43
22-08-2022,Hyderabad,58.87
23-08-2022,Hyderabad,138.37
24-08-2022,Hyderabad,68.87
25-08-2022,Hyderabad,89.55
26-08-2022,Hyderabad,61.15
27-08-2022,Hyderabad,89.23
28-08-2022,Hyderabad,85.72
29-08-2022,Hyderabad,56.25
30-08-2022,Hyderabad,151.55
31-08-2022,Hyderabad,78.86
01-09-2022,Hyderabad,79.25
02-09-2022,Hyderabad,111.83
03-09-2022,Hyderabad,130.82
04-09-2022,Hyderabad,116.08
05-09-2022,Hyderabad,65.27
06-09-2022,Hyderabad,96.81
07-09-2022,Hyderabad,51.12
08-09-2022,Hyderabad,112.77
09-09-2022,Hyderabad,57.38
10-09-2022,Hyderabad,76.11
11-09-2022,Hyderabad,94.15
12-09-2022,Hyderabad,104.44
13-09-2022,Hyderabad,89.36
14-09-2022,Hyderabad,128.96
15-09-2022,Hyderabad,111.91
16-09-2022,Hyderabad,110.64
17-09-2022,Hyderabad,69.87
18-09-2022,Hyderabad,134.77
19-09-2022,Hyderabad,80.18
20-09-2022,Hyderabad,136.55
21-09-2022,Hyderabad,143.29
22-09-2022,Hyderabad,110.56
23-09-2022,Hyderabad,122.47
24-09-2022,Hyderabad,32.43
25-09-2022,Hyderabad,96.46
26-09-2022,Hyderabad,125.49
27-09-2022,Hyderabad,122.08
28-09-2022,Hyderabad,75.41
29-09-2022,Hyderabad,96.28
30-09-2022,Hyderabad,47.45
01-10-2022,Hyderabad,112.84
02-10-2022,Hyderabad,62.83
03-10-2022,Hyderabad,129.65
04-10-2022,Hyderabad,131.31
05-10-2022,Hyderabad,95.37
06-10-2022,Hyderabad,117.79
07-10-2022,Hyderabad,102.07
08-10-2022,Hyderabad,112.69
09-10-2022,Hyderabad,82.65
10-10-2022,Hyderabad,122.11
11-10-2022,Hyderabad,72.83
12-10-2022,Hyderabad,69.2
13-10-2022,Hyderabad,107.3
14-10-2022,Hyderabad,105.86
15-10-2022,Hyderabad,117.03
16-10-2022,Hyderabad,97.27
17-10-2022,Hyderabad,153.57
18-10-2022,Hyderabad,116.15
19-10-2022,Hyderabad,118.26
20-10-2022,Hyderabad,118.0
21-10-2022,Hyderabad,136.25
22-10-2022,Hyderabad,127.39
23-10-2022,Hyderabad,124.96
24-10-2022,Hyderabad,131.95
25-10-2022,Hyderabad,76.14
26-10-2022,Hyderabad,77.49
27-10-2022,Hyderabad,115.64
28-10-2022,Hyderabad,113.48
29-10-2022,Hyderabad,131.1
30-10-2022,Hyderabad,119.3
31-10-2022,Hyderabad,132.17
01-11-2022,Hyderabad,92.47
02-11-2022,Hyderabad,120.14
03-11-2022,Hyderabad,91.38
04-11-2022,Hyderabad,129.89
05-11-2022,Hyderabad,80.56
06-11-2022,Hyderabad,130.04
07-11-2022,Hyderabad,90.55
08-11-2022,Hyderabad,114.91
09-11-2022,Hyderabad,143.52
10-11-2022,Hyderabad,129.32
11-11-2022,Hyderabad,88.59
12-11-2022,Hyderabad,110.47
13-11-2022,Hyderabad,92.71
14-11-2022,Hyderabad,88.92
15-11-2022,Hyderabad,129.25
16-11-2022,Hyderabad,139.45
17-11-2022,Hyderabad,137.26
18-11-2022,Hyderabad,141.28
19-11-2022,Hyderabad,128.2
20-11-2022,Hyderabad,122.88
21-11-2022,Hyderabad,105.72
22-11-2022,Hyderabad,120.08
23-11-2022,Hyderabad,101.11
24-11-2022,Hyderabad,112.0
25-11-2022,Hyderabad,132.96
26-11-2022,Hyderabad,128.82
27-11-2022,Hyderabad,199.24
28-11-2022,Hyderabad,102.6
29-11-2022,Hyderabad,129.84
30-11-2022,Hyderabad,101.65
01-12-2022,Hyderabad,124.82
02-12-2022,Hyderabad,126.08
03-12-2022,Hyderabad,152.67
04-12-2022,Hyderabad,124.55
05-12-2022,Hyderabad,130.58
06-12-2022,Hyderabad,125.66
07-12-2022,Hyderabad,104.64
08-12-2022,Hyderabad,121.45
09-12-2022,Hyderabad,127.72
10-12-2022,Hyderabad,138.06
11-12-2022,Hyderabad,149.04
12-12-2022,Hyderabad,131.88
13-12-2022,Hyderabad,131.79
14-12-2022,Hyderabad,99.76
15-12-2022,Hyderabad,149.77
16-12-2022,Hyderabad,122.86
17-12-2022,Hyderabad,154.87
18-12-2022,Hyderabad,167.65
19-12-2022,Hyderabad,134.8
20-12-2022,Hyderabad,116.66
21-12-2022,Hyderabad,139.04
22-12-2022,Hyderabad,147.3
23-12-2022,Hyderabad,132.9
24-12-2022,Hyderabad,127.64
25-12-2022,Hyderabad,152.65
26-12-2022,Hyderabad,151.38
27-12-2022,Hyderabad,133.0
28-12-2022,Hyderabad,104.4
29-12-2022,Hyderabad,151.0
30-12-2022,Hyderabad,124.23
31-12-2022,Hyderabad,145.98
01-01-2023,Hyderabad,144.76
02-01-2023,Hyderabad,100.01
03-01-2023,Hyderabad,143.47
04-01-2023,Hyderabad,153.11
05-01-2023,Hyderabad,155.91
06-01-2023,Hyderabad,144.57
07-01-2023,Hyderabad,98.58
08-01-2023,Hyderabad,170.25
09-01-2023,Hyderabad,151.26
10-01-2023,Hyderabad,115.81
11-01-2023,Hyderabad,125.0
12-01-2023,Hyderabad,147.46
13-01-2023,Hyderabad,157.36
14-01-2023,Hyderabad,131.69
15-01-2023,Hyderabad,160.6
16-01-2023,Hyderabad,103.0
17-01-2023,Hyderabad,119.51
18-01-2023,Hyderabad,97.01
19-01-2023,Hyderabad,122.67
20-01-2023,Hyderabad,175.56
21-01-2023,Hyderabad,187.61
22-01-2023,Hyderabad,147.45
23-01-2023,Hyderabad,128.19
24-01-2023,Hyderabad,137.3
25-01-2023,Hyderabad,152.51
26-01-2023,Hyderabad,107.63
27-01-2023,Hyderabad,129.33
28-01-2023,Hyderabad,173.39
29-01-2023,Hyderabad,118.71
30-01-2023,Hyderabad,125.12
31-01-2023,Hyderabad,141.76
01-02-2023,Hyderabad,147.57
02-02-2023,Hyderabad,127.44
03-02-2023,Hyderabad,142.74
04-02-2023,Hyderabad,154.26
05-02-2023,Hyderabad,183.87
06-02-2023,Hyderabad,137.76
07-02-2023,Hyderabad,139.44
08-02-2023,Hyderabad,173.76
09-02-2023,Hyderabad,127.88
10-02-2023,Hyderabad,110.61
11-02-2023,Hyderabad,145.04
12-02-2023,Hyderabad,162.98
13-02-2023,Hyderabad,147.02
14-02-2023,Hyderabad,136.7
15-02-2023,Hyderabad,106.72
16-02-2023,Hyderabad,137.04
17-02-2023,Hyderabad,165.19
18-02-2023,Hyderabad,110.64
19-02-2023,Hyderabad,132.13
20-02-2023,Hyderabad,128.7
21-02-2023,Hyderabad,121.59
22-02-2023,Hyderabad,142.09
23-02-2023,Hyderabad,146.08
24-02-2023,Hyderabad,145.54
25-02-2023,Hyderabad,114.2
26-02-2023,Hyderabad,99.15
27-02-2023,Hyderabad,140.8
28-02-2023,Hyderabad,123.56
01-03-2023,Hyderabad,174.78
02-03-2023,Hyderabad,175.45
03-03-2023,Hyderabad,177.42
04-03-2023,Hyderabad,112.58
05-03-2023,Hyderabad,145.41
06-03-2023,Hyderabad,151.67
07-03-2023,Hyderabad,148.81
08-03-2023,Hyderabad,123.94
09-03-2023,Hyderabad,159.48
10-03-2023,Hyderabad,130.95
11-03-2023,Hyderabad,133.35
12-03-2023,Hyderabad,96.29
13-03-2023,Hyderabad,143.89
14-03-2023,Hyderabad,123.56
15-03-2023,Hyderabad,139.09
16-03-2023,Hyderabad,133.6
17-03-2023,Hyderabad,131.97
18-03-2023,Hyderabad,126.55
19-03-2023,Hyderabad,144.42
20-03-2023,Hyderabad,122.29
21-03-2023,Hyderabad,94.2
22-03-2023,Hyderabad,138.27
23-03-2023,Hyderabad,107.5
24-03-2023,Hyderabad,95.7
25-03-2023,Hyderabad,101.87
26-03-2023,Hyderabad,130.13
27-03-2023,Hyderabad,121.3
28-03-2023,Hyderabad,76.03
29-03-2023,Hyderabad,114.02
30-03-2023,Hyderabad,147.71
31-03-2023,Hyderabad,111.57
01-04-2023,Hyderabad,117.37
02-04-2023,Hyderabad,143.47
03-04-2023,Hyderabad,137.53
04-04-2023,Hyderabad,142.02
05-04-2023,Hyderabad,58.05
06-04-2023,Hyderabad,156.68
07-04-2023,Hyderabad,132.05
08-04-2023,Hyderabad,171.7
09-04-2023,Hyderabad,99.83
10-04-2023,Hyderabad,77.75
11-04-2023,Hyderabad,116.2
12-04-2023,Hyderabad,109.48
13-04-2023,Hyderabad,129.41
14-04-2023,Hyderabad,138.17
15-04-2023,Hyderabad,112.1
16-04-2023,Hyderabad,108.22
17-04-2023,Hyderabad,124.51
18-04-2023,Hyderabad,106.86
19-04-2023,Hyderabad,104.51
20-04-2023,Hyderabad,134.31
21-04-2023,Hyderabad,138.7
22-04-2023,Hyderabad,134.33
23-04-2023,Hyderabad,106.28
24-04-2023,Hyderabad,62.4
25-04-2023,Hyderabad,105.71
26-04-2023,Hyderabad,91.8
27-04-2023,Hyderabad,105.12
28-04-2023,Hyderabad,92.71
29-04-2023,Hyderabad,106.53
30-04-2023,Hyderabad,83.63
01-05-2023,Hyderabad,77.82
02-05-2023,Hyderabad,132.41
03-05-2023,Hyderabad,83.69
04-05-2023,Hyderabad,104.55
05-05-2023,Hyderabad,125.06
06-05-2023,Hyderabad,123.7
07-05-2023,Hyderabad,120.59
08-05-2023,Hyderabad,109.3
09-05-2023,Hyderabad,118.09
10-05-2023,Hyderabad,131.91
11-05-2023,Hyderabad,110.59
12-05-2023,Hyderabad,60.36
13-05-2023,Hyderabad,88.7
14-05-2023,Hyderabad,115.2
15-05-2023,Hyderabad,85.63
16-05-2023,Hyderabad,134.63
17-05-2023,Hyderabad,97.16
18-05-2023,Hyderabad,99.99
19-05-2023,Hyderabad,122.43
20-05-2023,Hyderabad,93.24
21-05-2023,Hyderabad,100.72
22-05-2023,Hyderabad,116.21
23-05-2023,Hyderabad,63.63
24-05-2023,Hyderabad,89.34
25-05-2023,Hyderabad,113.46
26-05-2023,Hyderabad,96.27
27-05-2023,Hyderabad,126.72
28-05-2023,Hyderabad,59.38
29-05-2023,Hyderabad,56.5
30-05-2023,Hyderabad,110.24
31-05-2023,Hyderabad,111.99
01-06-2023,Hyderabad,88.33
02-06-2023,Hyderabad,101.04
03-06-2023,Hyderabad,108.28
04-06-2023,Hyderabad,73.64
05-06-2023,Hyderabad,75.67
06-06-2023,Hyderabad,95.07
07-06-2023,Hyderabad,110.46
08-06-2023,Hyderabad,64.61
09-06-2023,Hyderabad,85.6
10-06-2023,Hyderabad,84.29
11-06-2023,Hyderabad,98.56
12-06-2023,Hyderabad,88.89
13-06-2023,Hyderabad,76.8
14-06-2023,Hyderabad,116.01
15-06-2023,Hyderabad,76.42
16-06-2023,Hyderabad,81.6
17-06-2023,Hyderabad,52.77
18-06-2023,Hyderabad,71.84
19-06-2023,Hyderabad,98.67
20-06-2023,Hyderabad,94.15
21-06-2023,Hyderabad,100.07
22-06-2023,Hyderabad,98.79
23-06-2023,Hyderabad,132.4
24-06-2023,Hyderabad,69.83
25-06-2023,Hyderabad,50.47
26-06-2023,Hyderabad,62.82
27-06-2023,Hyderabad,70.28
28-06-2023,Hyderabad,64.17
29-06-2023,Hyderabad,87.52
30-06-2023,Hyderabad,112.88
01-07-2023,Hyderabad,119.06
02-07-2023,Hyderabad,96.16
03-07-2023,Hyderabad,132.06
04-07-2023,Hyderabad,77.0
05-07-2023,Hyderabad,48.83
06-07-2023,Hyderabad,107.83
07-07-2023,Hyderabad,44.13
08-07-2023,Hyderabad,67.9
09-07-2023,Hyderabad,95.89
10-07-2023,Hyderabad,82.14
11-07-2023,Hyderabad,80.15
12-07-2023,Hyderabad,58.34
13-07-2023,Hyderabad,84.05
14-07-2023,Hyderabad,106.35
15-07-2023,Hyderabad,84.7
16-07-2023,Hyderabad,66.0
17-07-2023,Hyderabad,56.82
18-07-2023,Hyderabad,66.48
19-07-2023,Hyderabad,92.95
20-07-2023,Hyderabad,91.91
21-07-2023,Hyderabad,66.78
22-07-2023,Hyderabad,35.81
23-07-2023,Hyderabad,93.75
24-07-2023,Hyderabad,64.83
25-07-2023,Hyderabad,99.82
26-07-2023,Hyderabad,68.11
27-07-2023,Hyderabad,63.11
28-07-2023,Hyderabad,88.32
29-07-2023,Hyderabad,136.94
30-07-2023,Hyderabad,101.67
31-07-2023,Hyderabad,88.32
01-08-2023,Hyderabad,93.36
02-08-2023,Hyderabad,47.09
03-08-2023,Hyderabad,61.08
04-08-2023,Hyderabad,30.7
05-08-2023,Hyderabad,124.17
06-08-2023,Hyderabad,119.9
07-08-2023,Hyderabad,95.13
08-08-2023,Hyderabad,89.66
09-08-2023,Hyderabad,52.76
10-08-2023,Hyderabad,82.28
11-08-2023,Hyderabad,126.77
12-08-2023,Hyderabad,90.46
13-08-2023,Hyderabad,75.38
14-08-2023,Hyderabad,49.38
15-08-2023,Hyderabad,118.68
16-08-2023,Hyderabad,87.03
17-08-2023,Hyderabad,50.2
18-08-2023,Hyderabad,68.79
19-08-2023,Hyderabad,61.3
20-08-2023,Hyderabad,86.81
21-08-2023,Hyderabad,94.57
22-08-2023,Hyderabad,79.24
23-08-2023,Hyderabad,107.72
24-08-2023,Hyderabad,92.69
25-08-2023,Hyderabad,114.65
26-08-2023,Hyderabad,83.76
27-08-2023,Hyderabad,158.96
28-08-2023,Hyderabad,79.9
29-08-2023,Hyderabad,72.8
30-08-2023,Hyderabad,70.46
31-08-2023,Hyderabad,88.76
01-09-2023,Hyderabad,55.95
02-09-2023,Hyderabad,100.64
03-09-2023,Hyderabad,52.64
04-09-2023,Hyderabad,98.5
05-09-2023,Hyderabad,65.62
06-09-2023,Hyderabad,87.36
07-09-2023,Hyderabad,109.46
08-09-2023,Hyderabad,147.27
09-09-2023,Hyderabad,73.29
10-09-2023,Hyderabad,94.13
11-09-2023,Hyderabad,81.94
12-09-2023,Hyderabad,79.17
13-09-2023,Hyderabad,83.02
14-09-2023,Hyderabad,117.32
15-09-2023,Hyderabad,88.91
16-09-2023,Hyderabad,149.59
17-09-2023,Hyderabad,109.72
18-09-2023,Hyderabad,78.81
19-09-2023,Hyderabad,93.43
20-09-2023,Hyderabad,84.33
21-09-2023,Hyderabad,120.05
22-09-2023,Hyderabad,66.88
23-09-2023,Hyderabad,73.92
24-09-2023,Hyderabad,90.89
25-09-2023,Hyderabad,119.42
26-09-2023,Hyderabad,132.02
27-09-2023,Hyderabad,135.76
28-09-2023,Hyderabad,117.54
29-09-2023,Hyderabad,104.57
30-09-2023,Hyderabad,124.38
01-10-2023,Hyderabad,82.23
02-10-2023,Hyderabad,67.33
03-10-2023,Hyderabad,118.03
04-10-2023,Hyderabad,86.82
05-10-2023,Hyderabad,108.02
06-10-2023,Hyderabad,112.61
07-10-2023,Hyderabad,115.95
08-10-2023,Hyderabad,131.65
09-10-2023,Hyderabad,129.84
10-10-2023,Hyderabad,116.35
11-10-2023,Hyderabad,102.86
12-10-2023,Hyderabad,115.48
13-10-2023,Hyderabad,100.52
14-10-2023,Hyderabad,109.84
15-10-2023,Hyderabad,172.29
16-10-2023,Hyderabad,119.22
17-10-2023,Hyderabad,125.64
18-10-2023,Hyderabad,100.74
19-10-2023,Hyderabad,139.23
20-10-2023,Hyderabad,134.04
21-10-2023,Hyderabad,134.72
22-10-2023,Hyderabad,123.09
23-10-2023,Hyderabad,141.64
24-10-2023,Hyderabad,147.38
25-10-2023,Hyderabad,126.16
26-10-2023,Hyderabad,117.93
27-10-2023,Hyderabad,140.65
28-10-2023,Hyderabad,101.59
29-10-2023,Hyderabad,106.2
30-10-2023,Hyderabad,121.33
31-10-2023,Hyderabad,84.71
01-11-2023,Hyderabad,141.73
02-11-2023,Hyderabad,102.85
03-11-2023,Hyderabad,114.16
04-11-2023,Hyderabad,120.34
05-11-2023,Hyderabad,126.39
06-11-2023,Hyderabad,118.46
07-11-2023,Hyderabad,125.03
08-11-2023,Hyderabad,125.69
09-11-2023,Hyderabad,117.65
10-11-2023,Hyderabad,110.96
11-11-2023,Hyderabad,152.24
12-11-2023,Hyderabad,82.62
13-11-2023,Hyderabad,124.86
14-11-2023,Hyderabad,119.54
15-11-2023,Hyderabad,139.53
16-11-2023,Hyderabad,98.77
17-11-2023,Hyderabad,120.23
18-11-2023,Hyderabad,129.42
19-11-2023,Hyderabad,155.65
20-11-2023,Hyderabad,139.86
21-11-2023,Hyderabad,106.94
22-11-2023,Hyderabad,122.68
23-11-2023,Hyderabad,153.32
24-11-2023,Hyderabad,107.83
25-11-2023,Hyderabad,132.93
26-11-2023,Hyderabad,134.86
27-11-2023,Hyderabad,126.97
28-11-2023,Hyderabad,195.16
29-11-2023,Hyderabad,127.16
30-11-2023,Hyderabad,146.52
01-12-2023,Hyderabad,120.14
02-12-2023,Hyderabad,148.98
03-12-2023,Hyderabad,156.89
04-12-2023,Hyderabad,125.15
05-12-2023,Hyderabad,137.24
06-12-2023,Hyderabad,119.09
07-12-2023,Hyderabad,113.94
08-12-2023,Hyderabad,162.26
09-12-2023,Hyderabad,127.58
10-12-2023,Hyderabad,86.98
11-12-2023,Hyderabad,179.23
12-12-2023,Hyderabad,123.05
13-12-2023,Hyderabad,135.56
14-12-2023,Hyderabad,177.37
15-12-2023,Hyderabad,138.43
16-12-2023,Hyderabad,138.23
17-12-2023,Hyderabad,115.06
18-12-2023,Hyderabad,106.37
19-12-2023,Hyderabad,138.92
20-12-2023,Hyderabad,150.8
21-12-2023,Hyderabad,149.78
22-12-2023,Hyderabad,132.69
23-12-2023,Hyderabad,143.94
24-12-2023,Hyderabad,103.28
25-12-2023,Hyderabad,154.02
26-12-2023,Hyderabad,147.64
27-12-2023,Hyderabad,187.69
28-12-2023,Hyderabad,144.61
29-12-2023,Hyderabad,123.87
30-12-2023,Hyderabad,143.65
31-12-2023,Hyderabad,137.7
01-01-2024,Hyderabad,154.65
02-01-2024,Hyderabad,145.8
03-01-2024,Hyderabad,117.61
04-01-2024,Hyderabad,109.46
05-01-2024,Hyderabad,151.33
06-01-2024,Hyderabad,176.07
07-01-2024,Hyderabad,147.47
08-01-2024,Hyderabad,163.7
09-01-2024,Hyderabad,168.15
10-01-2024,Hyderabad,151.8
11-01-2024,Hyderabad,128.06
12-01-2024,Hyderabad,150.32
13-01-2024,Hyderabad,172.61
14-01-2024,Hyderabad,157.73
15-01-2024,Hyderabad,162.55
16-01-2024,Hyderabad,135.92
17-01-2024,Hyderabad,141.64
18-01-2024,Hyderabad,143.47
19-01-2024,Hyderabad,144.93
20-01-2024,Hyderabad,171.72
21-01-2024,Hyderabad,94.35
22-01-2024,Hyderabad,146.61
23-01-2024,Hyderabad,144.14
24-01-2024,Hyderabad,115.65
25-01-2024,Hyderabad,160.53
26-01-2024,Hyderabad,129.73
27-01-2024,Hyderabad,137.72
28-01-2024,Hyderabad,186.15
29-01-2024,Hyderabad,167.58
30-01-2024,Hyderabad,157.89
31-01-2024,Hyderabad,153.5
01-02-2024,Hyderabad,141.36
02-02-2024,Hyderabad,188.83
03-02-2024,Hyderabad,162.34
04-02-2024,Hyderabad,128.04
05-02-2024,Hyderabad,113.56
06-02-2024,Hyderabad,156.66
07-02-2024,Hyderabad,142.77
08-02-2024,Hyderabad,112.37
09-02-2024,Hyderabad,153.04
10-02-2024,Hyderabad,137.48
11-02-2024,Hyderabad,154.86
12-02-2024,Hyderabad,152.67
13-02-2024,Hyderabad,129.34
14-02-2024,Hyderabad,156.41
15-02-2024,Hyderabad,131.28
16-02-2024,Hyderabad,132.45
17-02-2024,Hyderabad,130.0
18-02-2024,Hyderabad,166.32
19-02-2024,Hyderabad,134.99
20-02-2024,Hyderabad,171.07
21-02-2024,Hyderabad,179.82
22-02-2024,Hyderabad,124.03
23-02-2024,Hyderabad,75.72
24-02-2024,Hyderabad,162.64
25-02-2024,Hyderabad,131.82
26-02-2024,Hyderabad,119.96
27-02-2024,Hyderabad,125.73
28-02-2024,Hyderabad,129.21
29-02-2024,Hyderabad,166.53
01-03-2024,Hyderabad,141.16
02-03-2024,Hyderabad,165.52
03-03-2024,Hyderabad,147.78
04-03-2024,Hyderabad,129.74
05-03-2024,Hyderabad,127.57
06-03-2024,Hyderabad,148.13
07-03-2024,Hyderabad,153.44
08-03-2024,Hyderabad,156.92
09-03-2024,Hyderabad,128.84
10-03-2024,Hyderabad,138.04
11-03-2024,Hyderabad,146.62
12-03-2024,Hyderabad,124.91
13-03-2024,Hyderabad,107.97
14-03-2024,Hyderabad,114.77
15-03-2024,Hyderabad,126.78
16-03-2024,Hyderabad,146.21
17-03-2024,Hyderabad,158.9
18-03-2024,Hyderabad,100.93
19-03-2024,Hyderabad,117.17
20-03-2024,Hyderabad,121.99
21-03-2024,Hyderabad,146.89
22-03-2024,Hyderabad,117.33
23-03-2024,Hyderabad,119.03
24-03-2024,Hyderabad,96.95
25-03-2024,Hyderabad,138.18
26-03-2024,Hyderabad,123.52
27-03-2024,Hyderabad,112.21
28-03-2024,Hyderabad,120.41
29-03-2024,Hyderabad,150.43
30-03-2024,Hyderabad,103.04
31-03-2024,Hyderabad,106.14
01-04-2024,Hyderabad,151.72
02-04-2024,Hyderabad,125.35
03-04-2024,Hyderabad,137.92
04-04-2024,Hyderabad,131.53
05-04-2024,Hyderabad,121.42
06-04-2024,Hyderabad,114.03
07-04-2024,Hyderabad,139.49
08-04-2024,Hyderabad,146.27
09-04-2024,Hyderabad,144.04
10-04-2024,Hyderabad,93.61
11-04-2024,Hyderabad,147.89
12-04-2024,Hyderabad,110.8
13-04-2024,Hyderabad,101.56
14-04-2024,Hyderabad,113.94
15-04-2024,Hyderabad,135.45
16-04-2024,Hyderabad,128.55
17-04-2024,Hyderabad,110.53
18-04-2024,Hyderabad,134.07
19-04-2024,Hyderabad,118.22
20-04-2024,Hyderabad,102.03
21-04-2024,Hyderabad,98.55
22-04-2024,Hyderabad,122.65
23-04-2024,Hyderabad,111.31
24-04-2024,Hyderabad,82.36
25-04-2024,Hyderabad,130.76
26-04-2024,Hyderabad,101.06
27-04-2024,Hyderabad,146.16
28-04-2024,Hyderabad,79.77
29-04-2024,Hyderabad,106.17
30-04-2024,Hyderabad,94.25
01-05-2024,Hyderabad,87.7
02-05-2024,Hyderabad,97.97
03-05-2024,Hyderabad,147.14
04-05-2024,Hyderabad,110.87
05-05-2024,Hyderabad,89.82
06-05-2024,Hyderabad,66.53
07-05-2024,Hyderabad,68.42
08-05-2024,Hyderabad,94.01
09-05-2024,Hyderabad,91.41
10-05-2024,Hyderabad,99.96
11-05-2024,Hyderabad,54.44
12-05-2024,Hyderabad,101.96
13-05-2024,Hyderabad,126.14
14-05-2024,Hyderabad,138.78
15-05-2024,Hyderabad,60.96
16-05-2024,Hyderabad,84.57
17-05-2024,Hyderabad,82.97
18-05-2024,Hyderabad,104.54
19-05-2024,Hyderabad,74.08
20-05-2024,Hyderabad,137.5
21-05-2024,Hyderabad,101.04
22-05-2024,Hyderabad,96.96
23-05-2024,Hyderabad,134.3
24-05-2024,Hyderabad,98.51
25-05-2024,Hyderabad,107.28
26-05-2024,Hyderabad,81.57
27-05-2024,Hyderabad,67.55
28-05-2024,Hyderabad,83.9
29-05-2024,Hyderabad,145.07
30-05-2024,Hyderabad,110.52
31-05-2024,Hyderabad,102.28
01-06-2024,Hyderabad,74.4
02-06-2024,Hyderabad,115.59
03-06-2024,Hyderabad,65.33
04-06-2024,Hyderabad,60.39
05-06-2024,Hyderabad,82.25
06-06-2024,Hyderabad,137.22
07-06-2024,Hyderabad,135.67
08-06-2024,Hyderabad,83.68
09-06-2024,Hyderabad,78.48
10-06-2024,Hyderabad,56.93
11-06-2024,Hyderabad,94.45
12-06-2024,Hyderabad,96.02
13-06-2024,Hyderabad,109.56
14-06-2024,Hyderabad,111.97
15-06-2024,Hyderabad,87.33
16-06-2024,Hyderabad,103.66
17-06-2024,Hyderabad,75.78
18-06-2024,Hyderabad,102.78
19-06-2024,Hyderabad,79.58
20-06-2024,Hyderabad,100.64
21-06-2024,Hyderabad,98.65
22-06-2024,Hyderabad,91.64
23-06-2024,Hyderabad,107.41
24-06-2024,Hyderabad,55.2
25-06-2024,Hyderabad,66.15
26-06-2024,Hyderabad,83.47
27-06-2024,Hyderabad,57.5
28-06-2024,Hyderabad,80.16
29-06-2024,Hyderabad,80.73
30-06-2024,Hyderabad,117.65
01-07-2024,Hyderabad,91.85
02-07-2024,Hyderabad,111.25
03-07-2024,Hyderabad,95.13
04-07-2024,Hyderabad,76.61
05-07-2024,Hyderabad,91.25
06-07-2024,Hyderabad,104.28
07-07-2024,Hyderabad,114.41
08-07-2024,Hyderabad,85.19
09-07-2024,Hyderabad,51.8
10-07-2024,Hyderabad,50.21
11-07-2024,Hyderabad,80.78
12-07-2024,Hyderabad,36.5
13-07-2024,Hyderabad,127.41
14-07-2024,Hyderabad,101.04
15-07-2024,Hyderabad,73.93
16-07-2024,Hyderabad,63.51
17-07-2024,Hyderabad,110.56
18-07-2024,Hyderabad,63.47
19-07-2024,Hyderabad,65.6
20-07-2024,Hyderabad,71.19
21-07-2024,Hyderabad,90.61
22-07-2024,Hyderabad,101.82
23-07-2024,Hyderabad,114.47
24-07-2024,Hyderabad,111.3
25-07-2024,Hyderabad,88.42
26-07-2024,Hyderabad,110.95
27-07-2024,Hyderabad,73.84
28-07-2024,Hyderabad,48.66
29-07-2024,Hyderabad,74.08
30-07-2024,Hyderabad,71.23
31-07-2024,Hyderabad,75.21
01-08-2024,Hyderabad,68.16
02-08-2024,Hyderabad,79.28
03-08-2024,Hyderabad,103.23
04-08-2024,Hyderabad,127.5
05-08-2024,Hyderabad,51.99
06-08-2024,Hyderabad,61.81
07-08-2024,Hyderabad,72.92
08-08-2024,Hyderabad,107.39
09-08-2024,Hyderabad,86.25
10-08-2024,Hyderabad,75.05
11-08-2024,Hyderabad,106.98
12-08-2024,Hyderabad,112.5
13-08-2024,Hyderabad,91.29
14-08-2024,Hyderabad,74.0
15-08-2024,Hyderabad,98.17
16-08-2024,Hyderabad,87.36
17-08-2024,Hyderabad,87.47
18-08-2024,Hyderabad,81.79
19-08-2024,Hyderabad,113.7
20-08-2024,Hyderabad,99.15
21-08-2024,Hyderabad,116.75
22-08-2024,Hyderabad,123.68
23-08-2024,Hyderabad,104.7
24-08-2024,Hyderabad,83.79
25-08-2024,Hyderabad,118.16
26-08-2024,Hyderabad,105.86
27-08-2024,Hyderabad,153.24
28-08-2024,Hyderabad,103.14
29-08-2024,Hyderabad,112.03
30-08-2024,Hyderabad,103.44
31-08-2024,Hyderabad,95.25
01-09-2024,Hyderabad,92.12
02-09-2024,Hyderabad,104.68
03-09-2024,Hyderabad,110.06
04-09-2024,Hyderabad,124.39
05-09-2024,Hyderabad,106.2
06-09-2024,Hyderabad,89.63
07-09-2024,Hyderabad,93.04
08-09-2024,Hyderabad,71.55
09-09-2024,Hyderabad,137.63
10-09-2024,Hyderabad,89.61
11-09-2024,Hyderabad,123.24
12-09-2024,Hyderabad,108.48
13-09-2024,Hyderabad,109.53
14-09-2024,Hyderabad,100.71
15-09-2024,Hyderabad,86.42
16-09-2024,Hyderabad,82.91
17-09-2024,Hyderabad,142.71
18-09-2024,Hyderabad,107.66
19-09-2024,Hyderabad,130.38
20-09-2024,Hyderabad,136.57
21-09-2024,Hyderabad,97.54
22-09-2024,Hyderabad,116.38
23-09-2024,Hyderabad,108.55
24-09-2024,Hyderabad,82.59
25-09-2024,Hyderabad,104.46
26-09-2024,Hyderabad,121.96
27-09-2024,Hyderabad,98.56
28-09-2024,Hyderabad,102.9
29-09-2024,Hyderabad,106.73
30-09-2024,Hyderabad,157.51
01-10-2024,Hyderabad,71.22
02-10-2024,Hyderabad,123.11
03-10-2024,Hyderabad,107.02
04-10-2024,Hyderabad,99.01
05-10-2024,Hyderabad,107.51
06-10-2024,Hyderabad,128.83
07-10-2024,Hyderabad,130.61
08-10-2024,Hyderabad,119.28
09-10-2024,Hyderabad,139.75
10-10-2024,Hyderabad,144.15
11-10-2024,Hyderabad,134.72
12-10-2024,Hyderabad,105.27
13-10-2024,Hyderabad,128.69
14-10-2024,Hyderabad,129.32
15-10-2024,Hyderabad,100.92
16-10-2024,Hyderabad,84.86
17-10-2024,Hyderabad,75.41
18-10-2024,Hyderabad,121.98
19-10-2024,Hyderabad,127.52
20-10-2024,Hyderabad,95.49
21-10-2024,Hyderabad,145.03
22-10-2024,Hyderabad,125.88
23-10-2024,Hyderabad,152.75
24-10-2024,Hyderabad,131.73
25-10-2024,Hyderabad,100.64
26-10-2024,Hyderabad,134.7
27-10-2024,Hyderabad,139.87
28-10-2024,Hyderabad,113.6
29-10-2024,Hyderabad,94.43
30-10-2024,Hyderabad,128.87
31-10-2024,Hyderabad,105.16
01-11-2024,Hyderabad,152.34
02-11-2024,Hyderabad,119.22
03-11-2024,Hyderabad,166.62
04-11-2024,Hyderabad,82.45
05-11-2024,Hyderabad,132.64
06-11-2024,Hyderabad,161.61
07-11-2024,Hyderabad,111.07
08-11-2024,Hyderabad,127.63
09-11-2024,Hyderabad,122.75
10-11-2024,Hyderabad,117.05
11-11-2024,Hyderabad,137.95
12-11-2024,Hyderabad,104.54
13-11-2024,Hyderabad,131.06
14-11-2024,Hyderabad,145.31
15-11-2024,Hyderabad,129.69
16-11-2024,Hyderabad,112.87
17-11-2024,Hyderabad,157.98
18-11-2024,Hyderabad,151.83
19-11-2024,Hyderabad,113.29
20-11-2024,Hyderabad,108.16
21-11-2024,Hyderabad,116.11
22-11-2024,Hyderabad,149.48
23-11-2024,Hyderabad,143.96
24-11-2024,Hyderabad,155.69
25-11-2024,Hyderabad,131.54
26-11-2024,Hyderabad,118.77
27-11-2024,Hyderabad,159.72
28-11-2024,Hyderabad,127.72
29-11-2024,Hyderabad,144.38
30-11-2024,Hyderabad,106.55
01-12-2024,Hyderabad,128.48
02-12-2024,Hyderabad,163.59
03-12-2024,Hyderabad,125.98
04-12-2024,Hyderabad,160.01
05-12-2024,Hyderabad,91.15
06-12-2024,Hyderabad,130.46
07-12-2024,Hyderabad,139.33
08-12-2024,Hyderabad,181.75
09-12-2024,Hyderabad,118.01
10-12-2024,Hyderabad,158.8
11-12-2024,Hyderabad,167.59
12-12-2024,Hyderabad,128.76
13-12-2024,Hyderabad,136.7
14-12-2024,Hyderabad,148.31
15-12-2024,Hyderabad,112.88
16-12-2024,Hyderabad,135.72
17-12-2024,Hyderabad,174.06
18-12-2024,Hyderabad,157.73
19-12-2024,Hyderabad,143.02
20-12-2024,Hyderabad,149.19
21-12-2024,Hyderabad,159.71
22-12-2024,Hyderabad,164.14
23-12-2024,Hyderabad,135.11
24-12-2024,Hyderabad,181.31
25-12-2024,Hyderabad,176.7
26-12-2024,Hyderabad,162.82
27-12-2024,Hyderabad,129.55
28-12-2024,Hyderabad,125.81
29-12-2024,Hyderabad,141.23
30-12-2024,Hyderabad,149.9
31-12-2024,Hyderabad,109.8
01-01-2025,Hyderabad,159.63
02-01-2025,Hyderabad,177.2
03-01-2025,Hyderabad,161.68
04-01-2025,Hyderabad,134.23
05-01-2025,Hyderabad,131.73
06-01-2025,Hyderabad,155.9
07-01-2025,Hyderabad,146.01
08-01-2025,Hyderabad,159.21
09-01-2025,Hyderabad,162.77
10-01-2025,Hyderabad,173.61
11-01-2025,Hyderabad,124.73
12-01-2025,Hyderabad,154.56
13-01-2025,Hyderabad,141.72
14-01-2025,Hyderabad,147.57
15-01-2025,Hyderabad,168.77
16-01-2025,Hyderabad,171.16
17-01-2025,Hyderabad,180.52
18-01-2025,Hyderabad,159.1
19-01-2025,Hyderabad,147.3
20-01-2025,Hyderabad,144.13
21-01-2025,Hyderabad,111.49
22-01-2025,Hyderabad,179.08
23-01-2025,Hyderabad,142.46
24-01-2025,Hyderabad,160.61
25-01-2025,Hyderabad,164.35
26-01-2025,Hyderabad,121.93
27-01-2025,Hyderabad,128.92
28-01-2025,Hyderabad,183.17
29-01-2025,Hyderabad,155.41
30-01-2025,Hyderabad,136.13
31-01-2025,Hyderabad,146.0
01-02-2025,Hyderabad,172.54
02-02-2025,Hyderabad,169.06
03-02-2025,Hyderabad,116.1
04-02-2025,Hyderabad,184.15
05-02-2025,Hyderabad,169.28
06-02-2025,Hyderabad,144.49
07-02-2025,Hyderabad,121.44
08-02-2025,Hyderabad,170.66
09-02-2025,Hyderabad,157.75
10-02-2025,Hyderabad,114.99
11-02-2025,Hyderabad,141.74
12-02-2025,Hyderabad,215.39
13-02-2025,Hyderabad,146.75
14-02-2025,Hyderabad,129.82
15-02-2025,Hyderabad,123.71
16-02-2025,Hyderabad,184.62
17-02-2025,Hyderabad,164.03
18-02-2025,Hyderabad,176.07
19-02-2025,Hyderabad,150.28
20-02-2025,Hyderabad,172.13
21-02-2025,Hyderabad,125.58
22-02-2025,Hyderabad,147.52
23-02-2025,Hyderabad,149.95
24-02-2025,Hyderabad,173.74
25-02-2025,Hyderabad,150.02
26-02-2025,Hyderabad,128.91
27-02-2025,Hyderabad,143.75
28-02-2025,Hyderabad,105.12
01-03-2025,Hyderabad,90.59
02-03-2025,Hyderabad,159.59
03-03-2025,Hyderabad,132.69
04-03-2025,Hyderabad,134.82
05-03-2025,Hyderabad,158.48
06-03-2025,Hyderabad,170.55
07-03-2025,Hyderabad,151.2
08-03-2025,Hyderabad,181.46
09-03-2025,Hyderabad,149.71
10-03-2025,Hyderabad,144.9
11-03-2025,Hyderabad,143.13
12-03-2025,Hyderabad,109.15
13-03-2025,Hyderabad,158.05
14-03-2025,Hyderabad,82.8
15-03-2025,Hyderabad,123.27
16-03-2025,Hyderabad,136.24
17-03-2025,Hyderabad,117.93
18-03-2025,Hyderabad,124.93
19-03-2025,Hyderabad,174.89
20-03-2025,Hyderabad,158.26
21-03-2025,Hyderabad,118.43
22-03-2025,Hyderabad,122.73
23-03-2025,Hyderabad,104.51
24-03-2025,Hyderabad,147.65
25-03-2025,Hyderabad,126.18
26-03-2025,Hyderabad,87.94
27-03-2025,Hyderabad,132.95
28-03-2025,Hyderabad,139.91
29-03-2025,Hyderabad,150.96
30-03-2025,Hyderabad,127.68
31-03-2025,Hyderabad,120.61
01-04-2025,Hyderabad,172.02
02-04-2025,Hyderabad,127.98
03-04-2025,Hyderabad,143.17
04-04-2025,Hyderabad,114.98
05-04-2025,Hyderabad,141.53
06-04-2025,Hyderabad,93.83
07-04-2025,Hyderabad,115.19
08-04-2025,Hyderabad,98.27
09-04-2025,Hyderabad,111.04
10-04-2025,Hyderabad,151.36
11-04-2025,Hyderabad,109.88
12-04-2025,Hyderabad,138.65
13-04-2025,Hyderabad,155.72
14-04-2025,Hyderabad,121.23
15-04-2025,Hyderabad,143.19
16-04-2025,Hyderabad,132.51
17-04-2025,Hyderabad,122.88
18-04-2025,Hyderabad,136.32
19-04-2025,Hyderabad,159.78
20-04-2025,Hyderabad,104.78
21-04-2025,Hyderabad,97.19
22-04-2025,Hyderabad,95.4
23-04-2025,Hyderabad,139.16
24-04-2025,Hyderabad,141.63
25-04-2025,Hyderabad,104.47
26-04-2025,Hyderabad,68.79
27-04-2025,Hyderabad,100.44
28-04-2025,Hyderabad,126.84
29-04-2025,Hyderabad,112.83
30-04-2025,Hyderabad,117.77
01-05-2025,Hyderabad,101.8
02-05-2025,Hyderabad,135.13
03-05-2025,Hyderabad,119.89
04-05-2025,Hyderabad,124.75
05-05-2025,Hyderabad,114.87
06-05-2025,Hyderabad,122.43
07-05-2025,Hyderabad,120.51
08-05-2025,Hyderabad,89.53
09-05-2025,Hyderabad,117.68
10-05-2025,Hyderabad,126.42
11-05-2025,Hyderabad,133.96
12-05-2025,Hyderabad,117.24
13-05-2025,Hyderabad,86.4
14-05-2025,Hyderabad,89.34
15-05-2025,Hyderabad,97.17
16-05-2025,Hyderabad,110.46
17-05-2025,Hyderabad,103.17
18-05-2025,Hyderabad,80.7
19-05-2025,Hyderabad,80.14
20-05-2025,Hyderabad,58.4
21-05-2025,Hyderabad,35.52
22-05-2025,Hyderabad,100.84
23-05-2025,Hyderabad,154.37
24-05-2025,Hyderabad,142.45
25-05-2025,Hyderabad,81.0
26-05-2025,Hyderabad,105.43
27-05-2025,Hyderabad,69.52
28-05-2025,Hyderabad,72.5
29-05-2025,Hyderabad,74.64
30-05-2025,Hyderabad,95.66
31-05-2025,Hyderabad,96.24
01-06-2025,Hyderabad,105.45
02-06-2025,Hyderabad,114.13
03-06-2025,Hyderabad,91.79
04-06-2025,Hyderabad,99.66
05-06-2025,Hyderabad,74.46
06-06-2025,Hyderabad,68.62
07-06-2025,Hyderabad,64.91
08-06-2025,Hyderabad,111.86
09-06-2025,Hyderabad,89.83
10-06-2025,Hyderabad,55.81
11-06-2025,Hyderabad,95.29
12-06-2025,Hyderabad,68.92
13-06-2025,Hyderabad,132.65
14-06-2025,Hyderabad,83.12
15-06-2025,Hyderabad,110.58
16-06-2025,Hyderabad,119.29
17-06-2025,Hyderabad,74.08
18-06-2025,Hyderabad,96.53
19-06-2025,Hyderabad,106.8
20-06-2025,Hyderabad,96.94
21-06-2025,Hyderabad,102.13
22-06-2025,Hyderabad,64.73
23-06-2025,Hyderabad,105.97
24-06-2025,Hyderabad,82.9
25-06-2025,Hyderabad,101.1
26-06-2025,Hyderabad,113.48
27-06-2025,Hyderabad,107.79
28-06-2025,Hyderabad,100.59
29-06-2025,Hyderabad,106.9
30-06-2025,Hyderabad,107.77
01-07-2025,Hyderabad,125.4
02-07-2025,Hyderabad,91.63
03-07-2025,Hyderabad,95.87
04-07-2025,Hyderabad,112.66
05-07-2025,Hyderabad,81.27
06-07-2025,Hyderabad,62.59
07-07-2025,Hyderabad,102.74
08-07-2025,Hyderabad,87.29
09-07-2025,Hyderabad,65.19
10-07-2025,Hyderabad,102.72
11-07-2025,Hyderabad,123.15
12-07-2025,Hyderabad,55.77
13-07-2025,Hyderabad,114.09
14-07-2025,Hyderabad,35.77
15-07-2025,Hyderabad,82.77
16-07-2025,Hyderabad,132.06
17-07-2025,Hyderabad,84.36
18-07-2025,Hyderabad,93.58
19-07-2025,Hyderabad,108.41
20-07-2025,Hyderabad,53.9
21-07-2025,Hyderabad,93.29
22-07-2025,Hyderabad,93.17
23-07-2025,Hyderabad,132.79
24-07-2025,Hyderabad,64.7
25-07-2025,Hyderabad,83.58
26-07-2025,Hyderabad,71.64
27-07-2025,Hyderabad,69.4
28-07-2025,Hyderabad,117.07
29-07-2025,Hyderabad,92.96
30-07-2025,Hyderabad,80.28
31-07-2025,Hyderabad,81.24
01-08-2025,Hyderabad,80.38
02-08-2025,Hyderabad,82.5
03-08-2025,Hyderabad,65.26
04-08-2025,Hyderabad,87.55
05-08-2025,Hyderabad,85.52
06-08-2025,Hyderabad,76.93
07-08-2025,Hyderabad,97.21
08-08-2025,Hyderabad,99.27
09-08-2025,Hyderabad,81.96
10-08-2025,Hyderabad,91.25
11-08-2025,Hyderabad,142.13
12-08-2025,Hyderabad,141.52
13-08-2025,Hyderabad,71.93
14-08-2025,Hyderabad,75.25
15-08-2025,Hyderabad,72.31
16-08-2025,Hyderabad,119.14
17-08-2025,Hyderabad,87.39
18-08-2025,Hyderabad,101.71
19-08-2025,Hyderabad,140.65
20-08-2025,Hyderabad,96.78
21-08-2025,Hyderabad,112.85
22-08-2025,Hyderabad,109.07
23-08-2025,Hyderabad,85.0
24-08-2025,Hyderabad,121.56
25-08-2025,Hyderabad,79.9
26-08-2025,Hyderabad,128.41
27-08-2025,Hyderabad,86.35
28-08-2025,Hyderabad,89.11
29-08-2025,Hyderabad,76.03
30-08-2025,Hyderabad,80.01
31-08-2025,Hyderabad,91.33
01-09-2025,Hyderabad,47.6
02-09-2025,Hyderabad,96.34
03-09-2025,Hyderabad,90.69
04-09-2025,Hyderabad,119.64
05-09-2025,Hyderabad,111.96
06-09-2025,Hyderabad,87.49
07-09-2025,Hyderabad,93.39
08-09-2025,Hyderabad,98.73
09-09-2025,Hyderabad,137.01
10-09-2025,Hyderabad,86.65
11-09-2025,Hyderabad,89.34
12-09-2025,Hyderabad,80.79
13-09-2025,Hyderabad,73.45
14-09-2025,Hyderabad,113.26
15-09-2025,Hyderabad,111.42
16-09-2025,Hyderabad,135.63
17-09-2025,Hyderabad,130.79
18-09-2025,Hyderabad,161.08
19-09-2025,Hyderabad,107.19
20-09-2025,Hyderabad,103.55
21-09-2025,Hyderabad,81.16
22-09-2025,Hyderabad,125.57
23-09-2025,Hyderabad,113.34
24-09-2025,Hyderabad,125.54
25-09-2025,Hyderabad,86.65
26-09-2025,Hyderabad,119.94
27-09-2025,Hyderabad,117.21
28-09-2025,Hyderabad,116.26
29-09-2025,Hyderabad,98.67
30-09-2025,Hyderabad,140.37
01-10-2025,Hyderabad,159.82
02-10-2025,Hyderabad,90.8
03-10-2025,Hyderabad,131.59
04-10-2025,Hyderabad,52.94
05-10-2025,Hyderabad,131.48
06-10-2025,Hyderabad,76.14
07-10-2025,Hyderabad,106.26
08-10-2025,Hyderabad,89.44
09-10-2025,Hyderabad,114.1
10-10-2025,Hyderabad,137.82
11-10-2025,Hyderabad,79.03
12-10-2025,Hyderabad,112.51
13-10-2025,Hyderabad,109.65
14-10-2025,Hyderabad,156.25
15-10-2025,Hyderabad,131.49
16-10-2025,Hyderabad,96.62
17-10-2025,Hyderabad,112.68
18-10-2025,Hyderabad,157.81
19-10-2025,Hyderabad,139.82
20-10-2025,Hyderabad,104.42
21-10-2025,Hyderabad,119.27
22-10-2025,Hyderabad,120.5
23-10-2025,Hyderabad,114.36
24-10-2025,Hyderabad,89.09
25-10-2025,Hyderabad,112.33
26-10-2025,Hyderabad,158.32
27-10-2025,Hyderabad,119.89
28-10-2025,Hyderabad,126.52
29-10-2025,Hyderabad,132.4
30-10-2025,Hyderabad,178.62
31-10-2025,Hyderabad,130.52
01-11-2025,Hyderabad,154.9
02-11-2025,Hyderabad,118.18
03-11-2025,Hyderabad,126.14
04-11-2025,Hyderabad,132.62
05-11-2025,Hyderabad,115.81
06-11-2025,Hyderabad,128.85
07-11-2025,Hyderabad,153.36
08-11-2025,Hyderabad,116.7
09-11-2025,Hyderabad,134.8
10-11-2025,Hyderabad,150.87
11-11-2025,Hyderabad,117.62
12-11-2025,Hyderabad,160.33
13-11-2025,Hyderabad,138.3
14-11-2025,Hyderabad,133.53
15-11-2025,Hyderabad,93.44
16-11-2025,Hyderabad,129.86
17-11-2025,Hyderabad,146.71
18-11-2025,Hyderabad,177.38
19-11-2025,Hyderabad,151.91
20-11-2025,Hyderabad,164.63
21-11-2025,Hyderabad,113.69
22-11-2025,Hyderabad,137.93
23-11-2025,Hyderabad,168.0
24-11-2025,Hyderabad,122.03
25-11-2025,Hyderabad,163.2
26-11-2025,Hyderabad,158.51
27-11-2025,Hyderabad,148.82
28-11-2025,Hyderabad,135.93
29-11-2025,Hyderabad,121.86
30-11-2025,Hyderabad,182.99
01-12-2025,Hyderabad,158.21
02-12-2025,Hyderabad,152.17
03-12-2025,Hyderabad,135.96
04-12-2025,Hyderabad,146.23
05-12-2025,Hyderabad,149.37
06-12-2025,Hyderabad,154.89
07-12-2025,Hyderabad,162.58
08-12-2025,Hyderabad,129.54
09-12-2025,Hyderabad,114.81
10-12-2025,Hyderabad,149.25
11-12-2025,Hyderabad,109.26
12-12-2025,Hyderabad,140.88
13-12-2025,Hyderabad,137.09
14-12-2025,Hyderabad,159.4
15-12-2025,Hyderabad,192.48
16-12-2025,Hyderabad,106.35
17-12-2025,Hyderabad,199.42
18-12-2025,Hyderabad,144.52
19-12-2025,Hyderabad,157.55
20-12-2025,Hyderabad,119.01
21-12-2025,Hyderabad,172.3
22-12-2025,Hyderabad,151.5
23-12-2025,Hyderabad,149.45
24-12-2025,Hyderabad,108.39
25-12-2025,Hyderabad,152.83
26-12-2025,Hyderabad,170.01
27-12-2025,Hyderabad,146.38
28-12-2025,Hyderabad,177.59
29-12-2025,Hyderabad,176.84
30-12-2025,Hyderabad,137.97
31-12-2025,Hyderabad,187.32
